local_timestamp,part_number,edge,distance_1_2_mm,distance_2_3_mm,distance_3_4_mm,distance_4_5_mm,distance_5_6_mm,distance_6_7_mm,distance_7_8_mm,plc_time_lb1_ms,plc_time_lb2_ms,plc_time_lb3_ms,plc_time_lb4_ms,plc_time_lb5_ms,plc_time_lb6_ms,plc_time_lb7_ms,plc_time_lb8_ms,speed_1_2_mm_per_sec,speed_2_3_mm_per_sec,speed_3_4_mm_per_sec,speed_4_5_mm_per_sec,speed_5_6_mm_per_sec,speed_6_7_mm_per_sec,speed_7_8_mm_per_sec,acceleration_after_lb2_mm_per_sec2,acceleration_after_lb3_mm_per_sec2,acceleration_after_lb4_mm_per_sec2,acceleration_after_lb5_mm_per_sec2,acceleration_after_lb6_mm_per_sec2,acceleration_after_lb7_mm_per_sec2,maximum_speed_change_percent,consistent,diagnosis
2026-08-18T15:28:29.917,1,ON,40.0,196.0,40.0,196.0,40.0,196.0,40.0,7406676,7406735,7406981,7407044,7407318,7407396,7407790,7407889,677.9661016949152,796.7479674796748,634.9206349206349,715.3284671532847,512.8205128205128,497.46192893401013,404.04040404040404,742.242748455902,-981.7080976058082,460.04492911799014,-1053.855667586331,-65.74791368960858,-356.86323153225925,28.3097854526426,True,
2026-08-18T15:29:51.463,2,ON,40.0,196.0,40.0,196.0,40.0,196.0,40.0,7488796,7488842,7489022,7489065,7489234,7489276,7489454,7489494,869.5652173913044,1088.888888888889,930.2325581395348,1159.7633136094676,952.3809523809524,1101.123595505618,1000.0,1820.065021393613,-1357.4000005205764,2032.7047939474114,-1856.0231573574672,1294.2529411913968,-900.3100533017778,20.141969831410826,True,
2026-08-18T15:30:06.590,3,ON,40.0,196.0,40.0,196.0,40.0,196.0,40.0,7503255,7503384,7503792,7503876,7504189,7504263,7504580,7504650,310.07751937984494,480.3921568627451,476.1904761904762,626.1980830670926,540.5405405405405,618.2965299684543,571.4285714285714,570.4599845359413,-17.030740511558395,700.7062272135125,-423.4744206315328,381.8073008608981,-236.27113019548167,35.453251067869004,True,
2026-08-18T15:33:41.731,1,ON,40.0,196.0,40.0,196.0,40.0,196.0,40.0,7718386,7718523,7718943,7719030,7719353,7719433,7719739,7719820,291.97080291970804,466.6666666666667,459.7701149425287,606.8111455108359,500.0,640.5228758169935,493.82716049382714,561.5713051703339,-27.072962641998778,664.5390157707914,-500.93121320412223,679.1082815460667,-705.1029237435407,37.43482794577685,True,
2026-08-18T15:33:44.170,2,ON,40.0,196.0,40.0,196.0,40.0,196.0,40.0,7720731,7720867,7721311,7721410,7721778,7721867,7722180,7722258,294.11764705882354,441.44144144144144,404.04040404040404,532.6086956521739,449.438202247191,626.1980830670926,512.8205128205128,459.17523690880876,-133.9910937490026,510.2685363863434,-346.0903603606908,805.6328033801461,-547.1998341839309,33.37334933973589,True,
2026-08-18T15:34:14.041,3,ON,40.0,196.0,40.0,196.0,40.0,196.0,40.0,7750635,7750773,7751260,7751362,7751732,7751809,7752067,7752129,289.8550724637681,402.4640657084189,392.15686274509807,529.7297297297297,519.4805194805194,759.6899224806201,645.1612903225806,330.3447506507383,-34.70474232403735,537.4007693281981,-45.56600186348349,1301.9863059273741,-681.7613889318368,31.61940100715611,True,
2026-08-18T15:34:20.169,4,ON,40.0,196.0,40.0,196.0,40.0,196.0,40.0,7752962,7753092,7753479,7753557,7753847,7753919,7754188,7758254,307.6923076923077,506.45994832041345,512.8205128205128,675.8620689655172,555.5555555555555,728.6245353159851,9.837678307919331,685.7081484732971,27.4711826982114,821.2061775290499,-627.7439023631678,941.7446532025136,-2249.1395489404454,98.64982884447434,False,LB 6-7 -> LB 7-8: speed change 98.6%
2026-08-18T15:34:31.230,5,ON,40.0,196.0,40.0,196.0,40.0,196.0,40.0,7768079,7768205,7768571,7768647,7768927,7768995,7769247,7769311,317.46031746031747,535.5191256830601,526.3157894736842,700.0,588.2352941176471,777.7777777777778,625.0,788.1342407217949,-41.408575097634404,902.5071599605618,-610.081520145446,1097.1080947426422,-908.1070830717725,40.71914480077745,True,
2026-08-18T15:34:34.294,6,ON,40.0,196.0,40.0,196.0,40.0,196.0,40.0,7771083,7771206,7771596,7771679,7771976,7772044,7772286,7772345,325.2032520325203,502.56410256410254,481.9277108433735,659.9326599326599,588.2352941176471,809.9173553719008,677.9661016949152,622.0911951420969,-86.08626570901501,861.2576151146675,-379.1964169496654,1313.3278020633015,-831.8986757848044,35.29118964659034,True,
2026-08-18T15:34:37.791,7,ON,40.0,196.0,40.0,196.0,40.0,196.0,40.0,7774669,7774807,7775194,7775271,7775539,7775599,7775813,7775866,289.8550724637681,506.45994832041345,519.4805194805194,731.3432835820895,666.6666666666666,915.8878504672897,754.7169811320755,730.8716788972016,56.603096894213856,1122.8940183088232,-383.1294660855433,1671.2123313099491,-1140.9018348494862,42.76841171251109,True,
2026-08-18T15:34:44.290,8,ON,40.0,196.0,40.0,196.0,40.0,196.0,40.0,7781072,7781209,7781628,7781712,7782010,7782077,7782331,7782397,291.97080291970804,467.78042959427205,476.1904761904762,657.7181208053692,597.0149253731344,771.6535433070866,606.060606060606,565.9812735331471,33.63914958945248,872.1854102594647,-322.73858185363116,1012.8066516105617,-966.6937825416638,37.58379264114404,True,
2026-08-18T15:34:46.792,9,ON,40.0,196.0,40.0,196.0,40.0,196.0,40.0,7783665,7783789,7784156,7784231,7784500,7784564,7784797,7784855,322.5806451612903,534.0599455040872,533.3333333333334,728.6245353159851,625.0,841.2017167381974,689.6551724137931,767.6345455896368,-3.2863599465426425,1044.2765636440283,-594.3589553577763,1343.2005434037735,-983.0342008736941,39.59842001316656,True,
2026-08-18T15:34:49.668,10,ON,40.0,196.0,40.0,196.0,40.0,196.0,40.0,7786616,7786740,7787101,7787173,7787429,7787488,7787702,7787755,322.5806451612903,542.9362880886426,555.5555555555555,765.625,677.9661016949152,915.8878504672897,754.7169811320755,808.142119876268,58.73797620834079,1176.015531001517,-536.2017185491521,1606.8327101109842,-1140.9018348494862,40.585911784068465,True,
2026-08-18T15:35:58.667,11,ON,40.0,196.0,40.0,196.0,40.0,196.0,40.0,7856021,7856103,7856349,7856399,7856574,7856613,7856756,7856791,487.8048780487805,796.7479674796748,800.0,1120.0,1025.6410256410256,1370.6293706293707,1142.857142857143,1681.583578961048,22.002865750029866,2603.3898305084745,-857.8834174662074,3502.904059974109,-2425.8577231028507,38.775510204081634,True,
2026-08-18T15:36:01.170,12,ON,40.0,196.0,40.0,196.0,40.0,196.0,40.0,7858506,7858593,7858843,7858893,7859067,7859107,7859249,7859284,459.7701149425287,784.0,800.0,1126.4367816091954,1000.0,1380.281690140845,1142.857142857143,1708.7603449395506,107.38983050847457,2664.660266788483,-1139.2365379749237,3835.4980683816434,-2538.3690472816775,41.35585268590195,True,
2026-08-18T15:36:27.795,13,ON,40.0,196.0,40.0,196.0,40.0,196.0,40.0,7884363,7884507,7884967,7885067,7885428,7885514,7885828,7885907,277.77777777777777,426.0869565217391,400.0,542.9362880886426,465.1162790697674,624.203821656051,506.32911392405066,442.32881648643183,-91.31395982185767,571.1009022181082,-332.4011011346092,734.3104148911583,-564.666268486885,34.807256235827666,True,
2026-08-18T15:36:30.918,14,ON,40.0,196.0,40.0,196.0,40.0,196.0,40.0,7887650,7887783,7888186,7888269,7888582,7888660,7888958,7889036,300.7518796992481,486.35235732009926,481.9277108433735,626.1980830670926,512.8205128205128,657.7181208053692,512.8205128205128,619.012382746553,-18.15380081391222,677.4140710091831,-547.1998341839309,718.679017229883,-718.679017229883,38.161730857756645,True,
2026-08-18T15:36:51.230,15,ON,40.0,196.0,40.0,196.0,40.0,196.0,40.0,7907532,7907681,7908156,7908259,7908667,7908775,7909216,7909333,268.4563758389262,412.63157894736844,388.3495145631068,480.3921568627451,370.3703703703704,444.44444444444446,341.88034188034186,416.0847212543541,-82.41302747117645,338.81897844847265,-396.6203946057412,255.74852944595563,-341.7317628530146,34.940419120668395,True,
2026-08-18T15:36:53.482,16,ON,40.0,196.0,40.0,196.0,40.0,196.0,40.0,7909863,7910043,7910611,7910720,7911103,7911190,7911523,7911609,222.22222222222223,345.07042253521126,366.9724770642202,511.7493472584856,459.7701149425287,588.5885885885886,465.1162790697674,295.30034092901064,66.08136616110328,539.0618453255784,-213.97811790347475,572.2371526374604,-551.285481190682,35.600907029478456,True,
2026-08-18T15:37:21.418,17,ON,40.0,196.0,40.0,196.0,40.0,196.0,40.0,7936474,7936688,7937756,7937958,7938660,7938809,7939397,7939562,186.9158878504673,183.52059925093633,198.01980198019803,279.2022792022792,268.4563758389262,333.3333333333333,242.42424242424244,-5.32940161654958,23.440811978195214,164.16131667572301,-24.936809250748627,165.43341263788264,-221.78643133958997,29.076581127500507,True,
2026-08-18T15:37:23.169,18,ON,40.0,196.0,40.0,196.0,40.0,196.0,40.0,7939081,7939269,7939883,7940022,7940542,7940670,7941172,7941309,212.7659574468085,319.21824104234526,287.76978417266184,376.9230769230769,312.5,390.43824701195217,291.97080291970804,239.96157951657509,-80.88490140418841,251.09981878974313,-188.1981182930498,232.1431132617211,-284.72489394994574,33.347807207989575,True,
2026-08-18T15:37:44.732,1,ON,40.0,196.0,40.0,196.0,40.0,196.0,40.0,7961039,7961253,7961871,7961982,7962367,7962456,7962792,7962878,186.9158878504673,317.15210355987057,360.36036036036035,509.09090909090907,449.438202247191,583.3333333333334,465.1162790697674,278.1691002606881,124.0429344347369,547.9405271184722,-242.28328847381894,585.9452548245375,-525.18908780539,41.064276177760824,True,
2026-08-18T15:37:48.669,2,ON,40.0,196.0,40.0,196.0,40.0,196.0,40.0,7964089,7964289,7964993,7965161,7965816,7965983,7966624,7966793,200.0,278.40909090909093,238.0952380952381,299.23664122137404,239.52095808383234,305.7722308892356,236.68639053254438,158.94755042723077,-88.22999786948448,139.20858070263225,-136.32321223750998,153.07782975247042,-158.7974988121012,28.163265306122454,True,
2026-08-18T15:37:54.606,3,ON,40.0,196.0,40.0,196.0,40.0,196.0,40.0,7970466,7970654,7971289,7971423,7971922,7972051,7972586,7972738,212.7659574468085,308.66141732283467,298.5074626865672,392.7855711422846,310.07751937984494,366.3551401869159,263.1578947368421,211.8750758283219,-26.12358162783389,276.1601678728746,-246.3238850542906,161.3051725280367,-275.27123380952514,31.068171949630923,True,
2026-08-18T15:38:19.919,1,ON,40.0,196.0,40.0,196.0,40.0,196.0,40.0,7987965,7990739,7995612,7995776,7996387,7996532,7997564,7998059,14.419610670511895,40.22162938641494,243.90243902439025,320.7855973813421,275.86206896551727,189.92248062015503,80.8080808080808,5.97395889241092,245.21449276079778,183.96186324261907,-113.57423048037582,-169.61581546196035,-125.1720454280841,83.50913195156987,False,LB 1-2 -> LB 2-3: speed change 64.1%; LB 2-3 -> LB 3-4: speed change 83.5%; LB 6-7 -> LB 7-8: speed change 57.5%
2026-08-18T15:38:32.671,2,ON,40.0,196.0,40.0,196.0,40.0,196.0,40.0,7994027,7994546,8008470,8008716,8009688,8009874,8010580,8010799,77.07129094412332,14.07641482332663,162.60162601626016,201.64609053497944,215.05376344086022,277.62039660056655,182.64840182648402,-24.329823870827695,111.19128529175154,60.26210612249743,23.673624330662463,130.61425185838303,-185.22307592748766,91.34300488365412,False,LB 1-2 -> LB 2-3: speed change 81.7%; LB 2-3 -> LB 3-4: speed change 91.3%
2026-08-18T15:38:53.357,3,ON,40.0,196.0,40.0,196.0,40.0,196.0,40.0,8007189,8007429,8030265,8030395,8030873,8030982,8031395,8031502,166.66666666666666,8.58293921877737,307.6923076923077,410.0418410041841,366.9724770642202,474.5762711864407,373.8317757009346,-117.39030055993452,400.85122613298523,311.27014898763923,-141.80301886208042,383.7027044515953,-362.17135868437384,97.21054475389735,False,LB 1-2 -> LB 2-3: speed change 94.9%; LB 2-3 -> LB 3-4: speed change 97.2%
2026-08-18T15:39:09.045,1,ON,40.0,196.0,40.0,196.0,40.0,196.0,40.0,8045517,8045691,8046215,8046316,8046679,8046762,8047089,8047177,229.88505747126436,374.0458015267176,396.03960396039605,539.9449035812672,481.9277108433735,599.388379204893,454.54545454545456,368.91153386100876,71.7673994294185,570.7336059249009,-251.21262891800734,538.1869095217558,-646.8426223641301,38.54093361482525,True,
2026-08-18T15:39:16.354,2,ON,40.0,196.0,40.0,196.0,40.0,196.0,40.0,8052743,8052910,8053439,8053547,8053940,8054032,8054397,8054496,239.52095808383234,370.51039697542535,370.3703703703704,498.72773536895676,434.7826086956522,536.986301369863,404.04040404040404,338.59180044699275,-0.43958906187260055,472.6912829574695,-252.93829322903196,420.84055523173174,-530.1086430582727,35.35378223145546,True,
2026-08-18T15:39:23.353,3,ON,40.0,196.0,40.0,196.0,40.0,196.0,40.0,8059634,8059814,8060378,8060494,8060918,8061018,8061412,8061520,222.22222222222223,347.5177304964539,344.82758620689657,462.2641509433962,400.0,497.46192893401013,370.3703703703704,302.48244474586124,-7.891986441234251,401.618987449764,-227.49214087889402,370.6286895709582,-467.3481334341559,36.054421768707485,True,
2026-08-18T15:39:30.420,4,ON,40.0,196.0,40.0,196.0,40.0,196.0,40.0,8066604,8066796,8067393,8067516,8067959,8068062,8068472,8068584,208.33333333333334,328.3082077051926,325.2032520325203,442.4379232505643,388.3495145631068,478.0487804878049,357.14285714285717,272.81144690177166,-8.597983534190538,381.33118982095476,-190.40665452911665,329.3020807816811,-427.8797293123482,36.54336734693877,True,
2026-08-18T15:46:29.230,1,ON,40.0,196.0,40.0,196.0,40.0,196.0,40.0,8485005,8485190,8485930,8486078,8486645,8486783,8487304,8487438,216.21621621621622,264.86486486486484,270.27027027027026,345.679012345679,289.8550724637681,376.19961612284067,298.5074626865672,99.16925629248112,12.256874373228037,196.8133923064371,-150.33057857333816,243.68723787286612,-222.1162961500016,22.951789411416733,True,
2026-08-18T15:46:37.791,2,ON,40.0,196.0,40.0,196.0,40.0,196.0,40.0,8492879,8493065,8493961,8494140,8494854,8495039,8495813,8496028,215.05376344086022,218.75,223.46368715083798,274.5098039215686,216.21621621621622,253.22997416020672,186.04651162790697,6.794242923400569,8.832444809523698,107.71022446614599,-121.21262836525626,73.62698160305679,-125.05133611977138,26.530612244897966,True,
2026-08-18T15:47:01.982,1,ON,40.0,196.0,40.0,196.0,40.0,196.0,40.0,8517213,8517394,8518320,8518500,8519180,8519349,8520035,8520224,220.99447513812154,211.66306695464363,222.22222222222223,288.2352941176471,236.68639053254438,285.7142857142857,211.64021164021165,-17.107220885287585,19.41297515566426,142.7833420580669,-114.65736149051862,108.52629490635756,-156.1062452462327,25.925925925925924,True,
2026-08-18T15:47:11.667,2,ON,40.0,196.0,40.0,196.0,40.0,196.0,40.0,8526701,8526879,8527734,8527919,8528672,8528862,8529671,8529909,224.7191011235955,229.23976608187135,216.21621621621622,260.2921646746348,210.52631578947367,242.27441285537702,168.0672268907563,8.695745523196418,-24.58228050175224,88.99389337351543,-99.28254809795769,60.91339612088342,-129.02668800707085,30.629394614988858,True,
2026-08-18T15:47:23.231,3,ON,40.0,196.0,40.0,196.0,40.0,196.0,40.0,8537531,8537718,8538771,8539004,8539929,8540159,8541144,8541452,213.90374331550802,186.13485280151946,171.67381974248926,211.8918918918919,173.91304347826087,198.98477157360406,129.87012987012986,-47.070457529421326,-21.924928146044987,65.36556552774793,-62.08655575277013,39.615222992914966,-96.308002905572,34.73363371322556,True,
2026-08-18T15:47:41.917,4,ON,40.0,196.0,40.0,196.0,40.0,196.0,40.0,8556355,8556529,8557447,8557662,8558569,8558804,8559821,8560140,229.88505747126436,213.50762527233115,186.04651162790697,216.09702315325248,170.2127659574468,192.7236971484759,125.39184952978056,-30.769633894645498,-46.49237949371719,51.20601240162888,-75.10821068141009,34.61880401564789,-90.75977760202683,34.93698419806795,True,
2026-08-18T15:48:06.545,5,ON,40.0,196.0,40.0,196.0,40.0,196.0,40.0,8581268,8581447,8582415,8582619,8583425,8583639,8584532,8584810,223.46368715083798,202.4793388429752,196.07843137254903,243.17617866004963,186.9158878504673,219.484882418813,143.88489208633092,-37.87346108796281,-10.809878850715874,87.66060431434303,-102.53010481684707,56.08501898081226,-116.40148915129267,34.444281309646165,True,
2026-08-18T15:50:27.356,6,ON,40.0,196.0,40.0,196.0,40.0,196.0,40.0,8724399,8724520,8724894,8724972,8725252,8725316,8725548,8725605,330.57851239669424,524.0641711229947,512.8205128205128,700.0,625.0,844.8275862068965,701.7543859649123,700.6826381204244,-49.399902903973334,961.9284814851959,-421.0805084745763,1369.1044509159797,-937.6035262507629,36.920222634508356,True,
2026-08-18T15:50:31.732,7,ON,40.0,196.0,40.0,196.0,40.0,196.0,40.0,8728873,8728990,8729340,8729412,8729664,8729721,8729928,8729979,341.88034188034186,560.0,555.5555555555555,777.7777777777778,701.7543859649123,946.8599033816425,784.3137254901961,833.5501348973753,-21.008579200669637,1255.49278091651,-476.60615840655583,1712.2222814021286,-1192.3544772863675,38.949938949938954,True,
2026-08-18T15:50:49.854,1,ON,40.0,196.0,40.0,196.0,40.0,196.0,40.0,8747015,8747137,8747484,8747553,8747797,8747852,8748051,8748100,327.8688524590164,564.8414985590778,579.7101449275362,803.2786885245902,727.2727272727273,984.9246231155779,816.3265306122449,896.3895511935272,72.10988829423914,1310.1389801096632,-492.9281000130291,1869.2834465451374,-1286.811477279401,41.953830712612906,True,
2026-08-18T15:50:54.607,2,ON,40.0,196.0,40.0,196.0,40.0,196.0,40.0,8751825,8751939,8752275,8752343,8752584,8752639,8752836,8752885,350.87719298245617,583.3333333333334,588.2352941176471,813.2780082987551,727.2727272727273,994.9238578680203,816.3265306122449,920.1820899259748,24.33467571142769,1336.4421929521834,-561.4216057105054,1953.168911526584,-1370.6969422608474,39.849624060150376,True,
2026-08-18T15:50:59.478,3,ON,40.0,196.0,40.0,196.0,40.0,196.0,40.0,8756647,8756763,8757110,8757180,8757428,8757485,8757690,8757741,344.82758620689657,564.8414985590778,571.4285714285714,790.3225806451613,701.7543859649123,956.0975609756098,784.3137254901961,848.0502300219914,31.714804027259884,1263.0473272573288,-559.9600137993069,1786.7090164513504,-1266.8412123355893,38.95144264602392,True,
2026-08-18T15:51:04.293,4,ON,40.0,196.0,40.0,196.0,40.0,196.0,40.0,8761464,8761580,8761930,8762001,8762253,8762311,8762519,8762570,344.82758620689657,560.0,563.3802816901408,777.7777777777778,689.6551724137931,942.3076923076923,784.3137254901961,824.9743041979887,16.09043134433233,1218.393770371508,-547.9407405416931,1747.1166531574138,-1155.9142669065154,38.42364532019704,True,
2026-08-18T15:51:09.106,5,ON,40.0,196.0,40.0,196.0,40.0,196.0,40.0,8766271,8766386,8766731,8766803,8767057,8767115,8767324,8767376,347.82608695652175,568.1159420289855,555.5555555555555,771.6535433070866,689.6551724137931,937.799043062201,769.2307692307693,854.9692238135414,-59.8040181306764,1215.2848118209313,-507.73277144611444,1711.198255641022,-1219.2841899873683,38.775510204081634,True,
2026-08-18T15:51:13.546,6,ON,40.0,196.0,40.0,196.0,40.0,196.0,40.0,8770715,8770826,8771165,8771235,8771485,8771542,8771748,8771799,360.36036036036035,578.1710914454277,571.4285714285714,784.0,701.7543859649123,951.4563106796116,784.3137254901961,866.1958545091032,-32.84406245042007,1220.8702870978898,-517.782973639868,1749.1944614875704,-1229.326657371809,37.67236624379481,True,
2026-08-18T15:52:43.481,7,ON,40.0,196.0,40.0,196.0,40.0,196.0,40.0,8858605,8858819,8859773,8859981,8860874,8861050,8861643,8861789,186.9158878504673,205.45073375262055,192.30769230769232,219.484882418813,227.27272727272728,330.52276559865095,273.972602739726,30.815486731193662,-22.151506266017428,47.42103851563603,14.742707421963194,244.03561871609017,-144.84877765678397,31.238404452690173,True,
2026-08-18T15:52:58.980,1,ON,40.0,196.0,40.0,196.0,40.0,196.0,40.0,8874788,8874957,8875631,8875798,8876496,8876638,8877159,8877285,236.68639053254438,290.80118694362017,239.52095808383234,280.8022922636103,281.6901408450704,376.19961612284067,317.46031746031747,120.95289349361957,-115.23322443398881,91.0154151656824,2.1161360543118137,263.4610835663435,-172.64872037697933,25.122161540672604,True,
2026-08-18T15:53:06.479,2,ON,40.0,196.0,40.0,196.0,40.0,196.0,40.0,8882404,8882570,8883202,8883367,8884020,8884164,8884671,8884795,240.96385542168676,310.126582278481,242.42424242424244,300.1531393568147,277.77777777777777,386.5877712031558,322.5806451612903,161.50388735613512,-158.51264288459143,132.72200741857435,-54.7941238923344,306.31191108755525,-192.33827208114087,28.146258503401356,True,
2026-08-18T15:53:15.292,3,ON,40.0,196.0,40.0,196.0,40.0,196.0,40.0,8891285,8891449,8892067,8892221,8892839,8892976,8893464,8893585,243.90243902439025,317.15210355987057,259.7402597402597,317.15210355987057,291.97080291970804,401.6393442622951,330.57851239669424,174.14007216273077,-140.3409078920054,140.3409078920054,-64.99367387657573,322.31869958418395,-220.47461864845368,27.305228660807384,True,
2026-08-18T15:53:23.292,4,ON,40.0,196.0,40.0,196.0,40.0,196.0,40.0,8899362,8899520,8900116,8900262,8900877,8901012,8901499,8901621,253.16455696202533,328.8590604026846,273.972602739726,318.6991869918699,296.2962962962963,402.4640657084189,327.8688524590164,186.67791825066936,-140.20040066507116,112.32281668347083,-58.3799855524417,314.34673299850806,-230.84466005829765,26.379440665154952,True,
2026-08-18T15:53:32.416,5,ON,40.0,196.0,40.0,196.0,40.0,196.0,40.0,8908494,8908650,8909236,8909378,8909970,8910101,8910572,8910692,256.4102564102564,334.47098976109214,281.6901408450704,331.0810810810811,305.3435114503817,416.13588110403396,333.3333333333333,195.44331948894558,-137.80299806122454,128.24299491738049,-69.40687400410178,338.70513371771744,-262.9574594538966,26.62408474840317,True,
2026-08-18T15:53:39.981,6,ON,40.0,196.0,40.0,196.0,40.0,196.0,40.0,8916105,8916263,8916845,8916986,8917559,8917690,8918158,8918276,253.16455696202533,336.7697594501718,283.68794326241135,342.0593368237347,305.3435114503817,418.8034188034188,338.9830508474576,208.98973719638994,-139.55517681215872,154.77008794845793,-100.72004204849077,348.14255769738327,-256.29997813382124,27.09144726592927,True,
2026-08-21T10:45:02.218,1,ON,40.0,196.0,40.0,196.0,40.0,196.0,40.0,4245399,4245578,4246043,4246146,4246569,4246674,4247086,4247190,223.46368715083798,421.505376344086,388.3495145631068,463.35697399527186,380.95238095238096,475.7281553398058,384.61538461538464,541.2320458132289,-113.77727468461387,270.6963554603997,-294.8091898168096,344.03627639714597,-332.1537444922635,46.9843803443165,True,
2026-08-21T10:45:16.845,2,ON,40.0,196.0,40.0,196.0,40.0,196.0,40.0,4259986,4260167,4260671,4260780,4261218,4261326,4261749,4261854,220.99447513812154,388.8888888888889,366.9724770642202,447.48858447488584,370.3703703703704,463.35697399527186,380.95238095238096,433.88139771042694,-70.1939363499363,277.86963691816703,-267.25348299598176,328.49777161766826,-294.8091898168096,43.172849250197324,True,
2026-08-21T10:45:22.782,3,ON,40.0,196.0,40.0,196.0,40.0,196.0,40.0,4266414,4266571,4266981,4267067,4267383,4267456,4267720,4267787,254.77707006369425,478.0487804878049,465.1162790697674,620.253164556962,547.945205479452,742.4242424242424,597.0149253731344,693.3020385408342,-51.684251992252925,713.4781147763559,-357.9238980296899,1063.3466420817424,-825.2836212750889,46.70479656830885,True,
2026-08-21T10:45:28.718,4,ON,40.0,196.0,40.0,196.0,40.0,196.0,40.0,4272347,4272476,4272873,4272961,4273292,4273368,4273631,4273692,310.07751937984494,493.70277078085644,454.54545454545456,592.1450151057402,526.3157894736842,745.2471482889733,655.7377049180328,625.3998214065117,-157.3341340201736,610.2718163840821,-311.98054519182136,1179.5974651844897,-531.3617558545674,37.19348204398039,True,
2026-08-21T10:46:28.781,5,ON,40.0,196.0,40.0,196.0,40.0,196.0,40.0,4278761,4278896,4279292,4279378,4279685,4279754,4280008,4333750,296.2962962962963,494.949494949495,465.1162790697674,638.4364820846905,579.7101449275362,771.6535433070866,0.744296825574039,666.0318108129558,-121.36376904684067,810.4575788176678,-303.1241081558063,1099.0904185020197,-2523.0874445788863,99.90354520729807,False,LB 6-7 -> LB 7-8: speed change 99.9%
2026-08-21T10:47:29.595,6,ON,40.0,196.0,40.0,196.0,40.0,196.0,40.0,4393222,4393364,4393745,4393825,4394164,4394248,4394552,4394627,281.6901408450704,514.4356955380578,500.0,578.1710914454277,476.1904761904762,644.7368421052631,533.3333333333334,785.1472431966511,-62.05120696493753,357.1263177254115,-455.6120396978163,800.5433303108241,-556.106572556875,45.24288588674907,True,
2026-08-21T10:48:05.329,1,ON,40.0,196.0,40.0,196.0,40.0,196.0,40.0,4425555,4429259,4429626,4429702,4429980,4430044,4430275,4430334,10.799136069114471,534.0599455040872,526.3157894736842,705.0359712230215,625.0,848.4848484848485,677.9661016949152,1208.0652714067344,-34.795403146275994,932.4890274113637,-451.0623759253782,1395.345500459137,-1102.9173858515094,97.97791686869131,False,LB 1-2 -> LB 2-3: speed change 98.0%
2026-08-21T10:48:24.954,2,ON,40.0,196.0,40.0,196.0,40.0,196.0,40.0,4429122,4438959,4448906,4449006,4449408,4449509,4449902,4450000,4.066280370031514,19.704433497536947,400.0,487.5621890547264,396.03960396039605,498.72773536895676,408.16326530612247,1.575127387335392,676.3209122904286,329.30884828744394,-342.66745885902293,389.33044966585084,-348.01738508852554,95.07389162561576,False,LB 1-2 -> LB 2-3: speed change 79.4%; LB 2-3 -> LB 3-4: speed change 95.1%
2026-08-21T10:48:35.828,3,ON,40.0,196.0,40.0,196.0,40.0,196.0,40.0,4435881,4444174,4459995,4460086,4460412,4460488,4460760,4460827,4.8233449897503915,12.388597433790531,439.56043956043953,601.2269938650306,526.3157894736842,720.5882352941177,597.0149253731344,0.5517486842642844,818.0504350855522,712.968297141588,-357.90503348590744,1026.4368415041663,-689.9177276525487,97.18159408381266,False,LB 1-2 -> LB 2-3: speed change 61.1%; LB 2-3 -> LB 3-4: speed change 97.2%
2026-08-21T10:48:46.517,4,ON,40.0,196.0,40.0,196.0,40.0,196.0,40.0,4438827,4448445,4470834,4470909,4471182,4471244,4471467,4471524,4.158868787689748,8.75429898610925,533.3333333333334,717.9487179487179,645.1612903225806,878.9237668161435,701.7543859649123,0.2514472929871756,1204.948333447908,978.8386320328948,-420.41216556572255,1509.6351582355146,-1186.643091751218,98.35856894010452,False,LB 1-2 -> LB 2-3: speed change 52.5%; LB 2-3 -> LB 3-4: speed change 98.4%
2026-08-21T10:48:56.142,5,ON,40.0,196.0,40.0,196.0,40.0,196.0,40.0,4442965,4459571,4480536,4480607,4480856,4480912,4481106,4481154,2.4087679152113695,9.348914858096828,563.3802816901408,787.14859437751,714.2857142857143,1010.3092783505155,833.3333333333334,0.34576290743471144,1344.5336423230444,1280.5320670899464,-463.5543559230366,2163.2235435952803,-1382.5440401554865,98.3405676126878,False,LB 1-2 -> LB 2-3: speed change 74.2%; LB 2-3 -> LB 3-4: speed change 98.3%
2026-08-21T10:49:41.690,1,ON,40.0,196.0,40.0,196.0,40.0,196.0,40.0,4525681,4525803,4526141,4526210,4526452,4526507,4526694,4526740,327.8688524590164,579.8816568047338,579.7101449275362,809.9173553719008,727.2727272727273,1048.1283422459894,869.5652173913044,969.3421673127576,-0.8427278249913243,1355.5180949182577,-538.3072148216237,2413.7601779009115,-1450.971841197201,43.459350953496156,True,
2026-08-21T10:49:46.563,2,ON,40.0,196.0,40.0,196.0,40.0,196.0,40.0,4530469,4530589,4530936,4531010,4531277,4531337,4531558,4531614,333.3333333333333,564.8414985590778,540.5405405405405,734.0823970037453,666.6666666666666,886.8778280542987,714.2857142857143,881.0796923023456,-113.82136663815655,1045.3088543343415,-400.1378014674573,1449.60948071977,-1170.9669502612585,40.98639455782313,True,
2026-08-21T10:50:03.998,3,ON,40.0,196.0,40.0,196.0,40.0,196.0,40.0,4535473,4537268,4547681,4547837,4548394,4548516,4548940,4549047,22.284122562674096,18.8226255641986,256.4102564102564,351.8850987432675,327.8688524590164,462.2641509433962,373.8317757009346,-0.6029274799078732,277.08444220018396,246.08857256434615,-69.17431485070705,449.95830862129964,-313.2963928970555,92.65917602996254,False,LB 2-3 -> LB 3-4: speed change 92.7%
2026-08-21T10:50:12.938,4,ON,40.0,196.0,40.0,196.0,40.0,196.0,40.0,4546902,4547084,4557394,4557456,4557687,4557741,4557935,4557983,219.78021978021977,19.01066925315228,645.1612903225806,848.4848484848485,740.7407407407408,1010.3092783505155,833.3333333333334,-203.1438112762244,1762.1681567171374,1286.8366422782167,-725.5495470983684,2000.1186141016863,-1382.5440401554865,97.05334626576139,False,LB 1-2 -> LB 2-3: speed change 91.4%; LB 2-3 -> LB 3-4: speed change 97.1%
2026-08-21T10:50:17.626,5,ON,40.0,196.0,40.0,196.0,40.0,196.0,40.0,4557049,4557126,4561999,4562072,4562335,4562394,4562610,4562664,519.4805194805194,40.22162938641494,547.945205479452,745.2471482889733,677.9661016949152,907.4074074074074,740.7407407407408,-1136.6196213951366,1265.3651217687325,1081.1413721395254,-405.74269909087656,1541.3142710611546,-1163.9464323080138,92.65955263697929,False,LB 1-2 -> LB 2-3: speed change 92.3%; LB 2-3 -> LB 3-4: speed change 92.7%
2026-08-21T10:51:13.624,6,ON,40.0,196.0,40.0,196.0,40.0,196.0,40.0,4561538,4561658,4618183,4618239,4618434,4618478,4618632,4618671,333.3333333333333,3.4674922600619196,714.2857142857143,1005.1282051282051,909.0909090909091,1272.7272727272727,1025.6410256410256,-470.75884579888776,2161.8307547884724,2118.977233523703,-778.967914205557,3361.8153803053647,-2406.3355816348585,99.51455108359133,False,LB 1-2 -> LB 2-3: speed change 99.0%; LB 2-3 -> LB 3-4: speed change 99.5%
2026-08-21T10:52:21.876,1,ON,40.0,196.0,40.0,196.0,40.0,196.0,40.0,4685304,4685474,4685923,4686020,4686402,4686497,4686864,4686955,235.2941176470588,436.52561247216033,412.37113402061857,513.0890052356021,421.05263157894734,534.0599455040872,439.56043956043953,572.8444429868082,-86.88414479128699,394.9592166110544,-364.30088446653826,457.3504526791178,-389.85866680195653,46.0984393757503,True,
2026-08-21T10:52:26.938,2,ON,40.0,196.0,40.0,196.0,40.0,196.0,40.0,4691006,4691124,4691452,4691518,4691750,4691802,4691982,4692026,338.9830508474576,597.560975609756,606.060606060606,844.8275862068965,769.2307692307693,1088.888888888889,909.0909090909091,1026.142418685735,43.34889257146451,1467.8991194814496,-517.0240427322466,2516.792525484399,-1522.1725904828113,43.272224143894846,True,
2026-08-31T17:54:00.078,1,ON,40.0,196.0,40.0,196.0,40.0,196.0,40.0,23620013,23620122,23620432,23620499,23620752,23620809,23621014,23621066,366.9724770642202,632.258064516129,597.0149253731344,774.703557312253,701.7543859649123,956.0975609756098,769.2307692307693,1123.2265306060676,-183.57389418386595,1032.7914431947884,-456.3829808952038,1786.7090164513504,-1366.129532932834,41.958434750046806,True,
2026-08-31T17:54:06.891,2,ON,40.0,196.0,40.0,196.0,40.0,196.0,40.0,23626843,23626944,23627240,23627304,23627550,23627606,23627802,23627851,396.03960396039605,662.1621621621622,625.0,796.7479674796748,714.2857142857143,1000.0,816.3265306122449,1193.2684792125517,-202.68529236978645,1034.6708630635294,-527.9798391963551,2075.4064337599443,-1413.605912790574,40.189937361083054,True,
2026-08-31T17:54:12.393,3,ON,40.0,196.0,40.0,196.0,40.0,196.0,40.0,23632315,23632421,23632724,23632788,23633029,23633084,23633276,23633324,377.35849056603774,646.8646864686468,625.0,813.2780082987551,727.2727272727273,1020.8333333333334,833.3333333333334,1169.6376788046712,-117.8344177973762,1147.4411812813137,-561.4216057105054,2174.4706551259906,-1473.1197033898304,41.663457835964564,True,
2026-08-31T17:54:18.015,4,ON,40.0,196.0,40.0,196.0,40.0,196.0,40.0,23637949,23638055,23638364,23638429,23638672,23638727,23638921,23638969,377.35849056603774,634.3042071197411,615.3846153846154,806.5843621399177,727.2727272727273,1010.3092783505155,833.3333333333334,1101.4508337606992,-100.18475558361216,1152.0343576126568,-515.477599211641,2083.8949918916464,-1382.5440401554865,40.5082787832114,True,
2026-08-31T17:54:24.327,5,ON,40.0,196.0,40.0,196.0,40.0,196.0,40.0,23644294,23644397,23644706,23644771,23645012,23645066,23645256,23645303,388.3495145631068,634.3042071197411,615.3846153846154,813.2780082987551,740.7407407407408,1031.578947368421,851.063829787234,1065.79017673052,-100.18475558361216,1197.9783641115214,-477.64522792054515,2184.145252799145,-1440.0232300068883,38.775510204081634,True,
2026-08-31T17:54:29.767,6,ON,40.0,196.0,40.0,196.0,40.0,196.0,40.0,23649756,23649857,23650158,23650221,23650456,23650509,23650696,23650742,396.03960396039605,651.1627906976744,634.9206349206349,834.0425531914893,754.7169811320755,1048.1283422459894,869.5652173913044,1132.0576783223555,-88.51172602186902,1239.418507992187,-534.0222835807826,2241.4207636025944,-1450.971841197201,39.17963224893917,True,
2026-08-31T17:54:35.391,7,ON,40.0,196.0,40.0,196.0,40.0,196.0,40.0,23655376,23655480,23655789,23655854,23656091,23656144,23656331,23656378,384.61538461538464,634.3042071197411,615.3846153846154,827.0042194092827,754.7169811320755,1048.1283422459894,851.063829787234,1078.0204791820474,-100.18475558361216,1293.3803138503642,-484.48414115103105,2241.4207636025944,-1585.8617773186943,39.36420722135008,True,
2026-08-31T17:54:40.518,8,ON,40.0,196.0,40.0,196.0,40.0,196.0,40.0,23660502,23660600,23660896,23660959,23661191,23661243,23661429,23661475,408.16326530612247,662.1621621621622,634.9206349206349,844.8275862068965,769.2307692307693,1053.763440860215,869.5652173913044,1151.9554146352264,-149.72252691206518,1316.1416854582583,-517.0240427322466,2197.8873430601648,-1501.1598389693788,38.359017076218244,True,
2026-08-31T17:54:45.393,9,ON,40.0,196.0,40.0,196.0,40.0,196.0,40.0,23665398,23665501,23665804,23665868,23666101,23666154,23666340,23666386,388.3495145631068,646.8646864686468,625.0,841.2017167381974,754.7169811320755,1053.763440860215,869.5652173913044,1133.9770217744917,-117.8344177973762,1343.2005434037735,-584.8415535346479,2291.6087613747723,-1501.1598389693788,39.964335248662564,True,
2026-08-31T17:54:50.328,10,ON,40.0,196.0,40.0,196.0,40.0,196.0,40.0,23670341,23670444,23670749,23670812,23671044,23671097,23671284,23671330,388.3495145631068,642.6229508196722,634.9206349206349,844.8275862068965,754.7169811320755,1048.1283422459894,869.5652173913044,1110.8004722829746,-41.695102848137985,1316.1416854582583,-610.7454610468541,2241.4207636025944,-1450.971841197201,39.56806023380226,True,
2026-08-31T17:57:30.584,1,ON,40.0,196.0,40.0,196.0,40.0,196.0,40.0,23829823,23830002,23830568,23830683,23831112,23831209,23831513,23831583,223.46368715083798,346.2897526501767,347.82608695652175,456.87645687645687,412.37113402061857,644.7368421052631,571.4285714285714,296.52785303166513,4.518618546462984,371.83521220550483,-163.9243418412458,1040.8289974339662,-377.77535306342793,36.04039553965916,True,
2026-08-31T17:57:34.704,2,ON,40.0,196.0,40.0,196.0,40.0,196.0,40.0,23833914,23834083,23834627,23834749,23835205,23835301,23835628,23835707,236.68639053254438,360.29411764705884,327.8688524590164,429.82456140350877,416.6666666666667,599.388379204893,506.32911392405066,312.67543960910405,-94.55028304356104,327.3354625971458,-47.19509523138796,786.6750763337182,-436.00532846929804,34.30745079096727,True,
2026-08-31T17:57:36.958,3,ON,40.0,196.0,40.0,196.0,40.0,196.0,40.0,23836246,23836414,23836953,23837062,23837488,23837582,23837886,23837958,238.0952380952381,363.6363636363636,366.9724770642202,460.09389671361504,425.531914893617,644.7368421052631,555.5555555555555,320.0934854027524,10.327940525304797,326.3457409765637,-129.6990813563142,994.1024787069427,-453.57466211536024,34.52380952380952,True,
2026-08-31T17:57:56.391,4,ON,40.0,196.0,40.0,196.0,40.0,196.0,40.0,23838540,23838974,23841443,23844708,23856916,23857013,23857337,23857416,92.16589861751152,79.3843661401377,12.251148545176111,16.05504587155963,412.37113402061857,604.9382716049382,506.32911392405066,-9.290996951279531,-26.06689384235369,0.4562451578894628,719.458422353869,830.086272368301,-464.3268679883718,96.10665137614679,False,LB 2-3 -> LB 3-4: speed change 84.6%; LB 4-5 -> LB 5-6: speed change 96.1%
2026-08-31T17:57:58.640,5,ON,40.0,196.0,40.0,196.0,40.0,196.0,40.0,23855539,23855727,23856334,23856463,23859238,23859319,23859589,23859652,212.7659574468085,322.8995057660626,310.07751937984494,70.63063063063063,493.82716049382714,725.925925925926,634.9206349206349,249.97770413436595,-34.38992711529394,-386.26856797236246,1012.1888917716759,1199.5897690254951,-524.763717302503,85.6972972972973,False,LB 3-4 -> LB 4-5: speed change 77.2%; LB 4-5 -> LB 5-6: speed change 85.7%
2026-08-31T17:58:00.828,6,ON,40.0,196.0,40.0,196.0,40.0,196.0,40.0,23858010,23858209,23858767,23858867,23861383,23861466,23861754,23861826,201.00502512562815,351.2544802867383,400.0,77.90143084260731,481.9277108433735,680.5555555555555,555.5555555555555,351.59614320234,155.17072067158202,-652.2515553926885,958.413921828003,978.3963801643924,-654.719868173258,83.83545310015897,False,LB 3-4 -> LB 4-5: speed change 80.5%; LB 4-5 -> LB 5-6: speed change 83.8%
2026-08-31T17:58:03.202,7,ON,40.0,196.0,40.0,196.0,40.0,196.0,40.0,23860294,23860445,23860907,23861007,23863835,23863909,23864159,23864219,264.9006622516556,424.24242424242425,400.0,69.3069306930693,540.5405405405405,784.0,666.6666666666666,465.29353248187863,-84.66794291139438,-657.6124972792632,1217.714514092228,1366.4064577633062,-721.2354048964221,87.17821782178218,False,LB 3-4 -> LB 4-5: speed change 82.7%; LB 4-5 -> LB 5-6: speed change 87.2%
2026-09-01T14:03:00.408,1,ON,40.0,196.0,40.0,196.0,40.0,196.0,40.0,1648190,1648319,1648715,1648800,1649106,1649172,1649392,1649445,310.07751937984494,494.949494949495,470.5882352941176,640.5228758169935,606.060606060606,890.9090909090909,754.7169811320755,630.6226039237374,-99.6682853963066,800.0689290154234,-182.03430604374,1806.8201273131933,-949.6664688785978,37.35168485999051,True,
2026-09-01T14:03:05.902,2,ON,40.0,196.0,40.0,196.0,40.0,196.0,40.0,1653848,1653967,1654329,1654403,1654677,1654737,1654944,1654995,336.1344537815126,541.4364640883978,540.5405405405405,715.3284671532847,666.6666666666666,946.8599033816425,784.3137254901961,763.4198034980975,-4.107494392742056,930.1302540339329,-284.9592011670488,1915.6747126586827,-1192.3544772863675,37.91802435259818,True,
2026-09-01T14:03:11.201,3,ON,40.0,196.0,40.0,196.0,40.0,196.0,40.0,1659136,1659254,1659610,1659684,1659955,1660015,1660222,1660273,338.9830508474576,550.561797752809,540.5405405405405,723.2472324723248,666.6666666666666,946.8599033816425,784.3137254901961,797.4948490803173,-46.331428715869414,978.4003530127851,-333.2293001459009,1915.6747126586827,-1192.3544772863675,38.42960913178831,True,
2026-09-01T14:03:16.957,4,ON,40.0,196.0,40.0,196.0,40.0,196.0,40.0,1664878,1665009,1665378,1665454,1665733,1665795,1666008,1666061,305.3435114503817,531.1653116531165,526.3157894736842,702.5089605734767,645.1612903225806,920.1877934272301,754.7169811320755,800.4318996555213,-21.729991755275385,917.4174976132167,-327.4819879463111,1824.2054433973622,-1174.3553117091567,42.51441034429038,True,
2026-09-01T14:03:22.638,5,ON,40.0,196.0,40.0,196.0,40.0,196.0,40.0,1670602,1670718,1671067,1671140,1671406,1671466,1671672,1671724,344.82758620689657,561.6045845272206,547.945205479452,736.8421052631579,666.6666666666666,951.4563106796116,769.2307692307693,832.6001913250738,-64.21932692403863,1028.3573723759478,-417.33832052626383,1952.6468927441244,-1328.614977969054,38.59957776213933,True,
2026-09-07T10:40:07.227,1,ON,40.0,196.0,40.0,196.0,40.0,196.0,40.0,217193,217271,217515,217565,217743,217782,217918,217951,512.8205128205128,803.2786885245902,800.0,1101.123595505618,1025.6410256410256,1441.1764705882354,1212.121212121212,1619.795648594457,-22.273946770277934,2425.7337821153374,-680.22736907307,4343.4326521152025,-2575.2194343346036,36.159079016221874,True,
2026-09-08T18:40:26.377,1,ON,40.0,196.0,40.0,196.0,40.0,196.0,40.0,5961174,5961313,5961704,5961779,5962055,5962129,5962434,5962515,287.76978417266184,501.27877237851663,533.3333333333334,710.1449275362319,540.5405405405405,642.6229508196722,493.82716049382714,713.8515209937809,140.5255796912365,931.615990088964,-898.8209412609334,511.78042776408086,-716.52115457113,42.59286448392307,True,
2026-09-08T18:42:55.281,1,ON,40.0,196.0,40.0,196.0,40.0,196.0,40.0,6110372,6110491,6110839,6110904,6111128,6111181,6111380,6111430,336.1344537815126,563.2183908045977,615.3846153846154,875.0,754.7169811320755,984.9246231155779,800.0,865.3753589895114,260.52232674385795,1639.5202336776654,-830.6240609783321,1696.9440322468201,-1398.6292933023863,40.31898473675184,True,
2026-09-08T18:55:53.193,1,ON,40.0,196.0,40.0,196.0,40.0,196.0,40.0,36949,37110,37577,37651,37923,37989,38236,38300,248.4472049689441,419.7002141327623,540.5405405405405,720.5882352941177,606.060606060606,793.5222672064777,625.0,484.84006816188986,491.6771450202253,962.1327494764025,-643.8048585836509,1111.7293658218625,-1012.9346972563925,40.803650652807704,True,
2026-09-08T18:55:55.253,2,ON,40.0,196.0,40.0,196.0,40.0,196.0,40.0,36976,37129,39669,39793,40032,40086,40290,40343,261.437908496732,77.16535433070867,322.5806451612903,820.0836820083682,740.7407407407408,960.7843137254902,754.7169811320755,-264.3868139413635,415.6939861173325,2408.809207049695,-524.7474597595806,1586.4815784229647,-1497.9185419146079,76.07874015748031,False,LB 1-2 -> LB 2-3: speed change 70.5%; LB 2-3 -> LB 3-4: speed change 76.1%; LB 3-4 -> LB 4-5: speed change 60.7%
2026-09-08T18:55:58.005,3,ON,40.0,196.0,40.0,196.0,40.0,196.0,40.0,37084,37213,39679,42112,42529,42625,42983,43080,310.07751937984494,79.48094079480941,16.440608302507194,470.0239808153477,416.6666666666667,547.4860335195531,412.37113402061857,-380.63918675902596,-25.622569272336992,934.967156526059,-200.472167077946,534.4484991011105,-549.5381556166196,96.50217670298699,False,LB 1-2 -> LB 2-3: speed change 74.4%; LB 2-3 -> LB 3-4: speed change 79.3%; LB 3-4 -> LB 4-5: speed change 96.5%
2026-09-08T18:56:09.381,4,ON,40.0,196.0,40.0,196.0,40.0,196.0,40.0,39058,39279,39727,53744,54103,54173,54433,54498,180.99547511312218,437.5,2.8536776771063708,545.9610027855153,571.4285714285714,753.8461538461538,615.3846153846154,672.2325762227762,-811.0089259479457,1262.9884452808503,120.58133763700212,1024.3788619650043,-803.329656002407,99.47731107853001,False,LB 1-2 -> LB 2-3: speed change 58.6%; LB 2-3 -> LB 3-4: speed change 99.3%; LB 3-4 -> LB 4-5: speed change 99.5%
2026-09-08T18:56:13.273,5,ON,40.0,196.0,40.0,196.0,40.0,196.0,40.0,39107,39300,41925,53809,57796,57890,58257,58349,207.2538860103627,74.66666666666667,3.365870077415012,49.1597692500627,425.531914893617,534.0599455040872,434.7826086956522,-158.38585659019196,-23.57534758361472,10.192177251446495,757.036981696225,441.28226609661044,-407.55978206623706,95.49213828917632,False,LB 1-2 -> LB 2-3: speed change 64.0%; LB 2-3 -> LB 3-4: speed change 95.5%; LB 3-4 -> LB 4-5: speed change 93.2%; LB 4-5 -> LB 5-6: speed change 88.4%
2026-09-08T18:56:15.566,6,ON,40.0,196.0,40.0,196.0,40.0,196.0,40.0,39250,39384,42003,57309,60252,60318,60578,60650,298.5074626865672,74.8377243222604,2.6133542401672547,66.59870880054366,606.060606060606,753.8461538461538,555.5555555555555,-353.8390690586341,-23.702776954873073,18.76507793862293,1537.6019923925826,851.5871417376692,-1100.1781710169366,96.50797206377652,False,LB 1-2 -> LB 2-3: speed change 74.9%; LB 2-3 -> LB 3-4: speed change 96.5%; LB 3-4 -> LB 4-5: speed change 96.1%; LB 4-5 -> LB 5-6: speed change 89.0%
2026-09-08T18:56:19.879,7,ON,40.0,196.0,40.0,196.0,40.0,196.0,40.0,41195,41394,53661,57325,64449,64541,64897,64989,201.00502512562815,15.977826689492133,10.91703056768559,27.51263335204941,434.7826086956522,550.561797752809,434.7826086956522,-170.11749652557185,-0.5767347004392609,2.7023874472394915,797.7922535179334,483.3998996635944,-483.3998996635944,93.67209432902864,False,LB 1-2 -> LB 2-3: speed change 92.1%; LB 3-4 -> LB 4-5: speed change 60.3%; LB 4-5 -> LB 5-6: speed change 93.7%
2026-09-08T18:56:22.505,8,ON,40.0,196.0,40.0,196.0,40.0,196.0,40.0,41229,41416,53673,57397,67257,67320,67557,67619,213.90374331550802,15.99086236436322,10.741138560687434,19.878296146044626,634.9206349206349,827.0042194092827,645.1612903225806,-192.7928123950455,-0.5946424643056,1.1854855936015514,1706.4790931794591,1189.8803655624354,-1134.3342728392365,96.86916835699797,False,LB 1-2 -> LB 2-3: speed change 92.5%; LB 4-5 -> LB 5-6: speed change 96.9%
2026-09-08T18:56:25.691,9,ON,40.0,196.0,40.0,196.0,40.0,196.0,40.0,41365,41511,53730,59911,70315,70399,70703,70778,273.972602739726,16.04059251984614,6.471444750040447,18.838908112264512,476.1904761904762,644.7368421052631,533.3333333333334,-316.9647730660678,-0.9128008950632113,1.326376532667456,959.3324794730938,800.5433303108241,-556.106572556875,96.04382929642445,False,LB 1-2 -> LB 2-3: speed change 94.1%; LB 2-3 -> LB 3-4: speed change 59.7%; LB 3-4 -> LB 4-5: speed change 65.6%; LB 4-5 -> LB 5-6: speed change 96.0%
2026-09-08T18:56:27.878,10,ON,40.0,196.0,40.0,196.0,40.0,196.0,40.0,53114,53261,57209,59922,72523,72598,72885,72959,272.10884353741494,49.645390070921984,14.74382602285293,15.554321085628125,533.3333333333334,682.9268292682926,540.5405405405405,-303.29897447447195,-9.52239131144849,0.10405296035025599,1204.2479133051258,770.9517359745729,-738.1566871465423,97.08356479644473,False,LB 1-2 -> LB 2-3: speed change 81.8%; LB 2-3 -> LB 3-4: speed change 70.3%; LB 4-5 -> LB 5-6: speed change 97.1%
2026-09-08T18:56:31.814,11,ON,40.0,196.0,40.0,196.0,40.0,196.0,40.0,53138,53278,57290,59973,76551,76617,76863,76927,285.7142857142857,48.85343968095713,14.908684308609764,11.822897816383158,606.060606060606,796.7479674796748,625.0,-335.7881122566253,-9.171142800199704,-0.34952523320826,1555.8037173973407,1133.4655316289993,-1034.6708630635294,98.04922186029678,False,LB 1-2 -> LB 2-3: speed change 82.9%; LB 2-3 -> LB 3-4: speed change 69.5%; LB 4-5 -> LB 5-6: speed change 98.0%
2026-09-08T18:56:46.569,12,ON,40.0,196.0,40.0,196.0,40.0,196.0,40.0,53237,53356,59830,63989,85492,91211,91575,91667,336.1344537815126,30.27494593759654,9.61769656167348,9.115007208296516,6.994229760447631,538.4615384615385,434.7826086956522,-474.8720282519977,-3.4918316286947775,-0.03990140146240855,-0.14476316298883954,1228.3555472560377,-427.5631846532637,98.70107161591687,False,LB 1-2 -> LB 2-3: speed change 91.0%; LB 2-3 -> LB 3-4: speed change 68.2%; LB 5-6 -> LB 6-7: speed change 98.7%
2026-09-08T18:56:49.756,13,ON,40.0,196.0,40.0,196.0,40.0,196.0,40.0,56202,56462,59898,64071,85554,94519,94807,94877,153.84615384615384,57.0430733410943,9.58543014617781,9.123492994460737,4.461795872838818,680.5555555555555,571.4285714285714,-86.50307981803802,-13.398439597924614,-0.03662011299695003,-0.26834958478429083,1962.4404939623728,-578.9205591213257,99.34438917786859,False,LB 1-2 -> LB 2-3: speed change 62.9%; LB 2-3 -> LB 3-4: speed change 83.2%; LB 4-5 -> LB 5-6: speed change 51.1%; LB 5-6 -> LB 6-7: speed change 99.3%
2026-09-08T18:56:54.317,14,ON,40.0,196.0,40.0,196.0,40.0,196.0,40.0,56239,56496,63970,66917,91120,99124,99371,99434,155.6420233463035,26.224244046026225,13.57312521208008,8.098169648390696,4.997501249375312,793.5222672064777,634.9206349206349,-99.7319002353633,-2.1333951176387203,-0.5027515947825747,-0.17205649540935794,2668.0195488719114,-959.9719317986712,99.37021285275729,False,LB 1-2 -> LB 2-3: speed change 83.2%; LB 5-6 -> LB 6-7: speed change 99.4%
2026-09-08T18:56:57.442,15,ON,40.0,196.0,40.0,196.0,40.0,196.0,40.0,56415,56653,66903,66982,94441,102271,102486,102541,168.0672268907563,19.121951219512194,506.32911392405066,7.1379147092028115,5.108556832694764,911.6279069767442,727.2727272727273,-118.13959210299812,1084.7606889350545,-1086.0941600877898,-0.10530709102958262,3521.3531501096886,-1280.2534785766468,99.43962259233196,False,LB 1-2 -> LB 2-3: speed change 88.6%; LB 2-3 -> LB 3-4: speed change 96.2%; LB 3-4 -> LB 4-5: speed change 98.6%; LB 5-6 -> LB 6-7: speed change 99.4%
2026-09-08T18:57:00.194,16,ON,40.0,196.0,40.0,196.0,40.0,196.0,40.0,59260,59427,69860,69956,99057,104873,105214,105307,239.52095808383234,18.786542701044763,416.6666666666667,6.7351637400776605,6.87757909215956,574.7800586510264,430.10752688172045,-241.59896260482537,734.1448174764955,-735.4480876292605,0.008214676115480596,1399.681418341985,-616.0153861973198,98.80344159672123,False,LB 1-2 -> LB 2-3: speed change 92.2%; LB 2-3 -> LB 3-4: speed change 95.5%; LB 3-4 -> LB 4-5: speed change 98.4%; LB 5-6 -> LB 6-7: speed change 98.8%
2026-09-08T18:57:22.754,17,ON,40.0,196.0,40.0,196.0,40.0,196.0,40.0,59290,59445,72110,72200,102213,127603,127814,127870,258.06451612903226,15.475720489538098,444.44444444444446,6.530503448505647,1.5754233950374164,928.9099526066351,714.2857142857143,-281.1771040688188,835.9803655629685,-836.8144776366098,-0.17019286617505477,3656.2339749694383,-1494.3627899110509,99.83040084879954,False,LB 1-2 -> LB 2-3: speed change 94.0%; LB 2-3 -> LB 3-4: speed change 96.5%; LB 3-4 -> LB 4-5: speed change 98.5%; LB 4-5 -> LB 5-6: speed change 75.9%; LB 5-6 -> LB 6-7: speed change 99.8%
2026-09-08T18:57:26.128,18,ON,40.0,196.0,40.0,196.0,40.0,196.0,40.0,59402,59525,76140,76271,104791,130990,131191,131242,325.2032520325203,11.796569365031598,305.3435114503817,6.872370266479663,1.526775831138593,975.1243781094528,784.3137254901961,-447.5338817107751,394.47246159349737,-394.8619936939397,-0.19024757898747804,4029.0899226224938,-1422.540393182357,99.84342758058222,False,LB 1-2 -> LB 2-3: speed change 96.4%; LB 2-3 -> LB 3-4: speed change 96.1%; LB 3-4 -> LB 4-5: speed change 97.7%; LB 4-5 -> LB 5-6: speed change 77.8%; LB 5-6 -> LB 6-7: speed change 99.8%
2026-09-08T18:57:28.504,19,ON,40.0,196.0,40.0,196.0,40.0,196.0,40.0,62999,63260,76195,83988,127549,133283,133531,133595,153.25670498084293,15.15268650947043,5.132811497497754,4.499437570303712,6.975933031042902,790.3225806451613,625.0,-98.55090556411373,-0.8612633668874661,-0.025850912795697317,0.1204182339175205,2646.4454145592117,-991.4609384645237,99.11733092260273,False,LB 1-2 -> LB 2-3: speed change 90.1%; LB 2-3 -> LB 3-4: speed change 66.1%; LB 5-6 -> LB 6-7: speed change 99.1%
2026-09-08T18:57:31.692,20,ON,40.0,196.0,40.0,196.0,40.0,196.0,40.0,63042,63291,83869,90636,130937,136538,136765,136825,160.6425702811245,9.524735154048013,5.911038865080538,4.863402893228455,7.141581860382074,863.4361233480176,666.6666666666666,-108.96319833377656,-0.236356776653667,-0.047829206621312334,0.11588772782489569,3158.77515640163,-1275.7520960076645,99.1728882233129,False,LB 1-2 -> LB 2-3: speed change 94.1%; LB 5-6 -> LB 6-7: speed change 99.2%
2026-09-08T18:57:34.319,21,ON,40.0,196.0,40.0,196.0,40.0,196.0,40.0,63219,63427,90616,90724,133217,139126,139388,139454,192.30769230769232,7.208797675530546,370.3703703703704,4.61252441578613,6.769334912844813,748.0916030534352,606.060606060606,-156.48424473213274,581.0264596794857,-581.1565079101657,0.10401912574591743,2371.1661977283734,-814.9643573750393,99.09511951675239,False,LB 1-2 -> LB 2-3: speed change 96.3%; LB 2-3 -> LB 3-4: speed change 98.1%; LB 3-4 -> LB 4-5: speed change 98.8%; LB 5-6 -> LB 6-7: speed change 99.1%
2026-09-08T18:57:40.253,22,ON,40.0,196.0,40.0,196.0,40.0,196.0,40.0,66174,66358,93938,94113,136479,143965,145058,145349,217.3913043478261,7.106598984771574,228.57142857142858,4.62635131945428,5.343307507347048,179.32296431838975,137.4570446735395,-200.03591295304574,221.1626873307344,-221.28599505361296,0.03028732452141937,136.13633303735767,-56.19612882013155,97.97597129773875,False,LB 1-2 -> LB 2-3: speed change 96.7%; LB 2-3 -> LB 3-4: speed change 96.9%; LB 3-4 -> LB 4-5: speed change 98.0%; LB 5-6 -> LB 6-7: speed change 97.0%
2026-09-08T18:57:44.568,23,ON,40.0,196.0,40.0,196.0,40.0,196.0,40.0,66207,66378,94021,98719,139053,149392,149616,149673,233.91812865497076,7.090402633578121,8.514261387824606,4.859423811176675,3.8688461166457104,875.0,701.7543859649123,-231.64159789803898,0.09414761641503992,-0.20711291187953448,-0.036635718230280695,3244.1103052107023,-1157.482126182241,99.55784615809763,False,LB 1-2 -> LB 2-3: speed change 97.0%; LB 5-6 -> LB 6-7: speed change 99.6%
2026-09-08T18:57:52.569,24,ON,40.0,196.0,40.0,196.0,40.0,196.0,40.0,66330,66478,98624,98774,143630,154929,157185,157677,270.27027027027026,6.097181608909351,266.6666666666667,4.369538077403246,3.540136295247367,86.87943262411348,81.30081300813008,-309.359505798275,301.16074359126736,-301.2373654580561,-0.027797872970123313,31.93009850889384,-3.9754814292582217,98.36142322097378,False,LB 1-2 -> LB 2-3: speed change 97.7%; LB 2-3 -> LB 3-4: speed change 97.7%; LB 3-4 -> LB 4-5: speed change 98.4%; LB 5-6 -> LB 6-7: speed change 95.9%
2026-09-08T18:57:58.940,25,ON,40.0,196.0,40.0,196.0,40.0,196.0,40.0,68915,69162,98636,101959,149331,163758,163981,164038,161.94331983805668,6.649928750763385,12.03731567860367,4.13746516929832,2.7725791917931657,878.9237668161435,701.7543859649123,-110.93820884652921,0.42659074727172996,-0.5414336894881397,-0.03996365530674717,3273.302121520779,-1186.643091751218,99.68454838787251,False,LB 1-2 -> LB 2-3: speed change 95.9%; LB 3-4 -> LB 4-5: speed change 65.6%; LB 5-6 -> LB 6-7: speed change 99.7%
2026-09-08T18:58:08.319,26,ON,40.0,196.0,40.0,196.0,40.0,196.0,40.0,68954,69190,98694,104481,154590,171494,172950,173416,169.4915254237288,6.643167028199566,6.912044237083117,3.9114729888842326,2.36630383341221,134.6153846153846,85.83690987124463,-121.53917594194046,0.015443590554390145,-0.13761328217213128,-0.041102657248939106,76.76145076828774,-45.56494355467692,98.2421742951795,False,LB 1-2 -> LB 2-3: speed change 96.1%; LB 5-6 -> LB 6-7: speed change 98.2%
2026-09-08T18:59:04.195,1,ON,40.0,196.0,40.0,196.0,40.0,196.0,40.0,228071,228237,228630,228704,229001,229055,229249,229298,240.96385542168676,498.72773536895676,540.5405405405405,659.9326599326599,740.7407407407408,1010.3092783505155,816.3265306122449,807.9058237566296,184.13017771869303,607.3179647370172,479.6005480819729,2000.1186141016863,-1501.42302262591,51.684288173100555,False,LB 1-2 -> LB 2-3: speed change 51.7%
2026-09-08T18:59:09.505,2,ON,40.0,196.0,40.0,196.0,40.0,196.0,40.0,228099,228254,228692,228714,234378,234429,234614,234660,258.06451612903226,447.48858447488584,1818.1818181818182,34.6045197740113,784.3137254901961,1059.4594594594594,869.5652173913044,566.3082150441758,13159.063943777988,-14002.490047365054,2601.4853695064444,2149.6030773127923,-1552.1638938192514,98.09675141242937,False,LB 2-3 -> LB 3-4: speed change 75.4%; LB 3-4 -> LB 4-5: speed change 98.1%; LB 4-5 -> LB 5-6: speed change 95.6%
2026-09-08T18:59:14.069,3,ON,40.0,196.0,40.0,196.0,40.0,196.0,40.0,228209,228339,234052,234117,238791,238868,239138,239200,307.6923076923077,34.307719236828284,615.3846153846154,41.93410355156183,519.4805194805194,725.925925925926,645.1612903225806,-396.1760026007826,1599.666123952703,-1597.2023551330417,1136.0234791486323,1089.4425415748415,-469.21762457930424,94.42499562401541,False,LB 1-2 -> LB 2-3: speed change 88.8%; LB 2-3 -> LB 3-4: speed change 94.4%; LB 3-4 -> LB 4-5: speed change 93.2%; LB 4-5 -> LB 5-6: speed change 91.9%
2026-09-08T18:59:17.627,4,ON,40.0,196.0,40.0,196.0,40.0,196.0,40.0,233579,233783,234061,234125,242529,242574,242734,242773,196.07843137254903,705.0359712230215,625.0,23.322227510709187,888.8888888888889,1225.0,1025.6410256410256,1943.3430909697875,-451.0623759253782,-1652.8859055251642,3345.675976669755,3010.5997593638835,-1901.209688652648,97.37624940504521,False,LB 1-2 -> LB 2-3: speed change 72.2%; LB 3-4 -> LB 4-5: speed change 96.3%; LB 4-5 -> LB 5-6: speed change 97.4%
2026-09-08T18:59:22.069,5,ON,40.0,196.0,40.0,196.0,40.0,196.0,40.0,233602,237753,238352,238369,246992,247035,247187,247224,9.63623223319682,327.21202003338897,2352.9411764705883,22.72990838455294,930.2325581395348,1289.4736842105262,1081.081081081081,453.2832588249104,23005.357940154514,-23456.845471167904,3664.4744215578517,3378.854957833241,-2093.2460949153774,99.03397889365651,False,LB 1-2 -> LB 2-3: speed change 97.1%; LB 2-3 -> LB 3-4: speed change 86.1%; LB 3-4 -> LB 4-5: speed change 99.0%; LB 4-5 -> LB 5-6: speed change 97.6%
2026-09-08T18:59:29.502,6,ON,40.0,196.0,40.0,196.0,40.0,196.0,40.0,233671,237776,242225,242287,252641,252826,254236,254616,9.7442143727162,44.054843785120255,645.1612903225806,18.92988217114159,216.21621621621622,139.00709219858157,105.26315789473684,7.821523505041948,1755.4756833464653,-1762.1811444562873,196.57250727052653,-116.21390031081613,-34.92643759124009,97.06586826347305,False,LB 1-2 -> LB 2-3: speed change 77.9%; LB 2-3 -> LB 3-4: speed change 93.2%; LB 3-4 -> LB 4-5: speed change 97.1%; LB 4-5 -> LB 5-6: speed change 91.2%
2026-09-08T18:59:32.569,7,ON,40.0,196.0,40.0,196.0,40.0,196.0,40.0,237565,237876,242234,242295,257430,257481,257669,257719,128.61736334405145,44.97475906379073,655.7377049180328,12.950115626032375,784.3137254901961,1042.5531914893618,800.0,-61.52414068105816,1813.4288504166232,-1821.2891193069554,2605.8487902439965,1999.0217673404368,-1893.7167673078552,98.34886025768087,False,LB 1-2 -> LB 2-3: speed change 65.0%; LB 2-3 -> LB 3-4: speed change 93.1%; LB 3-4 -> LB 4-5: speed change 98.0%; LB 4-5 -> LB 5-6: speed change 98.3%
2026-09-08T18:59:37.212,8,ON,40.0,196.0,40.0,196.0,40.0,196.0,40.0,237595,241970,242265,242324,262093,262140,262313,262355,9.142857142857142,664.4067796610169,677.9661016949152,9.914512620769893,851.063829787234,1132.9479768786127,952.3809523809524,1870.1388856897813,77.12570418591953,-1947.2022774868333,3068.6921390322314,2369.752016700117,-1595.5154231156428,98.83504476705954,False,LB 1-2 -> LB 2-3: speed change 98.6%; LB 3-4 -> LB 4-5: speed change 98.5%; LB 4-5 -> LB 5-6: speed change 98.8%
2026-09-08T18:59:41.943,9,ON,40.0,196.0,40.0,196.0,40.0,196.0,40.0,237723,246463,246704,246764,266810,266854,267015,267056,4.576659038901602,813.2780082987551,666.6666666666666,9.777511723037016,909.0909090909091,1217.391304347826,975.609756097561,2802.543105823863,-919.3926878726511,-1882.8340877497892,3501.4859375264473,2777.9462157201933,-2246.725388597283,99.43725774062486,False,LB 1-2 -> LB 2-3: speed change 99.4%; LB 3-4 -> LB 4-5: speed change 98.5%; LB 4-5 -> LB 5-6: speed change 98.9%
2026-09-08T18:59:46.630,10,ON,40.0,196.0,40.0,196.0,40.0,196.0,40.0,241866,250716,251393,251702,271471,271519,271696,271739,4.519774011299435,289.5125553914328,129.44983818770226,9.914512620769893,833.3333333333334,1107.3446327683616,930.2325581395348,355.0724210684925,-284.1536403493862,-70.58882646743598,2942.144690186174,2253.2529291375135,-1529.1505232969264,98.81025848550762,False,LB 1-2 -> LB 2-3: speed change 98.4%; LB 2-3 -> LB 3-4: speed change 55.3%; LB 3-4 -> LB 4-5: speed change 92.3%; LB 4-5 -> LB 5-6: speed change 98.8%
2026-09-08T18:59:52.193,11,ON,40.0,196.0,40.0,196.0,40.0,196.0,40.0,246364,250868,251426,257156,277028,277089,277305,277358,8.880994671403197,351.2544802867383,6.980802792321117,9.863123993558776,655.7377049180328,907.4074074074074,754.7169811320755,522.4611773523438,-522.5888911605142,0.20571867494507,1821.5875272722744,1666.9333278248455,-1075.3833957996567,98.49587359098228,False,LB 1-2 -> LB 2-3: speed change 97.5%; LB 2-3 -> LB 3-4: speed change 98.0%; LB 4-5 -> LB 5-6: speed change 98.5%
2026-09-08T18:59:57.378,12,ON,40.0,196.0,40.0,196.0,40.0,196.0,40.0,250544,256768,257088,257208,282276,282324,282498,282540,6.426735218508997,612.5,333.3333333333333,7.818733046114568,833.3333333333334,1126.4367816091954,952.3809523809524,1589.470114722166,-1118.8353342749529,-470.5507564604436,2942.3021688898225,2433.963468295074,-1533.1794258645425,99.06175203446625,False,LB 1-2 -> LB 2-3: speed change 99.0%; LB 3-4 -> LB 4-5: speed change 97.7%; LB 4-5 -> LB 5-6: speed change 99.1%
2026-09-08T19:00:00.754,13,ON,40.0,196.0,40.0,196.0,40.0,196.0,40.0,250574,256783,257098,261836,285670,285712,285871,285912,6.442261233693026,622.2222222222222,8.442380751371887,8.223546194512041,952.3809523809524,1232.7044025157234,975.609756097561,1640.3347080396495,-1640.208559467836,-0.015453731940089298,3843.0586938391384,2595.468921710155,-2405.7023211394244,99.13652764957624,False,LB 1-2 -> LB 2-3: speed change 99.0%; LB 2-3 -> LB 3-4: speed change 98.6%; LB 4-5 -> LB 5-6: speed change 99.1%
2026-09-08T19:00:04.565,14,ON,40.0,196.0,40.0,196.0,40.0,196.0,40.0,250688,256848,257145,261844,289441,289487,289657,289699,6.4935064935064934,659.9326599326599,8.512449457331346,7.102221255933616,869.5652173913044,1152.9411764705883,952.3809523809524,1845.2074153356548,-1845.0790417374244,-0.09330613981095533,3203.784854872959,2428.5156317991427,-1789.1689743361617,99.18324455556763,False,LB 1-2 -> LB 2-3: speed change 99.0%; LB 2-3 -> LB 3-4: speed change 98.7%; LB 4-5 -> LB 5-6: speed change 99.2%
2026-09-08T19:00:07.943,15,ON,40.0,196.0,40.0,196.0,40.0,196.0,40.0,256645,261445,261773,261885,292831,292878,293050,293092,8.333333333333334,597.560975609756,357.14285714285717,6.333613391068313,851.063829787234,1139.5348837209303,952.3809523809524,1512.75286070864,-972.5766913708483,-540.3004480914227,3068.938676752231,2433.1784273083063,-1658.9418337238317,99.25580042654948,False,LB 1-2 -> LB 2-3: speed change 98.6%; LB 3-4 -> LB 4-5: speed change 98.2%; LB 4-5 -> LB 5-6: speed change 99.3%
2026-09-08T19:00:11.443,16,ON,40.0,196.0,40.0,196.0,40.0,196.0,40.0,256665,261460,261782,266612,296318,296364,296531,296573,8.342022940563087,608.695652173913,8.281573498964804,6.597993671312193,869.5652173913044,1173.6526946107786,952.3809523809524,1569.6644391045952,-1569.668697100875,-0.10614804716983214,3203.814126170762,2632.699068942182,-1993.3524114792008,99.24123072779909,False,LB 1-2 -> LB 2-3: speed change 98.6%; LB 2-3 -> LB 3-4: speed change 98.6%; LB 4-5 -> LB 5-6: speed change 99.2%
2026-09-08T19:00:15.318,17,ON,40.0,196.0,40.0,196.0,40.0,196.0,40.0,256748,261526,261825,271266,300139,300192,300385,300432,8.371703641691084,655.5183946488295,4.23683931786887,6.788348976552489,754.7169811320755,1015.5440414507772,851.063829787234,1820.4842385640434,-1820.7051479473437,0.1191986204322952,2413.3544064715516,1956.49143439434,-1300.9324481104402,99.35366583875368,False,LB 1-2 -> LB 2-3: speed change 98.7%; LB 2-3 -> LB 3-4: speed change 99.4%; LB 4-5 -> LB 5-6: speed change 99.1%
2026-09-08T19:00:20.195,18,ON,40.0,196.0,40.0,196.0,40.0,196.0,40.0,261323,266174,266555,276760,305037,305088,305276,305322,8.245722531436817,514.4356955380578,3.9196472317491424,6.931428369346111,784.3137254901961,1042.5531914893618,869.5652173913044,1121.0851394222873,-1121.3081407173893,0.13847908821193802,2606.3558275130144,1999.0217673404368,-1401.582583846896,99.23806857382836,False,LB 1-2 -> LB 2-3: speed change 98.4%; LB 2-3 -> LB 3-4: speed change 99.2%; LB 4-5 -> LB 5-6: speed change 99.1%
2026-09-08T19:00:24.201,19,ON,40.0,196.0,40.0,196.0,40.0,196.0,40.0,261343,266190,271207,282017,309072,309120,309294,309337,8.252527336496803,39.067171616503884,3.700277520814061,7.244501940491591,833.3333333333334,1126.4367816091954,930.2325581395348,6.178558011329405,-6.409117984670868,0.1643676043845109,2942.3388204918588,2433.963468295074,-1709.861062454487,99.13065976714101,False,LB 1-2 -> LB 2-3: speed change 78.9%; LB 2-3 -> LB 3-4: speed change 90.5%; LB 4-5 -> LB 5-6: speed change 99.1%
2026-09-08T19:00:27.442,20,ON,40.0,196.0,40.0,196.0,40.0,196.0,40.0,261426,266258,276615,282026,312335,312382,312552,312593,8.278145695364238,18.924398957226995,7.39234891886897,6.466726054967172,851.063829787234,1152.9411764705883,975.609756097561,1.2271405921127827,-1.2859578531948768,-0.05435710452674555,3068.9314568908644,2563.4055679206363,-1599.402373765431,99.24015968854137,False,LB 1-2 -> LB 2-3: speed change 56.3%; LB 2-3 -> LB 3-4: speed change 60.9%; LB 4-5 -> LB 5-6: speed change 99.2%
2026-09-08T19:00:32.254,21,ON,40.0,196.0,40.0,196.0,40.0,196.0,40.0,266047,270837,276683,282057,317161,317210,317387,317431,8.350730688935283,33.52719808416011,7.44324525493115,5.583409298085688,816.3265306122449,1107.3446327683616,909.0909090909091,4.4675352048109485,-4.528267421395993,-0.10265864633519223,2823.5501276357395,2372.131911607937,-1693.9231132591613,99.3160323609845,False,LB 1-2 -> LB 2-3: speed change 75.1%; LB 2-3 -> LB 3-4: speed change 77.8%; LB 4-5 -> LB 5-6: speed change 99.3%
2026-09-08T19:00:36.382,22,ON,40.0,196.0,40.0,196.0,40.0,196.0,40.0,266067,270852,281949,285484,321050,321129,321446,321535,8.359456635318704,17.662431287735423,11.315417256011315,5.51088117865377,506.32911392405066,618.2965299684543,449.438202247191,1.025766795577124,-0.7793339462556632,-0.41385108606948423,1086.1813635413093,533.5653701860907,-763.9656836095115,98.91160096721588,False,LB 1-2 -> LB 2-3: speed change 52.7%; LB 3-4 -> LB 4-5: speed change 51.3%; LB 4-5 -> LB 5-6: speed change 98.9%
2026-09-08T19:00:38.756,23,ON,40.0,196.0,40.0,196.0,40.0,196.0,40.0,266154,270918,281959,289238,323651,323700,323877,323920,8.39630562552477,17.752015216013042,5.495260337958511,5.695522041089124,816.3265306122449,1107.3446327683616,930.2325581395348,1.0365936274251681,-1.2073566018966893,0.00949612346861072,2823.544769534339,2372.131911607937,-1529.1505232969264,99.30229854996658,False,LB 1-2 -> LB 2-3: speed change 52.7%; LB 2-3 -> LB 3-4: speed change 69.0%; LB 4-5 -> LB 5-6: speed change 99.3%
2026-09-08T19:00:42.129,24,ON,40.0,196.0,40.0,196.0,40.0,196.0,40.0,270712,276144,281993,292624,327030,327075,327236,327276,7.363770250368188,33.51000170969397,3.76258113065563,5.6966808114863685,888.8888888888889,1217.391304347826,1000.0,4.528369077472394,-4.698149143300537,0.07752184535250504,3347.8432399061676,2931.8564877609224,-2042.549101278395,99.35912340870779,False,LB 1-2 -> LB 2-3: speed change 78.0%; LB 2-3 -> LB 3-4: speed change 88.8%; LB 4-5 -> LB 5-6: speed change 99.4%
2026-09-08T19:00:46.440,25,ON,40.0,196.0,40.0,196.0,40.0,196.0,40.0,270732,276167,285394,296115,331301,331354,331544,331593,7.359705611775529,21.242007152920777,3.730995242981065,5.570397317114762,754.7169811320755,1031.578947368421,816.3265306122449,1.6824474626810901,-1.852976874498263,0.07249576596344069,2413.4181876391654,2095.582216290788,-1685.4496613233691,99.2619223554823,False,LB 1-2 -> LB 2-3: speed change 65.4%; LB 2-3 -> LB 3-4: speed change 82.4%; LB 4-5 -> LB 5-6: speed change 99.3%
2026-09-08T19:00:50.254,26,ON,40.0,196.0,40.0,196.0,40.0,196.0,40.0,270817,276271,285431,299907,335145,335194,335374,335419,7.3340667400073345,21.397379912663755,2.7631942525559547,5.562177195073501,816.3265306122449,1088.888888888889,888.8888888888889,1.7121158143219686,-1.9076806129216446,0.0987397147120231,2823.5511303655726,2200.381388831587,-1676.0828625235408,99.3186332936035,False,LB 1-2 -> LB 2-3: speed change 65.7%; LB 2-3 -> LB 3-4: speed change 87.1%; LB 3-4 -> LB 4-5: speed change 50.3%; LB 4-5 -> LB 5-6: speed change 99.3%
2026-09-08T19:00:54.378,27,ON,40.0,196.0,40.0,196.0,40.0,196.0,40.0,275954,281659,289179,304754,339283,339333,339514,339560,7.011393514460999,26.06382978723404,2.568218298555377,5.676387963740624,800.0,1082.8729281767955,869.5652173913044,2.6701846786579777,-2.8505401608003127,0.10858319951637606,2711.72787550714,2256.8380448228277,-1764.7038613618681,99.29045150453243,False,LB 1-2 -> LB 2-3: speed change 73.1%; LB 2-3 -> LB 3-4: speed change 90.1%; LB 3-4 -> LB 4-5: speed change 54.8%; LB 4-5 -> LB 5-6: speed change 99.3%
2026-09-08T19:00:58.255,28,ON,40.0,196.0,40.0,196.0,40.0,196.0,40.0,275981,285094,292510,304808,343043,343103,343325,343381,4.389333918577856,26.429341963322546,3.252561392096276,5.126193278409834,666.6666666666666,882.8828828828829,714.2857142857143,2.8781519676502714,-2.9149616991732494,0.06651992338245294,1883.1278245208339,1419.6514425557027,-1141.0089120971911,99.23107100823853,False,LB 1-2 -> LB 2-3: speed change 83.4%; LB 2-3 -> LB 3-4: speed change 87.7%; LB 4-5 -> LB 5-6: speed change 99.2%
2026-09-08T19:01:03.381,29,ON,40.0,196.0,40.0,196.0,40.0,196.0,40.0,276114,285108,292519,308863,347439,347567,348314,348540,4.447409384033801,26.447173121036297,2.447381302006853,5.080879303193695,312.5,262.38286479250337,176.99115044247787,2.8799725248511563,-2.9384037748163223,0.08400703074664956,413.6882824809592,-122.08255196304619,-158.9783915329206,98.37411862297802,False,LB 1-2 -> LB 2-3: speed change 83.2%; LB 2-3 -> LB 3-4: speed change 90.7%; LB 3-4 -> LB 4-5: speed change 51.8%; LB 4-5 -> LB 5-6: speed change 98.4%
2026-09-08T19:01:06.069,30,ON,40.0,196.0,40.0,196.0,40.0,196.0,40.0,281431,285168,292563,312079,350929,350976,351150,351193,10.703773080010704,26.504394861392832,2.0496003279360524,5.045045045045045,851.063829787234,1126.4367816091954,930.2325581395348,2.4911533424587495,-2.958822396035386,0.09004922882312705,3069.000804629693,2307.416019449017,-1709.861062454487,99.40720720720721,False,LB 1-2 -> LB 2-3: speed change 59.6%; LB 2-3 -> LB 3-4: speed change 92.3%; LB 3-4 -> LB 4-5: speed change 59.4%; LB 4-5 -> LB 5-6: speed change 99.4%
2026-09-08T19:01:11.191,31,ON,40.0,196.0,40.0,196.0,40.0,196.0,40.0,281457,288799,296058,312128,356051,356100,356278,356322,5.448106782892944,27.000964320154292,2.4891101431238334,4.462354575051795,816.3265306122449,1101.123595505618,909.0909090909091,2.9634330792391568,-3.0629508682781488,0.058122623088490415,2823.597847343521,2313.915966092352,-1635.707167743576,99.45336156455615,False,LB 1-2 -> LB 2-3: speed change 79.8%; LB 2-3 -> LB 3-4: speed change 90.8%; LB 4-5 -> LB 5-6: speed change 99.5%
2026-09-08T19:01:15.256,32,ON,40.0,196.0,40.0,196.0,40.0,196.0,40.0,281539,288815,299841,316949,360132,360178,360343,360384,5.497526113249038,17.77616542717214,2.3380874444704234,4.5388231479980545,869.5652173913044,1187.878787878788,975.609756097561,1.2108867115607413,-1.3157856118483042,0.06412823165598616,3203.9112982254987,2775.0523194728485,-1945.9390614391368,99.47803533798022,False,LB 1-2 -> LB 2-3: speed change 69.1%; LB 2-3 -> LB 3-4: speed change 86.8%; LB 4-5 -> LB 5-6: speed change 99.5%
2026-09-08T19:01:19.006,33,ON,40.0,196.0,40.0,196.0,40.0,196.0,40.0,284979,288883,304684,320601,363937,363982,364147,364188,10.245901639344263,12.404278210239859,2.5130363762015455,4.522798597009415,888.8888888888889,1187.878787878788,975.609756097561,0.2071509216691267,-0.6252151105462675,0.05991675983473788,3347.894072385485,2631.0701606027765,-1945.9390614391368,99.49118515783644,False,LB 2-3 -> LB 3-4: speed change 79.7%; LB 4-5 -> LB 5-6: speed change 99.5%
2026-09-08T19:01:24.505,34,ON,40.0,196.0,40.0,196.0,40.0,196.0,40.0,284998,292208,304742,320683,369403,369449,369612,369653,5.547850208044383,15.637466092229136,2.50925286995797,4.022988505747127,869.5652173913044,1202.4539877300613,975.609756097561,0.9057275587064315,-1.0094660839839984,0.041898671830428766,3203.930012119784,2922.6776496234743,-2093.5643915897626,99.53735632183908,False,LB 1-2 -> LB 2-3: speed change 64.5%; LB 2-3 -> LB 3-4: speed change 84.0%; LB 4-5 -> LB 5-6: speed change 99.5%
2026-09-08T19:01:29.191,35,ON,40.0,196.0,40.0,196.0,40.0,196.0,40.0,285075,292222,308802,323438,374050,374101,374289,374337,5.596753882748006,11.821471652593486,2.7329871549603717,3.8725993835454045,784.3137254901961,1042.5531914893618,833.3333333333334,0.45942177122464617,-0.5604998866266652,0.0318974881197367,2606.4958600268023,1999.0217673404368,-1663.0199688144464,99.50624357859795,False,LB 1-2 -> LB 2-3: speed change 52.7%; LB 2-3 -> LB 3-4: speed change 76.9%; LB 4-5 -> LB 5-6: speed change 99.5%
2026-09-08T19:01:32.756,36,ON,40.0,196.0,40.0,196.0,40.0,196.0,40.0,288668,292284,312069,326833,377670,377715,377882,377924,11.061946902654867,9.906494819307555,2.7092928745597398,3.85545960619234,888.8888888888889,1173.6526946107786,952.3809523809524,-0.10266114267876343,-0.3847388632407935,0.031882630910341596,3347.917763649782,2488.7169100721094,-1993.3524114792008,99.56626079430336,False,LB 2-3 -> LB 3-4: speed change 72.7%; LB 4-5 -> LB 5-6: speed change 99.6%
2026-09-08T19:01:36.443,37,ON,40.0,196.0,40.0,196.0,40.0,196.0,40.0,288690,295701,316890,331067,381298,381355,381561,381612,5.705320211096848,9.250082590023124,2.8214713973337093,3.901972885270052,701.7543859649123,951.4563106796116,784.3137254901961,0.22463283564024886,-0.32882765710286727,0.03078259131953585,2086.6270882567533,1749.1944614875704,-1229.326657371809,99.44396886384901,False,LB 2-3 -> LB 3-4: speed change 69.5%; LB 4-5 -> LB 5-6: speed change 99.4%
2026-09-08T19:01:40.005,38,ON,40.0,196.0,40.0,196.0,40.0,196.0,40.0,288778,295715,320503,334873,384859,384869,385112,385164,5.766181346403345,7.907051799257705,2.7835768963117604,3.921097907414076,4000.0,806.5843621399177,769.2307692307693,0.12403652896836707,-0.2320896941460335,0.03231656127901031,67796.54502114916,-65039.92231674297,-249.41676659871612,99.90197255231465,False,LB 2-3 -> LB 3-4: speed change 64.8%; LB 4-5 -> LB 5-6: speed change 99.9%; LB 5-6 -> LB 6-7: speed change 79.8%
2026-09-08T19:01:44.505,39,ON,40.0,196.0,40.0,196.0,40.0,196.0,40.0,292088,295778,320517,334926,389421,389464,389619,389658,10.840108401084011,7.922713125025264,2.7760427510583665,3.596660244059088,930.2325581395348,1264.516129032258,1025.6410256410256,-0.23194308002459568,-0.23331766909213508,0.022159116760557093,3666.608797703016,3108.764526948742,-2318.0573182404714,99.61335902376365,False,LB 2-3 -> LB 3-4: speed change 65.0%; LB 4-5 -> LB 5-6: speed change 99.6%
2026-09-08T19:01:48.254,40,ON,40.0,196.0,40.0,196.0,40.0,196.0,40.0,292108,299390,320585,339011,393172,393218,393388,393430,5.492996429552321,9.247464024534088,2.17084554433952,3.6188401248130573,869.5652173913044,1152.9411764705883,952.3809523809524,0.2345024623304137,-0.3423856801172603,0.03552302318465354,3203.9430986988878,2428.5156317991427,-1789.1689743361617,99.5838333856465,False,LB 2-3 -> LB 3-4: speed change 76.5%; LB 4-5 -> LB 5-6: speed change 99.6%
2026-09-08T19:01:51.816,41,ON,40.0,196.0,40.0,196.0,40.0,196.0,40.0,292190,299408,323377,339020,396694,396745,396931,396977,5.541701302299806,8.177228920689224,2.5570542734769544,3.3984117626660195,784.3137254901961,1053.763440860215,869.5652173913044,0.15320601481968169,-0.25562943332139615,0.02123167775898308,2606.5104694483143,2098.5990224629195,-1501.1598389693788,99.56670250026008,False,LB 2-3 -> LB 3-4: speed change 68.7%; LB 4-5 -> LB 5-6: speed change 99.6%
2026-09-08T19:36:46.724,1,ON,40.0,196.0,40.0,196.0,40.0,196.0,40.0,2491231,2491367,2491754,2491814,2492031,2492081,2492261,2492306,294.11764705882354,506.45994832041345,666.6666666666666,903.2258064516129,800.0,1088.888888888889,888.8888888888889,720.3241056834626,796.3676491174937,1573.611919473399,-744.9866840685022,2312.1992048545726,-1676.0828625235408,41.926770708283314,True,
2026-09-08T19:36:50.097,2,ON,40.0,196.0,40.0,196.0,40.0,196.0,40.0,2494591,2494717,2495104,2495123,2495388,2495440,2495633,2495681,317.46031746031747,506.45994832041345,2105.2631578947367,739.622641509434,769.2307692307693,1015.5440414507772,833.3333333333334,659.8331614013149,17693.35290142459,-16462.251322692908,189.29798516088266,1862.7700160797326,-1427.4798969564972,75.94315245478036,False,LB 2-3 -> LB 3-4: speed change 75.9%; LB 3-4 -> LB 4-5: speed change 64.9%
2026-09-08T19:36:53.160,3,ON,40.0,196.0,40.0,196.0,40.0,196.0,40.0,2497631,2497770,2498171,2498232,2498447,2498495,2498668,2498711,287.76978417266184,488.7780548628429,655.7377049180328,911.6279069767442,833.3333333333334,1132.9479768786127,930.2325581395348,661.4090603081521,809.6947065070543,1699.4639963035181,-578.9025268404866,2496.2994655461744,-1772.197059705587,41.12465129936867,True,
2026-09-08T19:36:55.476,4,ON,40.0,196.0,40.0,196.0,40.0,196.0,40.0,2500043,2500156,2500471,2500580,2500792,2500842,2501025,2501074,353.98230088495575,622.2222222222222,366.9724770642202,924.5283018867924,800.0,1071.0382513661202,816.3265306122449,1109.5636630820047,-1069.880063154707,3051.202466385705,-909.9685635155761,2148.8259995313415,-2037.0081835083563,60.30705860325782,False,LB 3-4 -> LB 4-5: speed change 60.3%
2026-09-08T19:37:01.726,5,ON,40.0,196.0,40.0,196.0,40.0,196.0,40.0,2506345,2506462,2506811,2506867,2507066,2507112,2507279,2507320,341.88034188034186,561.6045845272206,714.2857142857143,984.9246231155779,869.5652173913044,1173.6526946107786,975.609756097561,841.1760220244604,825.442255384157,1948.6119982487714,-906.4951098414268,2632.699068942182,-1803.5858109084702,39.124367695796266,True,
2026-09-08T19:37:05.849,6,ON,40.0,196.0,40.0,196.0,40.0,196.0,40.0,2509430,2509620,2510246,2510263,2510725,2510821,2511257,2511401,210.52631578947367,313.0990415335463,2352.9411764705883,424.24242424242425,416.6666666666667,449.54128440366975,277.77777777777777,227.58339054803463,23043.649025938856,-22696.4006161174,-26.99374328804216,120.66209861097445,-529.3511548989009,86.69329073482427,False,LB 2-3 -> LB 3-4: speed change 86.7%; LB 3-4 -> LB 4-5: speed change 82.0%
2026-09-08T19:37:08.599,7,ON,40.0,196.0,40.0,196.0,40.0,196.0,40.0,2513028,2513185,2513552,2513662,2513894,2513947,2514140,2514189,254.77707006369425,534.0599455040872,363.6363636363636,844.8275862068965,754.7169811320755,1015.5440414507772,816.3265306122449,933.5113133965593,-648.2568662421647,2463.992565497854,-610.7454610468541,1956.49143439434,-1546.358879426921,56.95732838589982,False,LB 1-2 -> LB 2-3: speed change 52.3%; LB 3-4 -> LB 4-5: speed change 57.0%
2026-09-08T19:37:11.037,8,ON,40.0,196.0,40.0,196.0,40.0,196.0,40.0,2515616,2515745,2516055,2516115,2516362,2516408,2516576,2516618,310.07751937984494,632.258064516129,666.6666666666666,793.5222672064777,869.5652173913044,1166.6666666666667,952.3809523809524,1286.4499666140823,189.3821368591645,784.8862038477298,535.8732150181264,2563.421372094597,-1924.0747146316157,50.95712703686126,False,LB 1-2 -> LB 2-3: speed change 51.0%
2026-09-08T19:37:13.785,9,ON,40.0,196.0,40.0,196.0,40.0,196.0,40.0,2518134,2518280,2518654,2518731,2519063,2519123,2519335,2519389,273.972602739726,524.0641711229947,519.4805194805194,590.3614457831326,666.6666666666666,924.5283018867924,740.7407407407408,845.6875779781852,-20.267988707970876,333.33316333644177,406.4313888868381,1738.5937989204726,-1296.8463389683668,47.72155437517473,True,
2026-09-08T19:37:15.474,10,ON,40.0,196.0,40.0,196.0,40.0,196.0,40.0,2520085,2520216,2520576,2520632,2520828,2520873,2521039,2521080,305.3435114503817,544.4444444444445,714.2857142857143,1000.0,888.8888888888889,1180.7228915662652,975.609756097561,860.953784328688,905.8657989247176,2075.4064337599443,-889.3073864825276,2559.2503808410124,-1874.1192816773728,43.91649789686867,True,
2026-09-08T19:37:18.162,11,ON,40.0,196.0,40.0,196.0,40.0,196.0,40.0,2522480,2522628,2523068,2523144,2523405,2523463,2523672,2523725,270.27027027027026,445.45454545454544,526.3157894736842,750.9578544061303,689.6551724137931,937.799043062201,754.7169811320755,531.2870045514862,332.95999230165995,1215.8024951057264,-374.2095010896614,1711.198255641022,-1313.0056083019758,39.32708218422504,True,
2026-09-08T19:37:21.224,12,ON,40.0,196.0,40.0,196.0,40.0,196.0,40.0,2525683,2525841,2526256,2526267,2526540,2526590,2526774,2526820,253.16455696202533,472.28915662650604,3636.3636363636365,717.9487179487179,800.0,1065.2173913043478,869.5652173913044,673.5794684966008,55085.09935763048,-53846.14463671001,527.7527050669167,2096.135977700169,-1604.0017942392096,87.01204819277109,False,LB 2-3 -> LB 3-4: speed change 87.0%; LB 3-4 -> LB 4-5: speed change 80.3%
2026-09-08T19:37:24.612,13,ON,40.0,196.0,40.0,196.0,40.0,196.0,40.0,2528924,2529103,2529575,2529644,2529894,2529950,2530156,2530206,223.46368715083798,415.2542372881356,579.7101449275362,784.0,714.2857142857143,951.4563106796116,800.0,519.068059791117,693.3380107887876,1180.4752028309106,-442.59287443791044,1674.0043622856126,-1124.0216573392277,46.18629574734922,True,
2026-09-08T19:37:40.910,14,ON,40.0,196.0,40.0,196.0,40.0,196.0,40.0,2545305,2545450,2545812,2545882,2546176,2546229,2546427,2546479,275.86206896551727,541.4364640883978,571.4285714285714,666.6666666666666,754.7169811320755,989.89898989899,769.2307692307693,919.7184896212332,141.42867627267438,499.63488220146775,530.3104964604629,1738.5690194657925,-1644.847601151185,49.04996481351161,True,
2026-09-08T19:37:43.287,15,ON,40.0,196.0,40.0,196.0,40.0,196.0,40.0,2547871,2547988,2548336,2548392,2548590,2548639,2548809,2548851,341.88034188034186,563.2183908045977,714.2857142857143,989.89898989899,816.3265306122449,1152.9411764705883,952.3809523809524,848.8677439673775,817.75053344124,1990.2369854677438,-1328.4364644983734,2808.831999237117,-1789.1689743361617,39.298796441653586,True,
2026-09-08T19:37:44.974,16,ON,40.0,196.0,40.0,196.0,40.0,196.0,40.0,2549821,2549913,2550114,2550163,2550368,2550398,2550536,2550572,434.7826086956522,975.1243781094528,816.3265306122449,956.0975609756098,1333.3333333333333,1420.2898550724638,1111.111111111111,3228.1001523692817,-1205.4175771267905,1049.7183962800225,3659.5560664163886,1014.5995535761971,-3316.3363185897974,55.41259982253772,False,LB 1-2 -> LB 2-3: speed change 55.4%
2026-09-08T19:37:47.974,17,ON,40.0,196.0,40.0,196.0,40.0,196.0,40.0,2552565,2552694,2553060,2553118,2553321,2553367,2553532,2553573,310.07751937984494,535.5191256830601,689.6551724137931,965.5172413793103,869.5652173913044,1187.878787878788,975.609756097561,807.7655336762331,800.1844189184305,1934.7427396763337,-746.1011699318942,2775.0523194728485,-1945.9390614391368,42.09776934029426,True,
2026-09-08T19:37:53.161,18,ON,40.0,196.0,40.0,196.0,40.0,196.0,40.0,2556777,2556911,2557517,2557626,2558098,2558209,2558643,2558758,298.5074626865672,323.4323432343234,366.9724770642202,415.2542372881356,360.36036036036035,451.61290322580646,347.82608695652175,65.68548885793601,127.37422996866279,160.0308587419559,-180.40886553687474,313.96027559742737,-351.57299827354154,22.981366459627328,True,
2026-09-08T19:37:56.035,19,ON,40.0,196.0,40.0,196.0,40.0,196.0,40.0,2560618,2560750,2561129,2561187,2561389,2561435,2561602,2561643,303.030303030303,517.1503957783641,689.6551724137931,970.2970297029703,869.5652173913044,1173.6526946107786,975.609756097561,744.140539402887,882.1174787431361,1973.9494449716447,-785.3078752272053,2632.699068942182,-1803.5858109084702,41.40383426097712,True,
2026-09-08T19:37:58.474,20,ON,40.0,196.0,40.0,196.0,40.0,196.0,40.0,2563016,2563146,2563463,2563581,2563791,2563838,2564009,2564051,307.6923076923077,618.2965299684543,338.9830508474576,933.3333333333334,851.063829787234,1146.1988304093568,952.3809523809524,1218.7120455848049,-1132.970721225346,3204.244077751106,-622.0401217754115,2497.7208324562007,-1723.4842388717263,63.680387409200975,False,LB 1-2 -> LB 2-3: speed change 50.2%; LB 3-4 -> LB 4-5: speed change 63.7%
2026-09-08T19:38:03.723,21,ON,40.0,196.0,40.0,196.0,40.0,196.0,40.0,2565543,2565715,2566228,2566439,2566899,2567022,2569223,2569331,232.5581395348837,382.0662768031189,189.5734597156398,426.0869565217391,325.2032520325203,89.05043162199,370.3703703703704,389.3701339248773,-466.25653915949226,616.9999910567843,-321.1565228196249,-414.5219311884076,547.6450503229772,75.95638346206269,False,LB 2-3 -> LB 3-4: speed change 50.4%; LB 3-4 -> LB 4-5: speed change 55.5%; LB 5-6 -> LB 6-7: speed change 72.6%; LB 6-7 -> LB 7-8: speed change 76.0%
2026-09-08T19:38:21.283,22,ON,40.0,196.0,40.0,196.0,40.0,196.0,40.0,2585884,2586011,2586370,2586380,2586617,2586660,2586817,2586856,314.96062992125985,545.9610027855153,4000.0,827.0042194092827,930.2325581395348,1248.407643312102,1025.6410256410256,842.6831278057996,66533.58721795524,-64898.57636050526,768.6298021273989,2937.241659564633,-2146.534450856362,86.35097493036213,False,LB 2-3 -> LB 3-4: speed change 86.4%; LB 3-4 -> LB 4-5: speed change 79.3%
2026-09-08T19:38:30.362,23,ON,40.0,196.0,40.0,196.0,40.0,196.0,40.0,2588647,2588984,2590560,2591015,2592792,2593089,2594285,2595936,118.69436201780415,124.36548223350253,87.91208791208791,110.29825548677546,134.68013468013467,163.87959866220737,24.227740763173834,5.840769476093579,-32.789143941139656,18.80156763713271,25.30946404251364,36.93976347553791,-111.31160777626526,85.21613369757351,False,LB 6-7 -> LB 7-8: speed change 85.2%
2026-09-08T19:38:37.099,24,ON,40.0,196.0,40.0,196.0,40.0,196.0,40.0,2601636,2601774,2602153,2602211,2602418,2602465,2602635,2602677,289.8550724637681,517.1503957783641,689.6551724137931,946.8599033816425,851.063829787234,1152.9411764705883,952.3809523809524,777.2396983929762,882.1174787431361,1783.5568635372658,-729.8052299143199,2563.4055679206363,-1789.1689743361617,43.95149364093463,True,
2026-09-08T19:38:39.724,25,ON,40.0,196.0,40.0,196.0,40.0,196.0,40.0,2604272,2604391,2604758,2604818,2605041,2605092,2605276,2605323,336.1344537815126,534.0599455040872,666.6666666666666,878.9237668161435,784.3137254901961,1065.2173913043478,851.063829787234,729.8036202238675,674.6797417483721,1390.095523007772,-666.7752876354567,2201.4409777327505,-1738.8917303607031,37.060538501114735,True,
2026-09-08T19:38:42.161,26,ON,40.0,196.0,40.0,196.0,40.0,196.0,40.0,2606720,2606847,2607239,2607300,2607516,2607565,2607742,2607786,314.96062992125985,500.0,655.7377049180328,907.4074074074074,816.3265306122449,1107.3446327683616,909.0909090909091,638.9822101678102,762.6777019117334,1666.9333278248455,-665.2508408322376,2372.131911607937,-1693.9231132591613,37.00787401574803,True,
2026-09-08T19:38:45.472,27,ON,40.0,196.0,40.0,196.0,40.0,196.0,40.0,2610132,2610243,2610535,2610592,2610836,2610882,2611051,2611094,360.36036036036035,671.2328767123288,701.7543859649123,803.2786885245902,869.5652173913044,1159.7633136094676,930.2325581395348,1358.87281974771,177.56628576899465,647.4467509186205,469.8602366906816,2495.369814820448,-2032.7047939474114,46.31366059937489,True,
2026-09-08T19:38:50.972,28,ON,40.0,196.0,40.0,196.0,40.0,196.0,40.0,2612517,2612669,2613671,2613887,2614759,2614928,2616162,2616561,263.1578947368421,195.60878243512974,185.1851851851852,224.77064220183487,236.68639053254438,158.8330632090762,100.25062656641605,-131.31051608717345,-16.818826074926218,68.7639355243811,23.299177404656092,-130.47671819892253,-64.3125162772008,36.88302388624623,True,
2026-09-08T19:38:54.161,29,ON,40.0,196.0,40.0,196.0,40.0,196.0,40.0,2618637,2618782,2619180,2619191,2619460,2619511,2619696,2619742,275.86206896551727,492.46231155778895,3636.3636363636365,728.6245353159851,784.3137254901961,1059.4594594594594,869.5652173913044,705.1663017411228,55002.632913402245,-53780.70670509888,357.0097734232017,2149.6030773127923,-1552.1638938192514,86.45728643216081,False,LB 2-3 -> LB 3-4: speed change 86.5%; LB 3-4 -> LB 4-5: speed change 80.0%
2026-09-08T19:38:56.787,30,ON,40.0,196.0,40.0,196.0,40.0,196.0,40.0,2621167,2621322,2621779,2621792,2622101,2622158,2622359,2622407,258.06451612903226,428.88402625820567,3076.923076923077,634.3042071197411,701.7543859649123,975.1243781094528,833.3333333333334,497.2212436209224,39336.92420899291,-38411.499127677846,381.8533519118123,1942.4081972981185,-1086.538594656367,86.06126914660831,False,LB 2-3 -> LB 3-4: speed change 86.1%; LB 3-4 -> LB 4-5: speed change 79.4%
2026-09-08T19:38:59.100,31,ON,40.0,196.0,40.0,196.0,40.0,196.0,40.0,2623739,2623851,2624141,2624198,2624442,2624487,2624654,2624695,357.14285714285717,675.8620689655172,701.7543859649123,803.2786885245902,888.8888888888889,1173.6526946107786,975.609756097561,1395.078457026213,151.14272014678642,647.4467509186205,613.8423955607537,2488.7169100721094,-1803.5858109084702,47.157434402332356,True,
2026-09-08T19:39:01.722,32,ON,40.0,196.0,40.0,196.0,40.0,196.0,40.0,2626306,2626442,2626815,2626872,2627070,2627115,2627277,2627317,294.11764705882354,525.4691689008043,701.7543859649123,989.89898989899,888.8888888888889,1209.8765432098764,1000.0,803.4434625164549,916.7007235410555,2065.4270846697013,-804.1379381903271,2854.5669195735445,-1965.2595330910171,44.02761104441777,True,
2026-09-08T19:39:04.473,33,ON,40.0,196.0,40.0,196.0,40.0,196.0,40.0,2628946,2629098,2629450,2629571,2629799,2629849,2630029,2630074,263.1578947368421,556.8181818181819,330.57851239669424,859.6491228070175,800.0,1088.888888888889,888.8888888888889,1020.3152967838092,-850.6963336648073,2668.2816164595906,-419.4771794189607,2312.1992048545726,-1676.0828625235408,61.54494855793556,False,LB 1-2 -> LB 2-3: speed change 52.7%; LB 3-4 -> LB 4-5: speed change 61.5%
2026-09-08T19:39:10.975,34,ON,40.0,196.0,40.0,196.0,40.0,196.0,40.0,2631943,2632367,2633558,2633620,2635136,2635405,2636342,2636590,94.33962264150944,164.56759026028547,645.1612903225806,129.28759894459102,148.6988847583643,209.17822838847385,161.29032258064515,77.04460747430001,1648.9432151127962,-1692.8720647874563,22.864724947135134,91.7125970481323,-75.17357234564388,79.96042216358839,False,LB 2-3 -> LB 3-4: speed change 74.5%; LB 3-4 -> LB 4-5: speed change 80.0%
2026-09-08T19:39:17.850,35,ON,40.0,196.0,40.0,196.0,40.0,196.0,40.0,2642504,2642618,2642966,2642976,2643222,2643267,2643431,2643472,350.87719298245617,563.2183908045977,4000.0,796.7479674796748,888.8888888888889,1195.121951219512,975.609756097561,822.4582677342065,66452.47900109949,-65106.74862846189,658.1192080810616,2704.207718205976,-2019.0766190423367,85.91954022988506,False,LB 2-3 -> LB 3-4: speed change 85.9%; LB 3-4 -> LB 4-5: speed change 80.1%
2026-09-08T19:39:20.787,36,ON,40.0,196.0,40.0,196.0,40.0,196.0,40.0,2645404,2645539,2645916,2645971,2646164,2646207,2646364,2646403,296.2962962962963,519.893899204244,727.2727272727273,1015.5440414507772,930.2325581395348,1248.407643312102,1025.6410256410256,773.2973357241103,1095.9150568005005,2128.8308486926576,-703.3774911159101,2937.241659564633,-2146.534450856362,43.00831443688586,True,
2026-09-08T19:39:26.286,37,ON,40.0,196.0,40.0,196.0,40.0,196.0,40.0,2650914,2651041,2651399,2651455,2651657,2651703,2651867,2651907,314.96062992125985,547.4860335195531,714.2857142857143,970.2970297029703,869.5652173913044,1195.121951219512,1000.0,849.7489766888831,891.792901413898,1827.42476363455,-785.3078752272053,2848.1898770760486,-1814.9003317234485,42.47147677968825,True,
2026-09-08T19:39:28.475,38,ON,40.0,196.0,40.0,196.0,40.0,196.0,40.0,2652984,2653118,2653464,2653534,2653816,2653868,2654054,2654100,298.5074626865672,566.4739884393064,571.4285714285714,695.0354609929078,769.2307692307693,1053.763440860215,869.5652173913044,982.1443826218776,23.889121468485506,663.3206770878215,460.3461198887166,2197.8873430601648,-1501.1598389693788,47.304294852269265,True,
2026-09-08T19:39:31.362,39,ON,40.0,196.0,40.0,196.0,40.0,196.0,40.0,2655976,2656101,2656457,2656468,2656716,2656763,2656929,2656970,320.0,550.561797752809,3636.3636363636365,790.3225806451613,851.063829787234,1180.7228915662652,975.609756097561,850.5012421390038,54745.856791199,-53383.604721992124,422.45703768850177,2838.122475832578,-1874.1192816773728,84.85955056179775,False,LB 2-3 -> LB 3-4: speed change 84.9%; LB 3-4 -> LB 4-5: speed change 78.3%
2026-09-08T19:39:33.786,40,ON,40.0,196.0,40.0,196.0,40.0,196.0,40.0,2658372,2658494,2658813,2658874,2659136,2659186,2659368,2659415,327.8688524590164,614.4200626959248,655.7377049180328,748.0916030534352,800.0,1076.923076923077,851.063829787234,1144.127241654542,222.37256020298688,549.3606309656326,340.50404000399,2202.3869220740144,-1845.142674734548,46.637671462027434,True,
2026-09-08T19:39:36.474,41,ON,40.0,196.0,40.0,196.0,40.0,196.0,40.0,2661160,2661273,2661567,2661668,2661856,2661899,2662057,2662097,353.98230088495575,666.6666666666666,396.03960396039605,1042.5531914893618,930.2325581395348,1240.506329113924,1000.0,1352.2922673925298,-1218.6316802514282,3940.97368296418,-938.9175629738592,2853.9124591054237,-2283.2879346258605,62.01252778339058,False,LB 3-4 -> LB 4-5: speed change 62.0%
2026-09-08T19:40:03.102,42,ON,40.0,196.0,40.0,196.0,40.0,196.0,40.0,2687719,2687836,2688186,2688242,2688438,2688482,2688643,2688684,341.88034188034186,560.0,714.2857142857143,1000.0,909.0909090909091,1217.391304347826,975.609756097561,833.5501348973753,833.0681425112421,2075.4064337599443,-735.3971144417982,2777.9462157201933,-2246.725388597283,38.949938949938954,True,
2026-09-08T19:40:05.368,43,ON,40.0,196.0,40.0,196.0,40.0,196.0,40.0,2689931,2690045,2690361,2690437,2690708,2690761,2690950,2690996,350.87719298245617,620.253164556962,526.3157894736842,723.2472324723248,754.7169811320755,1037.037037037037,869.5652173913044,1108.4711168969407,-456.3799910746541,1042.704445040549,197.08119631456202,2143.4241295654374,-1352.975207160044,43.43000358037952,True,
2026-09-08T19:40:07.911,44,ON,40.0,196.0,40.0,196.0,40.0,196.0,40.0,2692590,2692713,2693064,2693118,2693309,2693352,2693508,2693547,325.2032520325203,558.4045584045584,740.7407407407408,1026.1780104712043,930.2325581395348,1256.4102564102564,1025.6410256410256,873.1292191290803,1003.7338735006418,2137.0528143283805,-795.3758345415936,3022.178475381623,-2231.471266673352,41.76207068193131,True,
2026-09-08T19:40:10.661,45,ON,40.0,196.0,40.0,196.0,40.0,196.0,40.0,2694818,2694949,2695397,2695540,2695849,2695922,2696189,2696258,305.3435114503817,437.5,279.72027972027973,634.3042071197411,547.945205479452,734.0823970037453,579.7101449275362,415.98131362351955,-479.5034538695274,1373.2982723856437,-432.61813119442576,1011.1568533171413,-859.3775994019458,55.90124161552733,False,LB 3-4 -> LB 4-5: speed change 55.9%
2026-09-08T19:40:12.975,46,ON,40.0,196.0,40.0,196.0,40.0,196.0,40.0,2697531,2697668,2698063,2698074,2698335,2698383,2698558,2698601,291.97080291970804,496.2025316455696,3636.3636363636365,750.9578544061303,833.3333333333334,1120.0,930.2325581395348,682.0762824317522,54986.9641671877,-53640.689816836915,552.9946836872274,2372.693032015066,-1648.5906261744785,86.35443037974684,False,LB 2-3 -> LB 3-4: speed change 86.4%; LB 3-4 -> LB 4-5: speed change 79.3%
2026-09-08T19:40:15.347,47,ON,40.0,196.0,40.0,196.0,40.0,196.0,40.0,2699923,2700063,2700387,2700451,2700714,2700762,2700934,2700977,285.7142857142857,604.9382716049382,625.0,745.2471482889733,833.3333333333334,1139.5348837209303,930.2325581395348,1204.7358448777352,104.55376079504234,698.170813698504,589.1997136084641,2559.725876154363,-1835.6234703137761,52.769679300291536,False,LB 1-2 -> LB 2-3: speed change 52.8%
2026-09-08T19:40:17.536,48,ON,40.0,196.0,40.0,196.0,40.0,196.0,40.0,2702223,2702338,2702677,2702731,2702925,2702969,2703129,2703170,347.82608695652175,578.1710914454277,740.7407407407408,1010.3092783505155,909.0909090909091,1225.0,975.609756097561,903.8085771852174,908.5382797031535,2000.1186141016863,-823.2142242771342,2856.689487323154,-2325.468660200244,39.84028393966282,True,
2026-09-08T19:40:19.659,49,ON,40.0,196.0,40.0,196.0,40.0,196.0,40.0,2704290,2704429,2704801,2704857,2705049,2705093,2705253,2705294,287.76978417266184,526.8817204301075,714.2857142857143,1020.8333333333334,909.0909090909091,1225.0,975.609756097561,825.3936383076677,985.5920945307762,2253.7992068296244,-913.7898875114782,2856.689487323154,-2325.468660200244,45.38246953457642,True,
2026-09-08T19:40:24.098,50,ON,40.0,196.0,40.0,196.0,40.0,196.0,40.0,2708820,2708936,2709234,2709288,2709507,2709549,2709699,2709736,344.82758620689657,657.7181208053692,740.7407407407408,894.9771689497717,952.3809523809524,1306.6666666666667,1081.081081081081,1329.1824670613198,491.96490914150513,1069.013931983927,449.3446843928043,3391.306353049695,-2282.379126721776,47.57213230119634,True,
2026-09-08T19:40:26.352,51,ON,40.0,196.0,40.0,196.0,40.0,196.0,40.0,2710979,2711106,2711465,2711520,2711716,2711760,2711919,2711958,314.96062992125985,545.9610027855153,727.2727272727273,1000.0,909.0909090909091,1232.7044025157234,1025.6410256410256,842.6831278057996,978.1873020006154,1996.0778820563105,-735.3971144417982,2936.923148262334,-1981.4433495918283,42.310782580748835,True,
2026-09-08T19:40:28.349,52,ON,40.0,196.0,40.0,196.0,40.0,196.0,40.0,2712834,2712983,2713399,2713462,2713683,2713734,2713917,2713963,268.4563758389262,471.15384615384613,634.9206349206349,886.8778280542987,784.3137254901961,1071.0382513661202,869.5652173913044,635.2420382075903,767.5350250104242,1624.6952086707115,-726.2892453474549,2254.130999563923,-1656.691816070382,43.021503903574846,True,
2026-09-08T19:40:29.995,53,ON,40.0,196.0,40.0,196.0,40.0,196.0,40.0,2714565,2714690,2714997,2715065,2715300,2715346,2715514,2715557,320.0,638.4364820846905,588.2352941176471,834.0425531914893,869.5652173913044,1166.6666666666667,930.2325581395348,1293.2251765113363,-260.93381530085014,1481.3822851207779,256.4266388246107,2563.421372094597,-2100.75635122156,49.87755102040816,True,
2026-09-08T19:40:31.600,54,ON,40.0,196.0,40.0,196.0,40.0,196.0,40.0,2716245,2716365,2716718,2716774,2716972,2717016,2717178,2717218,333.3333333333333,555.2407932011331,714.2857142857143,989.89898989899,909.0909090909091,1209.8765432098764,1000.0,835.5136750996286,855.5582338899563,1990.2369854677438,-650.2276661495976,2700.6566475328154,-1965.2595330910171,39.965986394557824,True,
2026-09-08T19:40:34.811,55,ON,40.0,196.0,40.0,196.0,40.0,196.0,40.0,2718967,2719163,2719712,2719789,2720057,2720117,2720338,2720393,204.08163265306123,357.0127504553734,519.4805194805194,731.3432835820895,666.6666666666666,886.8778280542987,727.2727272727273,363.59657288716824,603.397907339151,1122.8940183088232,-383.1294660855433,1449.60948071977,-1091.6383985576247,42.83631820074969,True,
2026-09-08T19:40:38.676,56,ON,40.0,196.0,40.0,196.0,40.0,196.0,40.0,2723251,2723379,2723758,2723770,2724038,2724087,2724262,2724306,312.5,517.1503957783641,3333.3333333333335,731.3432835820895,816.3265306122449,1120.0,909.0909090909091,719.4418722615196,45947.739742616075,-44814.61064690881,557.3135853423387,2491.5720144854895,-1813.3632161367134,84.48548812664909,False,LB 2-3 -> LB 3-4: speed change 84.5%; LB 3-4 -> LB 4-5: speed change 78.1%
2026-09-08T19:40:40.861,57,ON,40.0,196.0,40.0,196.0,40.0,196.0,40.0,2725389,2725519,2725846,2725909,2726174,2726221,2726397,2726442,307.6923076923077,599.388379204893,634.9206349206349,739.622641509434,851.063829787234,1113.6363636363637,888.8888888888889,1121.1520038680121,185.8380657718374,609.8196575651291,751.1355531301751,2185.916559496226,-1907.0444645046605,48.665620094191524,True,
2026-09-08T19:40:43.410,58,ON,40.0,196.0,40.0,196.0,40.0,196.0,40.0,2727668,2727834,2728271,2728355,2728687,2728747,2728964,2729018,240.96385542168676,448.512585812357,476.1904761904762,590.3614457831326,666.6666666666666,903.2258064516129,740.7407407407408,606.3557627644209,108.44843212892208,515.9714705620258,406.4313888868381,1573.611919473399,-1131.8644595212932,46.27489550036882,True,
2026-09-08T19:41:07.970,59,ON,40.0,196.0,40.0,196.0,40.0,196.0,40.0,2752645,2752755,2753049,2753108,2753354,2753401,2753568,2753610,363.6363636363636,666.6666666666666,677.9661016949152,796.7479674796748,851.063829787234,1173.6526946107786,952.3809523809524,1322.9366079905367,64.37962119896493,742.242748455902,379.247113089496,2767.5890050636754,-1993.3524114792008,45.45454545454545,True,
2026-09-08T19:41:13.098,60,ON,40.0,196.0,40.0,196.0,40.0,196.0,40.0,2757465,2757723,2758070,2758150,2758443,2758496,2758681,2758725,155.03875968992247,564.8414985590778,500.0,668.9419795221843,754.7169811320755,1059.4594594594594,909.0909090909091,1250.0377181706574,-292.5674512477316,836.7939490129593,517.4336849239628,2342.6128162246446,-1254.2714629084496,72.55181142224332,False,LB 1-2 -> LB 2-3: speed change 72.6%
2026-09-08T19:41:15.847,61,ON,40.0,196.0,40.0,196.0,40.0,196.0,40.0,2760327,2760489,2760857,2760927,2761214,2761266,2761452,2761501,246.91358024691357,532.6086956521739,571.4285714285714,682.9268292682926,769.2307692307693,1053.763440860215,816.3265306122449,943.6682481947498,181.604193053339,592.6205164811258,531.0462804954122,2197.8873430601648,-1881.476206407353,53.64071554547745,False,LB 1-2 -> LB 2-3: speed change 53.6%
2026-09-08T19:41:17.912,62,ON,40.0,196.0,40.0,196.0,40.0,196.0,40.0,2762550,2762684,2763038,2763048,2763279,2763321,2763474,2763512,298.5074626865672,553.6723163841808,4000.0,848.4848484848485,952.3809523809524,1281.045751633987,1052.6315789473683,921.3827485197124,66497.65663588888,-64746.07399106629,792.8090692783629,3110.3760140738855,-2258.665155857022,86.15819209039547,False,LB 2-3 -> LB 3-4: speed change 86.2%; LB 3-4 -> LB 4-5: speed change 78.8%
2026-09-08T19:41:19.784,63,ON,40.0,196.0,40.0,196.0,40.0,196.0,40.0,2764484,2764596,2764901,2764992,2765178,2765221,2765376,2765416,357.14285714285717,642.6229508196722,439.56043956043953,1053.763440860215,930.2325581395348,1264.516129032258,1000.0,1209.378120813642,-931.1477834475253,3886.4576663855637,-1038.4948180963422,3108.764526948742,-2538.140002469179,58.28661134783584,False,LB 3-4 -> LB 4-5: speed change 58.3%
2026-09-08T19:41:22.100,64,ON,40.0,196.0,40.0,196.0,40.0,196.0,40.0,2766705,2766846,2767217,2767274,2767472,2767518,2767680,2767720,283.68794326241135,528.3018867924528,701.7543859649123,989.89898989899,869.5652173913044,1209.8765432098764,1000.0,841.627264559358,904.0522653920573,2065.4270846697013,-948.1200970603993,2998.549078443617,-1965.2595330910171,46.301925025329275,True,
2026-09-08T19:41:23.971,65,ON,40.0,196.0,40.0,196.0,40.0,196.0,40.0,2768397,2768533,2768952,2769015,2769248,2769307,2769526,2769580,294.11764705882354,467.78042959427205,634.9206349206349,841.2017167381974,677.9661016949152,894.9771689497717,740.7407407407408,560.64974576264,780.956281087375,1290.2377779460521,-1050.772428796146,1446.3817707370679,-1069.013931983927,37.12484993997599,True,
2026-09-08T19:41:25.600,66,ON,40.0,196.0,40.0,196.0,40.0,196.0,40.0,2770268,2770383,2770726,2770779,2770965,2771007,2771161,2771200,347.82608695652175,571.4285714285714,754.7169811320755,1053.763440860215,952.3809523809524,1272.7272727272727,1025.6410256410256,870.9645147347973,1029.9453786619306,2291.6087613747723,-861.8131815063979,3020.361153753185,-2406.3355816348585,39.130434782608695,True,
2026-09-08T19:41:27.223,67,ON,40.0,196.0,40.0,196.0,40.0,196.0,40.0,2771930,2772043,2772380,2772389,2772624,2772669,2772828,2772868,353.98230088495575,581.6023738872403,4444.444444444444,834.0425531914893,888.8888888888889,1232.7044025157234,1000.0,902.36377954011,82266.20804424497,-80751.94677635131,400.4087976946829,3090.8334203030636,-2201.526033820536,86.9139465875371,False,LB 2-3 -> LB 3-4: speed change 86.9%; LB 3-4 -> LB 4-5: speed change 81.2%
2026-09-08T19:41:29.786,68,ON,40.0,196.0,40.0,196.0,40.0,196.0,40.0,2774321,2774460,2774835,2774941,2775161,2775211,2775391,2775436,287.76978417266184,522.6666666666666,377.35849056603774,890.9090909090909,800.0,1088.888888888889,888.8888888888889,806.6482871256949,-554.1568391617202,2759.828719755018,-651.3517299341639,2312.1992048545726,-1676.0828625235408,57.64343473238351,False,LB 3-4 -> LB 4-5: speed change 57.6%
2026-09-08T19:41:32.346,69,ON,40.0,196.0,40.0,196.0,40.0,196.0,40.0,2776821,2777001,2777441,2777502,2777713,2777761,2777929,2777971,222.22222222222223,445.45454545454544,655.7377049180328,928.9099526066351,833.3333333333334,1166.6666666666667,952.3809523809524,631.555237359038,981.1957016315822,1834.2447559342884,-713.6832864712569,2824.858757062147,-1924.0747146316157,50.11337868480725,False,LB 1-2 -> LB 2-3: speed change 50.1%
2026-09-08T19:41:34.097,70,ON,40.0,196.0,40.0,196.0,40.0,196.0,40.0,2778488,2778621,2779070,2779140,2779395,2779453,2779670,2779726,300.7518796992481,436.52561247216033,571.4285714285714,768.6274509803922,689.6551724137931,903.2258064516129,714.2857142857143,424.1649033964563,576.1694995792512,1119.735365066598,-487.98263374371334,1441.4940703519821,-1294.9693890148872,31.103268375019184,True,
2026-09-08T19:41:36.037,71,ON,40.0,196.0,40.0,196.0,40.0,196.0,40.0,2780572,2780726,2781120,2781130,2781395,2781445,2781624,2781669,259.7402597402597,497.46192893401013,4000.0,739.622641509434,800.0,1094.9720670391062,888.8888888888889,762.7261364780022,66748.01537822565,-65478.637068502576,393.891305790709,2368.490794897851,-1732.3744525668192,87.56345177664974,False,LB 2-3 -> LB 3-4: speed change 87.6%; LB 3-4 -> LB 4-5: speed change 81.5%
2026-09-08T19:41:38.724,72,ON,40.0,196.0,40.0,196.0,40.0,196.0,40.0,2783379,2783506,2783822,2783880,2784127,2784173,2784339,2784381,314.96062992125985,620.253164556962,689.6551724137931,793.5222672064777,869.5652173913044,1180.7228915662652,952.3809523809524,1209.8041938242754,385.2130029414109,652.7683547263131,535.8732150181264,2703.2325397110844,-2063.8858822481034,49.22063313514382,True,
2026-09-08T19:41:40.807,73,ON,40.0,196.0,40.0,196.0,40.0,196.0,40.0,2785410,2785530,2785848,2785961,2786173,2786222,2786400,2786444,333.3333333333333,616.3522012578617,353.98230088495575,924.5283018867924,816.3265306122449,1101.123595505618,909.0909090909091,1138.8937495097482,-1078.7566383712046,3090.886066313002,-798.1507474925908,2313.915966092352,-1635.707167743576,61.71211847570886,False,LB 3-4 -> LB 4-5: speed change 61.7%
2026-09-08T19:41:42.598,74,ON,40.0,196.0,40.0,196.0,40.0,196.0,40.0,2787035,2787200,2787606,2787678,2787964,2788016,2788202,2788248,242.42424242424244,482.7586206896552,555.5555555555555,685.3146853146853,769.2307692307693,1053.763440860215,869.5652173913044,738.5015785390276,320.2800400782356,682.2637398276449,517.2023662008255,2197.8873430601648,-1501.1598389693788,49.78354978354978,True,
2026-09-08T19:41:58.036,75,ON,40.0,196.0,40.0,196.0,40.0,196.0,40.0,2802602,2802733,2803061,2803172,2803381,2803429,2803601,2803644,305.3435114503817,597.560975609756,360.36036036036035,937.799043062201,833.3333333333334,1139.5348837209303,930.2325581395348,1117.984998249297,-962.7946197145537,3176.302779022589,-783.994070864133,2559.725876154363,-1835.6234703137761,61.573818716675866,False,LB 3-4 -> LB 4-5: speed change 61.6%
2026-09-08T19:42:00.303,76,ON,40.0,196.0,40.0,196.0,40.0,196.0,40.0,2805003,2805116,2805462,2805517,2805710,2805754,2805913,2805954,353.98230088495575,566.4739884393064,727.2727272727273,1015.5440414507772,909.0909090909091,1232.7044025157234,975.609756097561,828.7682637225765,881.4950858320988,2128.8308486926576,-868.150081078145,2936.923148262334,-2405.7023211394244,37.51128770092107,True,
2026-09-08T19:42:02.724,77,ON,40.0,196.0,40.0,196.0,40.0,196.0,40.0,2807230,2807395,2807801,2807862,2808079,2808129,2808307,2808352,242.42424242424244,482.7586206896552,655.7377049180328,903.2258064516129,800.0,1101.123595505618,888.8888888888889,738.5015785390276,834.4747957669098,1634.8513550381247,-744.9866840685022,2425.7337821153374,-1789.6174397843054,49.78354978354978,True,
2026-09-08T19:42:04.598,78,ON,40.0,196.0,40.0,196.0,40.0,196.0,40.0,2809337,2809445,2809730,2809827,2810010,2810052,2810203,2810240,370.3703703703704,687.719298245614,412.37113402061857,1071.0382513661202,952.3809523809524,1298.0132450331125,1081.081081081081,1422.8119573354004,-1283.5079703643596,4140.139761508244,-1017.345158607401,3295.800448403988,-2186.8732220760685,61.49800126236061,False,LB 3-4 -> LB 4-5: speed change 61.5%
2026-09-08T19:42:06.851,79,ON,40.0,196.0,40.0,196.0,40.0,196.0,40.0,2811504,2811619,2811918,2812023,2812221,2812266,2812432,2812473,347.82608695652175,655.5183946488295,380.95238095238096,989.89898989899,888.8888888888889,1180.7228915662652,975.609756097561,1308.141436252088,-1205.845971058011,3537.1834476684435,-804.1379381903271,2559.2503808410124,-1874.1192816773728,61.51603498542274,False,LB 3-4 -> LB 4-5: speed change 61.5%
2026-09-08T19:42:09.975,80,ON,40.0,196.0,40.0,196.0,40.0,196.0,40.0,2814592,2814726,2815060,2815122,2815357,2815401,2815552,2815589,298.5074626865672,586.8263473053893,645.1612903225806,834.0425531914893,909.0909090909091,1298.0132450331125,1081.081081081081,1081.603629712767,304.5251213513212,1183.872415268988,554.3190697354123,3637.254674956167,-2186.8732220760685,49.131891562595186,True,
2026-09-08T19:42:12.283,81,ON,40.0,196.0,40.0,196.0,40.0,196.0,40.0,2816950,2817078,2817380,2817436,2817668,2817711,2817870,2817911,312.5,649.0066225165563,714.2857142857143,844.8275862068965,930.2325581395348,1232.7044025157234,975.609756097561,1370.988754535372,377.0952778063787,862.4134270488053,642.3684822315759,2772.1505583000994,-2405.7023211394244,51.849489795918366,False,LB 1-2 -> LB 2-3: speed change 51.8%
2026-09-08T19:42:14.036,82,ON,40.0,196.0,40.0,196.0,40.0,196.0,40.0,2818572,2818709,2819064,2819178,2819391,2819439,2819610,2819654,291.97080291970804,552.112676056338,350.87719298245617,920.1877934272301,833.3333333333334,1146.1988304093568,909.0909090909091,930.4299038326775,-769.9728919781487,3066.2320788865545,-645.343774271314,2624.268281302258,-2064.9384654239057,61.8689581095596,False,LB 3-4 -> LB 4-5: speed change 61.9%
2026-09-08T19:42:15.723,83,ON,40.0,196.0,40.0,196.0,40.0,196.0,40.0,2820385,2820508,2820862,2820917,2821111,2821155,2821317,2821355,325.2032520325203,553.6723163841808,727.2727272727273,1010.3092783505155,909.0909090909091,1209.8765432098764,1052.6315789473683,850.8299949054979,942.256719934264,2083.8949918916464,-823.2142242771342,2700.6566475328154,-1507.4915627637727,41.2643106022897,True,
2026-09-08T19:42:17.349,84,ON,40.0,196.0,40.0,196.0,40.0,196.0,40.0,2821720,2821877,2822370,2822439,2822676,2822729,2822915,2822960,254.77707006369425,397.5659229208925,579.7101449275362,827.0042194092827,754.7169811320755,1053.763440860215,888.8888888888889,394.6919815156799,754.259275694763,1474.0344355459824,-484.48414115103105,2291.6087613747723,-1357.1776800993066,35.915767580917716,True,
2026-09-08T19:42:19.036,85,ON,40.0,196.0,40.0,196.0,40.0,196.0,40.0,2823757,2823867,2824188,2824198,2824425,2824468,2824622,2824661,363.6363636363636,610.5919003115265,4000.0,863.4361233480176,930.2325581395348,1272.7272727272727,1025.6410256410256,1019.4536600312011,66216.8539460761,-64637.6189021091,507.6723437312284,3197.0427903431296,-2406.3355816348585,84.73520249221184,False,LB 2-3 -> LB 3-4: speed change 84.7%; LB 3-4 -> LB 4-5: speed change 78.4%
2026-09-08T19:42:21.036,86,ON,40.0,196.0,40.0,196.0,40.0,196.0,40.0,2825757,2825870,2826193,2826203,2826422,2826462,2826606,2826642,353.98230088495575,606.8111455108359,4000.0,894.9771689497717,1000.0,1361.111111111111,1111.111111111111,1029.3063431201929,66236.3569223891,-64402.609606180726,843.2875722824232,3612.8112575852683,-2618.879472693032,84.82972136222911,False,LB 2-3 -> LB 3-4: speed change 84.8%; LB 3-4 -> LB 4-5: speed change 77.6%
2026-09-08T19:42:23.598,87,ON,40.0,196.0,40.0,196.0,40.0,196.0,40.0,2828195,2828315,2828622,2828683,2828941,2828990,2829162,2829207,333.3333333333333,638.4364820846905,655.7377049180328,759.6899224806201,816.3265306122449,1139.5348837209303,888.8888888888889,1256.3136887523908,94.87625421395637,623.4611892688201,378.2212977237877,2678.604858624787,-2154.3063323167403,47.7891156462585,True,
2026-09-08T19:42:25.788,88,ON,40.0,196.0,40.0,196.0,40.0,196.0,40.0,2830498,2830617,2830958,2831012,2831203,2831247,2831403,2831442,336.1344537815126,574.7800586510264,740.7407407407408,1026.1780104712043,909.0909090909091,1256.4102564102564,1025.6410256410256,921.1260373045826,925.1047846197629,2137.0528143283805,-960.1484245038286,3186.951065343858,-2231.471266673352,41.51946492882867,True,
2026-09-08T19:42:28.971,89,ON,40.0,196.0,40.0,196.0,40.0,196.0,40.0,2833628,2833761,2834134,2834190,2834384,2834428,2834586,2834626,300.7518796992481,525.4691689008043,714.2857142857143,1010.3092783505155,909.0909090909091,1240.506329113924,1000.0,786.7209928926738,991.8908227430131,2163.2235435952803,-823.2142242771342,3018.685049067659,-2283.2879346258605,42.76507595519411,True,
2026-09-08T19:42:31.349,90,ON,40.0,196.0,40.0,196.0,40.0,196.0,40.0,2835785,2836007,2836444,2836455,2836726,2836776,2836955,2837001,180.18018018018017,448.512585812357,3636.3636363636365,723.2472324723248,800.0,1094.9720670391062,869.5652173913044,714.8247555183249,55177.86845862577,-53813.78786690209,495.39593525899585,2368.490794897851,-1876.3566114368914,87.66590389016018,False,LB 1-2 -> LB 2-3: speed change 59.8%; LB 2-3 -> LB 3-4: speed change 87.7%; LB 3-4 -> LB 4-5: speed change 80.1%
2026-09-08T19:42:33.101,91,ON,40.0,196.0,40.0,196.0,40.0,196.0,40.0,2837545,2837695,2838068,2838141,2838431,2838487,2838686,2838735,266.6666666666667,525.4691689008043,547.945205479452,675.8620689655172,714.2857142857143,984.9246231155779,816.3265306122449,868.6726116703005,102.22924043481747,663.3287629594516,226.332819348744,1948.6119982487714,-1286.811477279401,49.25170068027211,True,
2026-09-08T19:42:39.223,92,ON,40.0,196.0,40.0,196.0,40.0,196.0,40.0,2843999,2844100,2844371,2844468,2844652,2844694,2844847,2844885,396.03960396039605,723.2472324723248,412.37113402061857,1065.2173913043478,952.3809523809524,1281.045751633987,1052.6315789473683,1551.860980397329,-1495.9178267179068,4087.4497396770716,-964.6551367762287,3110.3760140738855,-2258.665155857022,61.287607826635806,False,LB 3-4 -> LB 4-5: speed change 61.3%
2026-09-08T19:42:40.911,93,ON,40.0,196.0,40.0,196.0,40.0,196.0,40.0,2845665,2845779,2846067,2846121,2846344,2846384,2846531,2846567,350.87719298245617,680.5555555555555,740.7407407407408,878.9237668161435,1000.0,1333.3333333333333,1111.111111111111,1440.8519476367926,362.461783032248,948.3480630556661,963.953441210684,3295.668549905837,-2301.7367650136002,48.44253490870032,True,
2026-09-08T19:42:42.974,94,ON,40.0,196.0,40.0,196.0,40.0,196.0,40.0,2847667,2847789,2848144,2848200,2848396,2848441,2848603,2848643,327.8688524590164,552.112676056338,714.2857142857143,1000.0,888.8888888888889,1209.8765432098764,1000.0,836.1458586834688,870.2359091972977,2075.4064337599443,-889.3073864825276,2854.5669195735445,-1965.2595330910171,40.615590498494484,True,
2026-09-08T19:42:45.348,95,ON,40.0,196.0,40.0,196.0,40.0,196.0,40.0,2849792,2849944,2850335,2850407,2850695,2850746,2850932,2850980,263.1578947368421,501.27877237851663,555.5555555555555,680.5555555555555,784.3137254901961,1053.763440860215,833.3333333333334,771.306483368584,243.05749013275118,654.719868173258,644.0345584524574,2098.5990224629195,-1762.5972239369294,47.50268528464018,True,
2026-09-08T19:42:46.599,96,ON,40.0,196.0,40.0,196.0,40.0,196.0,40.0,2851246,2851366,2851713,2851723,2851969,2852014,2852185,2852231,333.3333333333333,564.8414985590778,4000.0,796.7479674796748,888.8888888888889,1146.1988304093568,869.5652173913044,881.0796923023456,66444.72068434549,-65106.74862846189,658.1192080810616,2218.848737464635,-2362.830896334707,85.87896253602305,False,LB 2-3 -> LB 3-4: speed change 85.9%; LB 3-4 -> LB 4-5: speed change 80.1%
2026-09-08T19:42:48.408,97,ON,40.0,196.0,40.0,196.0,40.0,196.0,40.0,2853109,2853217,2853568,2853586,2853827,2853873,2854039,2854080,370.3703703703704,558.4045584045584,2222.222222222222,813.2780082987551,869.5652173913044,1180.7228915662652,975.609756097561,740.0060999945108,19603.6269241156,-18122.247822694415,401.3667309932052,2703.2325397110844,-1874.1192816773728,74.87179487179488,False,LB 2-3 -> LB 3-4: speed change 74.9%; LB 3-4 -> LB 4-5: speed change 63.4%
2026-09-08T19:42:51.919,98,ON,40.0,196.0,40.0,196.0,40.0,196.0,40.0,2856476,2856651,2857063,2857121,2857317,2857361,2857518,2857557,228.57142857142858,475.7281553398058,689.6551724137931,1000.0,909.0909090909091,1248.407643312102,1025.6410256410256,737.5948297619948,1056.385504466459,2221.9311150970393,-735.3971144417982,3102.014249526868,-2146.534450856362,51.9533527696793,False,LB 1-2 -> LB 2-3: speed change 52.0%
2026-09-08T19:42:53.352,99,ON,40.0,196.0,40.0,196.0,40.0,196.0,40.0,2858066,2858182,2858515,2858567,2858747,2858788,2858936,2858973,344.82758620689657,588.5885885885886,769.2307692307693,1088.888888888889,975.609756097561,1324.3243243243244,1081.081081081081,964.1121288450511,1039.3197021807382,2516.792525484399,-990.9517633599013,3398.3920330692204,-2479.231407312032,41.414496833216035,True,
2026-09-08T19:42:56.223,100,ON,40.0,196.0,40.0,196.0,40.0,196.0,40.0,2859781,2859955,2860598,2860817,2861241,2861342,2861774,2861890,229.88505747126436,304.8211508553655,182.64840182648402,462.2641509433962,396.03960396039605,453.7037037037037,344.82758620689657,169.7830269500973,-252.35379372466403,764.100451515467,-240.850751450473,207.62577478538472,-368.3940107846757,60.4883049110055,False,LB 3-4 -> LB 4-5: speed change 60.5%
2026-09-08T19:42:58.600,101,ON,40.0,196.0,40.0,196.0,40.0,196.0,40.0,2863187,2863346,2863679,2863740,2864001,2864050,2864224,2864268,251.57232704402514,588.5885885885886,655.7377049180328,750.9578544061303,816.3265306122449,1126.4367816091954,909.0909090909091,1199.7791986540713,354.0483518409421,567.5667857758041,434.11570121680376,2552.8424507654977,-1874.6336524167218,57.25837504813246,False,LB 1-2 -> LB 2-3: speed change 57.3%
2026-09-08T19:42:59.865,102,ON,40.0,196.0,40.0,196.0,40.0,196.0,40.0,2864572,2864677,2865018,2865072,2865261,2865305,2865462,2865501,380.95238095238096,574.7800586510264,740.7407407407408,1037.037037037037,909.0909090909091,1248.407643312102,1025.6410256410256,784.9466070745311,925.1047846197629,2231.9871660737945,-1055.0827762492424,3102.014249526868,-2146.534450856362,33.72206025267249,True,
2026-09-08T19:43:02.415,103,ON,40.0,196.0,40.0,196.0,40.0,196.0,40.0,2867155,2867268,2867549,2867603,2867831,2867873,2868026,2868064,353.98230088495575,697.508896797153,740.7407407407408,859.6491228070175,952.3809523809524,1281.045751633987,1052.6315789473683,1530.5728464888734,263.4668808557622,806.3549548717516,712.0036615049797,3110.3760140738855,-2258.665155857022,49.25049665884053,True,
2026-09-08T19:43:04.536,104,ON,40.0,196.0,40.0,196.0,40.0,196.0,40.0,2869362,2869452,2869745,2869794,2869967,2870007,2870150,2870186,444.44444444444446,668.9419795221843,816.3265306122449,1132.9479768786127,1000.0,1370.6293706293707,1111.111111111111,1059.1207956335911,927.5662398913819,2615.178448016598,-1201.5725352260238,3722.9867442028167,-2729.0549593105798,33.56009070294784,True,
2026-09-08T19:43:06.599,105,ON,40.0,196.0,40.0,196.0,40.0,196.0,40.0,2871347,2871459,2871790,2871843,2872030,2872072,2872225,2872263,357.14285714285717,592.1450151057402,754.7169811320755,1048.1283422459894,952.3809523809524,1281.045751633987,1052.6315789473683,945.2741462136186,927.8050961632896,2241.4207636025944,-811.6251837342201,3110.3760140738855,-2258.665155857022,39.6865889212828,True,
2026-09-08T19:43:08.787,106,ON,40.0,196.0,40.0,196.0,40.0,196.0,40.0,2873450,2873564,2873912,2873968,2874167,2874212,2874376,2874416,350.87719298245617,563.2183908045977,714.2857142857143,984.9246231155779,888.8888888888889,1195.121951219512,1000.0,822.4582677342065,817.75053344124,1948.6119982487714,-762.5129509713546,2704.207718205976,-1814.9003317234485,37.701396348012885,True,
2026-09-08T19:43:11.224,107,ON,40.0,196.0,40.0,196.0,40.0,196.0,40.0,2875756,2875938,2876385,2876443,2876639,2876682,2876835,2876873,219.78021978021977,438.4787472035794,689.6551724137931,1000.0,930.2325581395348,1281.045751633987,1052.6315789473683,610.0011302651644,1200.6806995249078,2221.9311150970393,-570.6245244795632,3287.05765066383,-2258.665155857022,49.87665395828662,True,
2026-09-08T19:43:12.720,108,ON,40.0,196.0,40.0,196.0,40.0,196.0,40.0,2877419,2877530,2877878,2877935,2878132,2878176,2878340,2878380,360.36036036036035,563.2183908045977,701.7543859649123,994.9238578680203,909.0909090909091,1195.121951219512,1000.0,793.8786712774225,742.5604342392824,2107.6875624321756,-692.4881439120716,2550.2974461652466,-1814.9003317234485,36.01765030336459,True,
2026-09-08T19:43:16.598,109,ON,40.0,196.0,40.0,196.0,40.0,196.0,40.0,2881331,2881453,2881794,2881848,2882033,2882076,2882227,2882265,327.8688524590164,574.7800586510264,740.7407407407408,1059.4594594594594,930.2325581395348,1298.0132450331125,1052.6315789473683,944.3819127545978,925.1047846197629,2431.1758527330016,-1089.4988729462148,3472.482084993932,-2444.0895901871245,42.957510873201734,True,
2026-09-08T19:43:18.912,110,ON,40.0,196.0,40.0,196.0,40.0,196.0,40.0,2883690,2883802,2884127,2884136,2884357,2884397,2884542,2884579,357.14285714285717,603.0769230769231,4444.444444444444,886.8778280542987,1000.0,1351.7241379310344,1081.081081081081,1000.6387912701938,82158.4095110388,-80366.67007567278,904.4394834986858,3504.9073943449075,-2789.9230559066073,86.43076923076923,False,LB 2-3 -> LB 3-4: speed change 86.4%; LB 3-4 -> LB 4-5: speed change 80.0%
2026-09-08T19:43:20.101,111,ON,40.0,196.0,40.0,196.0,40.0,196.0,40.0,2884662,2884814,2885234,2885297,2885514,2885561,2885733,2885775,263.1578947368421,466.6666666666667,634.9206349206349,903.2258064516129,851.063829787234,1139.5348837209303,952.3809523809524,629.3461873536056,785.3662494501883,1748.6976474243402,-387.7424367290361,2433.1784273083063,-1658.9418337238317,43.60902255639098,True,
2026-09-08T19:43:22.036,112,ON,40.0,196.0,40.0,196.0,40.0,196.0,40.0,2886781,2886892,2887173,2887258,2887432,2887471,2887617,2887653,360.36036036036035,697.508896797153,470.5882352941176,1126.4367816091954,1025.6410256410256,1342.4657534246576,1111.111111111111,1511.2672533564944,-1123.1583640421597,4438.163287139196,-919.1538537462159,3179.1304476273667,-2405.281346963838,58.2232893157263,False,LB 3-4 -> LB 4-5: speed change 58.2%
2026-09-08T19:43:24.535,113,ON,40.0,196.0,40.0,196.0,40.0,196.0,40.0,2889247,2889361,2889644,2889699,2889924,2889966,2890118,2890157,350.87719298245617,692.5795053003534,727.2727272727273,871.1111111111111,952.3809523809524,1289.4736842105262,1025.6410256410256,1510.8117229103157,208.72562996876476,974.190457908999,627.9445362576926,3202.1733212432964,-2588.14774912497,49.33762978875761,True,
2026-09-08T19:43:27.288,114,ON,40.0,196.0,40.0,196.0,40.0,196.0,40.0,2891972,2892097,2892464,2892522,2892719,2892763,2892925,2892967,320.0,534.0599455040872,689.6551724137931,994.9238578680203,909.0909090909091,1209.8765432098764,952.3809523809524,774.6611245416465,806.7975908697889,2179.022144567313,-692.4881439120716,2700.6566475328154,-2359.202420980636,40.08163265306122,True,
2026-09-08T19:43:29.913,115,ON,40.0,196.0,40.0,196.0,40.0,196.0,40.0,2894276,2894453,2894961,2895031,2895276,2895330,2895525,2895574,225.98870056497177,385.8267716535433,571.4285714285714,800.0,740.7407407407408,1005.1282051282051,816.3265306122449,414.3703599218262,752.8318411877227,1328.2601176063645,-386.87777545279084,1955.872304030109,-1457.1767125543329,41.42741842499711,True,
2026-09-08T19:43:32.098,116,ON,40.0,196.0,40.0,196.0,40.0,196.0,40.0,2896785,2896891,2897181,2897245,2897474,2897518,2897680,2897721,377.35849056603774,675.8620689655172,625.0,855.8951965065502,909.0909090909091,1209.8765432098764,975.609756097561,1332.1614655257254,-280.3582045184303,1448.8626584872293,397.83768469809115,2700.6566475328154,-2169.4358204099053,44.166345783596455,True,
2026-09-08T19:43:33.912,117,ON,40.0,196.0,40.0,196.0,40.0,196.0,40.0,2898521,2898650,2899045,2899103,2899302,2899347,2899505,2899544,310.07751937984494,496.2025316455696,689.6551724137931,984.9246231155779,888.8888888888889,1240.506329113924,1025.6410256410256,635.8851033335354,972.0648492611281,2095.136679585866,-762.5129509713546,3172.5953211083884,-2063.205250397153,37.50988767600063,True,
2026-09-08T19:43:36.224,118,ON,40.0,196.0,40.0,196.0,40.0,196.0,40.0,2900753,2900897,2901262,2901381,2901602,2901651,2901825,2901868,277.77777777777777,536.986301369863,336.1344537815126,886.8778280542987,816.3265306122449,1126.4367816091954,930.2325581395348,894.8889577615457,-743.0843933893622,2854.0928426920095,-509.1664292918882,2552.8424507654977,-1709.861062454487,62.09912536443149,False,LB 3-4 -> LB 4-5: speed change 62.1%
2026-09-08T19:43:38.036,119,ON,40.0,196.0,40.0,196.0,40.0,196.0,40.0,2902714,2902829,2903179,2903234,2903429,2903473,2903633,2903672,347.82608695652175,560.0,727.2727272727273,1005.1282051282051,909.0909090909091,1225.0,1025.6410256410256,816.1737848835346,912.396694214876,2039.6486818200694,-778.967914205557,2856.689487323154,-1901.209688652648,37.88819875776397,True,
2026-09-08T19:43:43.349,120,ON,40.0,196.0,40.0,196.0,40.0,196.0,40.0,2907960,2908113,2908456,2908516,2908772,2908818,2908983,2909024,261.437908496732,571.4285714285714,666.6666666666666,765.625,869.5652173913044,1187.878787878788,975.609756097561,1093.9865773125102,499.63488220146775,600.581339748117,720.1780791177391,2775.0523194728485,-1945.9390614391368,54.2483660130719,False,LB 1-2 -> LB 2-3: speed change 54.2%
2026-09-08T19:53:17.898,1,ON,40.0,196.0,40.0,196.0,40.0,196.0,40.0,3482674,3482795,3483157,3483214,3483412,3483457,3483619,3483659,330.57851239669424,541.4364640883978,701.7543859649123,989.89898989899,888.8888888888889,1209.8765432098764,1000.0,779.1156431615912,844.5159897306962,2065.4270846697013,-804.1379381903271,2854.5669195735445,-1965.2595330910171,38.94417271040647,True,
2026-09-08T19:53:21.834,2,ON,40.0,196.0,40.0,196.0,40.0,196.0,40.0,3486747,3486852,3487119,3487211,3487382,3487421,3487565,3487601,380.95238095238096,734.0823970037453,434.7826086956522,1146.1988304093568,1025.6410256410256,1361.111111111111,1111.111111111111,1668.4417332096455,-1482.3773252820665,4765.829839015172,-1109.4586667533997,3392.728573356561,-2618.879472693032,62.06743566992014,False,LB 3-4 -> LB 4-5: speed change 62.1%
2026-09-08T19:53:26.645,3,ON,40.0,196.0,40.0,196.0,40.0,196.0,40.0,3491491,3491590,3491927,3491979,3492163,3492204,3492352,3492389,404.04040404040404,581.6023738872403,769.2307692307693,1065.2173913043478,975.609756097561,1324.3243243243244,1081.081081081081,741.5791237887304,1073.96040262749,2300.7292983299953,-774.888536205498,3398.3920330692204,-2479.231407312032,30.529787672644815,True,
2026-09-08T19:53:33.459,4,ON,40.0,196.0,40.0,196.0,40.0,196.0,40.0,3498335,3498442,3498757,3498808,3498984,3499024,3499169,3499206,373.8317757009346,622.2222222222222,784.3137254901961,1113.6363636363637,1000.0,1351.7241379310344,1081.081081081081,1048.3487173874855,966.0488396828404,2648.4658068682734,-1017.7370780221329,3504.9073943449075,-2789.9230559066073,39.919893190921215,True,
2026-09-08T19:53:46.146,5,ON,40.0,196.0,40.0,196.0,40.0,196.0,40.0,3510126,3510318,3510872,3510976,3511425,3511509,3511811,3511903,208.33333333333334,353.7906137184116,384.61538461538464,436.52561247216033,476.1904761904762,649.0066225165563,434.7826086956522,346.4619515994599,96.44574460843192,180.61701805658663,153.40152233185506,823.950112100997,-983.7867764667421,41.113945578231295,True,
2026-09-09T15:39:42.681,1,OFF,40.0,196.0,40.0,196.0,40.0,196.0,40.0,8068662,8068995,8069545,8069641,8069979,8070060,8070367,8070448,120.12012012012012,356.3636363636364,416.6666666666667,579.8816568047338,493.82716049382714,638.4364820846905,493.82716049382714,476.97541552814397,197.52571944405534,689.2017999469997,-391.51470956443615,693.7960898952512,-693.7960898952512,66.29282343568057,False,LB 1-2 -> LB 2-3: speed change 66.3%
2026-09-09T15:39:49.182,2,OFF,40.0,196.0,40.0,196.0,40.0,196.0,40.0,8075217,8075489,8076026,8076121,8076456,8076535,8076844,8076922,147.05882352941177,364.99068901303536,421.05263157894734,585.0746268656717,506.32911392405066,634.3042071197411,512.8205128205128,472.84705715404925,186.72506564977317,699.266951027323,-364.16587879190985,618.5282015368185,-590.4955457640241,59.708883553421366,False,LB 1-2 -> LB 2-3: speed change 59.7%
2026-09-09T15:39:55.148,3,OFF,40.0,196.0,40.0,196.0,40.0,196.0,40.0,8081360,8081598,8082105,8082195,8082515,8082590,8082870,8082942,168.0672268907563,386.5877712031558,444.44444444444446,612.5,533.3333333333334,700.0,555.5555555555555,513.5742037672652,203.73203115977688,752.6499398409709,-384.3720574387945,870.9981167608285,-768.4662063193138,56.52546732978906,False,LB 1-2 -> LB 2-3: speed change 56.5%
2026-09-09T15:40:01.557,4,OFF,40.0,196.0,40.0,196.0,40.0,196.0,40.0,8087645,8087936,8088474,8088570,8088894,8088969,8089249,8089322,137.4570446735395,364.31226765799255,416.6666666666667,604.9382716049382,533.3333333333334,700.0,547.945205479452,482.32622557510746,173.252892987298,814.9966158527919,-345.3638474912098,870.9981167608285,-804.0510669155976,62.269443860018235,False,LB 1-2 -> LB 2-3: speed change 62.3%
2026-09-09T15:40:07.493,5,OFF,40.0,196.0,40.0,196.0,40.0,196.0,40.0,8093823,8094030,8094500,8094586,8094881,8094949,8095200,8095264,193.23671497584542,417.02127659574467,465.1162790697674,664.4067796610169,588.2352941176471,780.8764940239043,625.0,578.6708352495274,179.77291492441182,953.8271856093954,-404.30342209257776,1117.5734647177542,-928.5724530468844,53.66262447007788,False,LB 1-2 -> LB 2-3: speed change 53.7%
2026-09-09T15:40:13.367,6,OFF,40.0,196.0,40.0,196.0,40.0,196.0,40.0,8099712,8099923,8100384,8100469,8100765,8100834,8101085,8101150,189.5734597156398,425.16268980477224,470.5882352941176,662.1621621621622,579.7101449275362,780.8764940239043,615.3846153846154,613.6661702265749,172.41514574238485,919.5145839069398,-433.87659689561235,1159.7637575727103,-979.1096358770923,55.41154850565819,False,LB 1-2 -> LB 2-3: speed change 55.4%
2026-09-09T15:40:18.934,7,OFF,40.0,196.0,40.0,196.0,40.0,196.0,40.0,8105276,8105470,8105931,8106016,8106318,8106388,8106644,8106710,206.18556701030928,425.16268980477224,470.5882352941176,649.0066225165563,571.4285714285714,765.625,606.060606060606,585.8085794858739,172.41514574238485,846.425037597949,-401.18213485360076,1100.216221949585,-927.4245017222496,51.50431306543236,False,LB 1-2 -> LB 2-3: speed change 51.5%
2026-09-09T15:40:24.304,8,OFF,40.0,196.0,40.0,196.0,40.0,196.0,40.0,8110763,8110948,8111371,8111449,8111723,8111786,8112019,8112078,216.21621621621622,463.35697399527186,512.8205128205128,715.3284671532847,634.9206349206349,841.2017167381974,677.9661016949152,711.6535304881249,204.59827550609623,1053.855667586331,-460.04492911799014,1290.2377779460521,-1050.772428796146,53.33701047986762,False,LB 1-2 -> LB 2-3: speed change 53.3%
2026-09-09T15:40:30.496,9,OFF,40.0,196.0,40.0,196.0,40.0,196.0,40.0,8116697,8117027,8117556,8117643,8117934,8118001,8118244,8118305,121.21212121212122,370.51039697542535,459.7701149425287,673.5395189003436,597.0149253731344,806.5843621399177,655.7377049180328,519.4304065175648,314.02798443804573,1026.5547666366115,-411.9858576365134,1246.404712416817,-934.6881169385123,67.28509585652442,False,LB 1-2 -> LB 2-3: speed change 67.3%
2026-09-09T15:40:36.745,10,OFF,40.0,196.0,40.0,196.0,40.0,196.0,40.0,8123178,8123363,8123800,8123880,8124161,8124226,8124469,8124531,216.21621621621622,448.512585812357,500.0,697.508896797153,615.3846153846154,806.5843621399177,645.1612903225806,654.2969808357174,206.9341541013268,1002.197716572803,-456.8662553352141,1152.0343576126568,-992.988316601529,51.79260893546608,False,LB 1-2 -> LB 2-3: speed change 51.8%
2026-09-09T15:40:42.930,11,OFF,40.0,196.0,40.0,196.0,40.0,196.0,40.0,8129200,8129419,8129904,8129992,8130298,8130369,8130631,8130697,182.64840182648402,404.12371134020617,454.54545454545456,640.5228758169935,563.3802816901408,748.0916030534352,606.060606060606,550.6590482102267,183.45591601928655,862.9575601565161,-393.5263247780055,1026.4563761093048,-814.9643573750393,54.80383934395676,False,LB 1-2 -> LB 2-3: speed change 54.8%
2026-09-09T15:40:49.022,12,OFF,40.0,196.0,40.0,196.0,40.0,196.0,40.0,8135068,8135275,8135791,8135884,8136234,8136321,8136666,8136766,193.23671497584542,379.84496124031006,430.10752688172045,560.0,459.7701149425287,568.1159420289855,400.0,453.14307866523956,172.50122924007292,544.9470988122464,-433.099327990398,471.8947669204048,-689.6428965571254,49.12747707778763,True,
2026-09-09T15:40:55.683,13,OFF,40.0,196.0,40.0,196.0,40.0,196.0,40.0,8141886,8142140,8142657,8142748,8143056,8143127,8143391,8143460,157.48031496062993,379.11025145067697,439.56043956043953,636.3636363636364,563.3802816901408,742.4242424242424,579.7101449275362,503.91751336820477,209.6982935236072,897.225837539761,-371.02260969783043,990.6627709404565,-911.567388166547,58.46054957416037,False,LB 1-2 -> LB 2-3: speed change 58.5%
2026-09-09T15:41:01.992,14,OFF,40.0,196.0,40.0,196.0,40.0,196.0,40.0,8148345,8148566,8149042,8149127,8149420,8149488,8149743,8149809,180.99547511312218,411.7647058823529,470.5882352941176,668.9419795221843,588.2352941176471,768.6274509803922,606.060606060606,579.62208050405,219.92844994428472,957.7545964823161,-429.9263166160324,1037.1499879446626,-946.9436448392628,56.043956043956044,False,LB 1-2 -> LB 2-3: speed change 56.0%
2026-09-09T15:41:07.933,15,OFF,40.0,196.0,40.0,196.0,40.0,196.0,40.0,8154156,8154370,8154858,8154947,8155264,8155340,8155618,8155689,186.9158878504673,401.6393442622951,449.438202247191,618.2965299684543,526.3157894736842,705.0359712230215,563.3802816901408,535.4941259682963,172.37514737178202,763.9656836095115,-446.111392888662,932.4890274113637,-761.3490632251137,53.46175853518977,False,LB 1-2 -> LB 2-3: speed change 53.5%
2026-09-09T15:41:14.183,16,OFF,40.0,196.0,40.0,196.0,40.0,196.0,40.0,8160479,8160695,8161178,8161268,8161565,8161633,8161887,8161953,185.1851851851852,405.7971014492754,444.44444444444446,659.9326599326599,588.2352941176471,771.6535433070866,606.060606060606,552.4480285278057,139.23549429193804,1008.3908959672242,-379.1964169496654,1056.9001256470635,-966.6937825416638,54.36507936507936,False,LB 1-2 -> LB 2-3: speed change 54.4%
2026-09-09T15:41:19.934,17,OFF,40.0,196.0,40.0,196.0,40.0,196.0,40.0,8166311,8166520,8166985,8167072,8167363,8167429,8167670,8167732,191.38755980861245,421.505376344086,459.7701149425287,673.5395189003436,606.060606060606,813.2780082987551,645.1612903225806,597.6168823621797,142.8888826580359,1026.5547666366115,-365.87298856761555,1246.2358498467836,-1038.9323231003937,54.59427790254857,False,LB 1-2 -> LB 2-3: speed change 54.6%
2026-09-09T15:41:25.682,18,OFF,40.0,196.0,40.0,196.0,40.0,196.0,40.0,8172133,8172325,8172754,8172832,8173101,8173164,8173397,8173457,208.33333333333334,456.87645687645687,512.8205128205128,728.6245353159851,634.9206349206349,841.2017167381974,666.6666666666666,700.5649113144373,229.86771831147792,1135.206928368396,-541.396189900055,1290.2377779460521,-1115.152049995111,54.400510204081634,False,LB 1-2 -> LB 2-3: speed change 54.4%
2026-09-09T15:41:34.428,19,OFF,40.0,196.0,40.0,196.0,40.0,196.0,40.0,8180859,8181067,8181501,8181581,8181863,8181928,8182161,8182220,192.30769230769232,451.61290322580646,500.0,695.0354609929078,615.3846153846154,841.2017167381974,677.9661016949152,707.5083298276761,195.10926118626426,987.602932362813,-442.2714711252242,1393.7377262339812,-1050.772428796146,57.417582417582416,False,LB 1-2 -> LB 2-3: speed change 57.4%
2026-09-09T15:41:40.057,20,OFF,40.0,196.0,40.0,196.0,40.0,196.0,40.0,8186541,8186738,8187163,8187244,8187524,8187587,8187821,8187880,203.0456852791878,461.1764705882353,493.82716049382714,700.0,634.9206349206349,837.6068376068376,677.9661016949152,726.5092657361291,132.12511617446887,1042.943794739847,-368.117743016855,1264.6652616851911,-1025.199912535285,55.9722366103802,False,LB 1-2 -> LB 2-3: speed change 56.0%
2026-09-09T15:41:45.868,21,OFF,40.0,196.0,40.0,196.0,40.0,196.0,40.0,8192339,8192523,8192941,8193023,8193306,8193371,8193608,8193668,217.3913043478261,468.8995215311005,487.8048780487805,692.5795053003534,615.3846153846154,827.0042194092827,666.6666666666666,731.388907144262,76.6391430342823,1024.206661499562,-427.83112843225115,1293.3803138503642,-1014.794637611494,53.6379769299024,False,LB 1-2 -> LB 2-3: speed change 53.6%
2026-09-09T15:41:51.870,22,OFF,40.0,196.0,40.0,196.0,40.0,196.0,40.0,8198349,8198538,8198962,8199039,8199311,8199374,8199605,8199665,211.64021164021165,462.2641509433962,519.4805194805194,720.5882352941177,634.9206349206349,848.4848484848485,666.6666666666666,715.6634155267178,238.01637657767523,1056.726248832798,-492.0474245604596,1342.3827350014155,-1167.2970070504741,54.21660727783176,False,LB 1-2 -> LB 2-3: speed change 54.2%
2026-09-09T15:41:57.993,23,OFF,40.0,196.0,40.0,196.0,40.0,196.0,40.0,8204498,8204685,8205105,8205185,8205460,8205523,8205748,8205805,213.90374331550802,466.6666666666667,500.0,712.7272727272727,634.9206349206349,871.1111111111111,701.7543859649123,728.9108744635214,136.53483992467042,1093.1362935985435,-444.30488407302556,1507.2472680220858,-1128.7091088145905,54.163483575248286,False,LB 1-2 -> LB 2-3: speed change 54.2%
2026-09-09T15:42:03.929,24,OFF,40.0,196.0,40.0,196.0,40.0,196.0,40.0,8210461,8210643,8211050,8211127,8211392,8211452,8211674,8211731,219.78021978021977,481.5724815724816,519.4805194805194,739.622641509434,666.6666666666666,882.8828828828829,701.7543859649123,778.0030084798153,160.7964199655603,1174.4984818374676,-434.73392961418773,1419.6514425557027,-1216.1990112991487,54.3619645660462,False,LB 1-2 -> LB 2-3: speed change 54.4%
2026-09-09T15:42:10.305,25,OFF,40.0,196.0,40.0,196.0,40.0,196.0,40.0,8216767,8216977,8217411,8217487,8217755,8217816,8218042,8218099,190.47619047619048,451.61290322580646,526.3157894736842,731.3432835820895,655.7377049180328,867.2566371681415,701.7543859649123,710.4789628038968,309.5512537680754,1092.6046109801914,-444.36890165026915,1365.0090553433236,-1100.3171885220438,57.82312925170068,False,LB 1-2 -> LB 2-3: speed change 57.8%
2026-09-09T15:42:16.370,26,OFF,40.0,196.0,40.0,196.0,40.0,196.0,40.0,8222900,8223073,8223486,8223566,8223843,8223906,8224142,8224203,231.21387283236993,474.5762711864407,500.0,707.5812274368232,634.9206349206349,830.5084745762712,655.7377049180328,727.8083990808592,104.98882553717753,1062.1660738178018,-413.33466429228406,1214.4920071821298,-1100.6457147959143,51.279933938893485,False,LB 1-2 -> LB 2-3: speed change 51.3%
2026-09-09T15:42:22.385,27,OFF,40.0,196.0,40.0,196.0,40.0,196.0,40.0,8228819,8229010,8229461,8229545,8229831,8229896,8230135,8230195,209.4240837696335,434.58980044345896,476.1904761904762,685.3146853146853,615.3846153846154,820.0836820083682,666.6666666666666,614.4485075709109,160.54692781791107,1029.2324080231087,-385.4152248131153,1245.080595950557,-966.4949197116864,51.811090928518,False,LB 1-2 -> LB 2-3: speed change 51.8%
2026-09-09T15:42:56.446,28,OFF,40.0,196.0,40.0,196.0,40.0,196.0,40.0,8262918,8263105,8263545,8263627,8263906,8263970,8264205,8264265,213.90374331550802,445.45454545454544,487.8048780487805,702.5089605734767,625.0,834.0425531914893,666.6666666666666,646.9277146683429,167.4739278901268,1082.9035620247498,-435.9908461272312,1292.3812734499081,-1064.3327800412455,51.980792316926774,False,LB 1-2 -> LB 2-3: speed change 52.0%
2026-09-09T15:43:02.115,29,OFF,40.0,196.0,40.0,196.0,40.0,196.0,40.0,8268560,8268778,8269224,8269304,8269583,8269647,8269881,8269939,183.4862385321101,439.46188340807174,500.0,702.5089605734767,625.0,837.6068376068376,689.6551724137931,675.676047618251,240.988360302671,1031.8594901950278,-435.9908461272312,1317.6280271429125,-957.461684612833,58.2475191911627,False,LB 1-2 -> LB 2-3: speed change 58.2%
2026-09-09T15:43:07.743,30,OFF,40.0,196.0,40.0,196.0,40.0,196.0,40.0,8274350,8274515,8274908,8274984,8275254,8275316,8275540,8275597,242.42424242424244,498.72773536895676,526.3157894736842,725.925925925926,645.1612903225806,875.0,701.7543859649123,804.914579285086,119.82608569092912,1059.1531342462097,-469.21762457930424,1480.4741926665376,-1157.482126182241,51.39146567717996,False,LB 1-2 -> LB 2-3: speed change 51.4%
2026-09-09T15:43:13.271,31,OFF,40.0,196.0,40.0,196.0,40.0,196.0,40.0,8279828,8280004,8280424,8280500,8280766,8280827,8281045,8281100,227.27272727272728,466.6666666666667,526.3157894736842,736.8421052631579,655.7377049180328,899.0825688073395,727.2727272727273,703.9190051516708,250.97683250648154,1126.8134654209118,-478.5777560909897,1603.2098639069293,-1183.9993461800577,51.298701298701296,False,LB 1-2 -> LB 2-3: speed change 51.3%
2026-09-09T15:43:18.966,32,OFF,40.0,196.0,40.0,196.0,40.0,196.0,40.0,8285471,8285645,8286085,8286165,8286440,8286502,8286730,8286788,229.88505747126436,445.45454545454544,500.0,712.7272727272727,645.1612903225806,859.6491228070175,689.6551724137931,616.8754763455473,218.51799971984883,1093.1362935985435,-388.75879134982677,1367.6420500515999,-1115.9845657024407,48.39315036359371,True,
2026-09-09T15:43:24.744,33,OFF,40.0,196.0,40.0,196.0,40.0,196.0,40.0,8291215,8291409,8291841,8291923,8292201,8292265,8292499,8292559,206.18556701030928,453.7037037037037,487.8048780487805,705.0359712230215,625.0,837.6068376068376,666.6666666666666,692.0956047080314,136.04469615986207,1097.975091822897,-451.0623759253782,1317.6280271429125,-1089.57953373425,54.555017883442034,False,LB 1-2 -> LB 2-3: speed change 54.6%
2026-09-09T15:43:30.867,34,OFF,40.0,196.0,40.0,196.0,40.0,196.0,40.0,8297388,8297573,8297987,8298065,8298337,8298399,8298625,8298682,216.21621621621622,473.42995169082127,512.8205128205128,720.5882352941177,645.1612903225806,867.2566371681415,701.7543859649123,751.6375720471009,164.61423394712028,1085.8581630288006,-436.5013318372608,1423.3092550063402,-1100.3171885220438,54.32984004412577,False,LB 1-2 -> LB 2-3: speed change 54.3%
2026-09-09T15:43:36.494,35,OFF,40.0,196.0,40.0,196.0,40.0,196.0,40.0,8303125,8303283,8303668,8303743,8304002,8304060,8304276,8304331,253.16455696202533,509.09090909090907,533.3333333333334,756.7567567567568,689.6551724137931,907.4074074074074,727.2727272727273,826.6155119374138,107.08004544676386,1221.340442595596,-411.2564917792644,1473.5760431387027,-1247.722810097974,50.27124773960217,False,LB 1-2 -> LB 2-3: speed change 50.3%
2026-09-09T15:43:42.116,36,OFF,40.0,196.0,40.0,196.0,40.0,196.0,40.0,8308650,8308847,8309268,8309346,8309615,8309676,8309899,8309955,203.0456852791878,465.5581947743468,512.8205128205128,728.6245353159851,655.7377049180328,878.9237668161435,714.2857142857143,743.7156034366681,195.93409172858094,1135.206928368396,-427.5498975138394,1451.3349585724977,-1111.4529925492602,56.38661555992957,False,LB 1-2 -> LB 2-3: speed change 56.4%
2026-09-09T15:43:47.491,37,OFF,40.0,196.0,40.0,196.0,40.0,196.0,40.0,8314065,8314241,8314636,8314710,8314971,8315031,8315257,8315315,227.27272727272728,496.2025316455696,540.5405405405405,750.9578544061303,666.6666666666666,867.2566371681415,689.6551724137931,824.423982413089,194.77594727282712,1151.4984030779624,-506.32735021107817,1303.7696197785979,-1171.651770657181,54.19758812615956,False,LB 1-2 -> LB 2-3: speed change 54.2%
2026-09-09T15:43:52.930,38,OFF,40.0,196.0,40.0,196.0,40.0,196.0,40.0,8319545,8319711,8320102,8320175,8320433,8320493,8320712,8320767,240.96385542168676,501.27877237851663,547.945205479452,759.6899224806201,666.6666666666666,894.9771689497717,727.2727272727273,818.7153729560556,207.47262953646725,1173.2408055537783,-562.2217537040942,1510.7613919360329,-1152.7903097738872,51.930169658224735,False,LB 1-2 -> LB 2-3: speed change 51.9%
2026-09-09T15:43:58.496,39,OFF,40.0,196.0,40.0,196.0,40.0,196.0,40.0,8325089,8325251,8325646,8325721,8325984,8326044,8326260,8326313,246.91358024691357,496.2025316455696,533.3333333333334,745.2471482889733,666.6666666666666,907.4074074074074,754.7169811320755,784.9603233098452,161.98089844479657,1148.0884219847562,-470.12232028984147,1605.6938922601196,-1075.3833957996567,50.23935500125977,False,LB 1-2 -> LB 2-3: speed change 50.2%
2026-09-09T15:44:04.432,40,OFF,40.0,196.0,40.0,196.0,40.0,196.0,40.0,8330971,8331162,8331576,8331653,8331917,8331978,8332200,8332256,209.4240837696335,473.42995169082127,519.4805194805194,742.4242424242424,655.7377049180328,882.8828828828829,714.2857142857143,763.8875944712835,193.74614814312272,1192.0921424553383,-513.5670257967843,1480.8908781204286,-1141.0089120971911,55.7645047547815,False,LB 1-2 -> LB 2-3: speed change 55.8%
2026-09-09T15:44:11.932,41,OFF,40.0,196.0,40.0,196.0,40.0,196.0,40.0,8338374,8338631,8339068,8339146,8339414,8339474,8339691,8339746,155.6420233463035,448.512585812357,512.8205128205128,731.3432835820895,666.6666666666666,903.2258064516129,727.2727272727273,749.7419500032016,261.95482515850375,1152.0259325048255,-383.1294660855433,1573.611919473399,-1215.6408373112533,65.2981815294211,False,LB 1-2 -> LB 2-3: speed change 65.3%
2026-09-09T15:44:17.995,42,OFF,40.0,196.0,40.0,196.0,40.0,196.0,40.0,8344642,8344805,8345189,8345263,8345517,8345577,8345794,8345849,245.39877300613497,510.4166666666667,540.5405405405405,771.6535433070866,666.6666666666666,903.2258064516129,727.2727272727273,848.748372110994,134.14789134215502,1285.0216734344156,-639.8506205675312,1573.611919473399,-1215.6408373112533,51.92187304369601,False,LB 1-2 -> LB 2-3: speed change 51.9%
2026-09-09T15:44:27.180,43,OFF,40.0,196.0,40.0,196.0,40.0,196.0,40.0,8353818,8353979,8354362,8354434,8354687,8354744,8354958,8355013,248.4472049689441,511.7493472584856,555.5555555555555,774.703557312253,701.7543859649123,915.8878504672897,727.2727272727273,848.1414439093456,198.1126308862536,1235.2696034051578,-456.3829808952038,1467.759900053395,-1313.2412491478035,51.45138800861959,False,LB 1-2 -> LB 2-3: speed change 51.5%
2026-09-09T15:44:33.189,44,OFF,40.0,196.0,40.0,196.0,40.0,196.0,40.0,8359826,8359992,8360386,8360461,8360721,8360780,8360993,8361047,240.96385542168676,497.46192893401013,533.3333333333334,753.8461538461538,677.9661016949152,920.1877934272301,740.7407407407408,802.562674233316,156.67827841397613,1202.7100814584514,-460.36435856457166,1640.2861869706546,-1262.9183482175138,51.561347430538476,False,LB 1-2 -> LB 2-3: speed change 51.6%
2026-09-09T15:44:39.120,45,OFF,40.0,196.0,40.0,196.0,40.0,196.0,40.0,8365820,8365969,8366338,8366410,8366661,8366718,8366925,8366977,268.4563758389262,531.1653116531165,555.5555555555555,780.8764940239043,701.7543859649123,946.8599033816425,769.2307692307693,890.1176380295831,112.31096188597267,1275.958150891622,-497.0715283816678,1712.2222814021286,-1291.6427978836123,49.45897822216134,True,
2026-09-09T15:44:44.931,46,OFF,40.0,196.0,40.0,196.0,40.0,196.0,40.0,8371562,8371735,8372124,8372198,8372456,8372514,8372727,8372780,231.21387283236993,503.85604113110537,540.5405405405405,759.6899224806201,689.6551724137931,920.1877934272301,754.7169811320755,849.199386415961,162.3439228116507,1207.3928065709786,-430.10390458267744,1572.5479590482028,-1174.3553117091567,54.11112421847351,False,LB 1-2 -> LB 2-3: speed change 54.1%
2026-09-09T15:44:50.512,47,OFF,40.0,196.0,40.0,196.0,40.0,196.0,40.0,8377146,8377319,8377707,8377783,8378044,8378104,8378319,8378374,231.21387283236993,505.1546391752577,526.3157894736842,750.9578544061303,666.6666666666666,911.6279069767442,727.2727272727273,854.7515020768708,92.48771512297711,1215.8024951057264,-506.32735021107817,1638.2245607387922,-1280.2534785766468,54.229090480122686,False,LB 1-2 -> LB 2-3: speed change 54.2%
2026-09-09T15:44:55.553,48,OFF,40.0,196.0,40.0,196.0,40.0,196.0,40.0,8382185,8382351,8382742,8382816,8383074,8383131,8383338,8383391,240.96385542168676,501.27877237851663,540.5405405405405,759.6899224806201,701.7543859649123,946.8599033816425,754.7169811320755,818.7153729560556,173.32062851926705,1207.3928065709786,-358.76932244754016,1712.2222814021286,-1385.3642161982198,51.930169658224735,False,LB 1-2 -> LB 2-3: speed change 51.9%
2026-09-09T15:45:00.619,49,OFF,40.0,196.0,40.0,196.0,40.0,196.0,40.0,8387221,8387427,8387819,8387891,8388143,8388200,8388406,8388457,194.1747572815534,500.0,555.5555555555555,777.7777777777778,701.7543859649123,951.4563106796116,784.3137254901961,899.5600154010585,248.48294622305917,1255.49278091651,-476.60615840655583,1749.1944614875704,-1229.326657371809,61.165048543689316,False,LB 1-2 -> LB 2-3: speed change 61.2%
2026-09-09T15:45:05.304,50,OFF,40.0,196.0,40.0,196.0,40.0,196.0,40.0,8391998,8392171,8392552,8392622,8392869,8392926,8393136,8393188,231.21387283236993,514.4356955380578,571.4285714285714,793.5222672064777,701.7543859649123,933.3333333333334,769.2307692307693,894.8484315829743,262.23104831005395,1284.5210860491975,-581.4337725911757,1604.4571732632203,-1183.877689744704,55.054854311666865,False,LB 1-2 -> LB 2-3: speed change 55.1%
2026-09-09T15:45:10.621,51,OFF,40.0,196.0,40.0,196.0,40.0,196.0,40.0,8397374,8397520,8397872,8397939,8398181,8398237,8398443,8398495,273.972602739726,556.8181818181819,597.0149253731344,809.9173553719008,714.2857142857143,951.4563106796116,769.2307692307693,995.7012735225682,196.52683692789557,1269.2343280267996,-617.6357665252576,1674.0043622856126,-1328.614977969054,50.796757058987986,False,LB 1-2 -> LB 2-3: speed change 50.8%
2026-09-09T15:45:16.182,52,OFF,40.0,196.0,40.0,196.0,40.0,196.0,40.0,8402899,8403055,8403419,8403489,8403733,8403788,8403990,8404041,256.4102564102564,538.4615384615385,571.4285714285714,803.2786885245902,727.2727272727273,970.2970297029703,784.3137254901961,949.9771559745483,155.04145695987776,1350.5340643766424,-492.9281000130291,1748.096211930916,-1382.7470587207463,52.38095238095239,False,LB 1-2 -> LB 2-3: speed change 52.4%
2026-09-09T15:45:21.369,53,OFF,40.0,196.0,40.0,196.0,40.0,196.0,40.0,8408053,8408215,8408583,8408652,8408893,8408948,8409147,8409198,246.91358024691357,532.6086956521739,579.7101449275362,813.2780082987551,727.2727272727273,984.9246231155779,784.3137254901961,943.6682481947498,221.99927732031827,1378.6324858071396,-561.4216057105054,1869.2834465451374,-1503.9342933349678,53.64071554547745,False,LB 1-2 -> LB 2-3: speed change 53.6%
2026-09-09T15:45:26.934,54,OFF,40.0,196.0,40.0,196.0,40.0,196.0,40.0,8413566,8413736,8414118,8414190,8414442,8414500,8414716,8414771,235.2941176470588,513.0890052356021,555.5555555555555,777.7777777777778,689.6551724137931,907.4074074074074,727.2727272727273,880.9195148065756,192.29511870755158,1255.49278091651,-547.9407405416931,1473.5760431387027,-1247.722810097974,54.141656662665085,False,LB 1-2 -> LB 2-3: speed change 54.1%
2026-09-09T15:45:32.432,55,OFF,40.0,196.0,40.0,196.0,40.0,196.0,40.0,8418959,8419201,8419624,8419700,8419964,8420024,8420244,8420299,165.28925619834712,463.35697399527186,526.3157894736842,742.4242424242424,666.6666666666666,890.9090909090909,727.2727272727273,793.979437014628,264.0195970307304,1161.8027351267065,-452.32759023205847,1479.9769653390606,-1122.0058831769152,64.32787991229549,False,LB 1-2 -> LB 2-3: speed change 64.3%
2026-09-09T15:45:38.209,56,OFF,40.0,196.0,40.0,196.0,40.0,196.0,40.0,8424888,8425048,8425420,8425493,8425741,8425797,8426005,8426058,250.0,526.8817204301075,547.945205479452,790.3225806451613,714.2857142857143,942.3076923076923,754.7169811320755,911.4590988279235,95.93051222258053,1374.431496905545,-484.7699145973493,1600.591971820319,-1348.9240058183677,52.55102040816326,False,LB 1-2 -> LB 2-3: speed change 52.6%
2026-09-09T15:45:43.208,57,OFF,40.0,196.0,40.0,196.0,40.0,196.0,40.0,8429835,8430015,8430403,8430475,8430726,8430784,8430996,8431049,222.22222222222223,505.1546391752577,555.5555555555555,780.8764940239043,689.6551724137931,924.5283018867924,754.7169811320755,872.0275145377208,226.52866876422516,1275.958150891622,-568.406110516805,1606.475949799056,-1208.2833024600097,56.00907029478458,False,LB 1-2 -> LB 2-3: speed change 56.0%
2026-09-09T15:45:48.242,58,OFF,40.0,196.0,40.0,196.0,40.0,196.0,40.0,8434797,8434979,8435387,8435463,8435731,8435793,8436019,8436076,219.78021978021977,480.3921568627451,526.3157894736842,731.3432835820895,645.1612903225806,867.2566371681415,701.7543859649123,773.1918617313498,195.89697404265746,1092.6046109801914,-502.6691013132858,1423.3092550063402,-1100.3171885220438,54.2498318008522,False,LB 1-2 -> LB 2-3: speed change 54.2%
2026-09-09T15:45:54.120,59,OFF,40.0,196.0,40.0,196.0,40.0,196.0,40.0,8440758,8440925,8441318,8441392,8441647,8441706,8441921,8441975,239.52095808383234,498.72773536895676,540.5405405405405,768.6274509803922,677.9661016949152,911.6279069767442,740.7407407407408,810.8434943425897,184.13017771869303,1265.2715357320144,-555.7208616661652,1573.8449395398272,-1196.4771007866864,51.9736038127826,False,LB 1-2 -> LB 2-3: speed change 52.0%
2026-09-09T15:45:59.309,60,OFF,40.0,196.0,40.0,196.0,40.0,196.0,40.0,8445982,8446140,8446527,8446601,8446861,8446920,8447135,8447191,253.16455696202533,506.45994832041345,540.5405405405405,753.8461538461538,677.9661016949152,911.6279069767442,714.2857142857143,815.2940099615987,151.1965962506095,1169.9150326304207,-460.36435856457166,1573.8449395398272,-1359.5820302802806,50.012916559028675,False,LB 1-2 -> LB 2-3: speed change 50.0%
2026-09-09T15:46:04.246,61,OFF,40.0,196.0,40.0,196.0,40.0,196.0,40.0,8450917,8451086,8451478,8451553,8451808,8451867,8452078,8452132,236.68639053254438,500.0,533.3333333333334,768.6274509803922,677.9661016949152,928.9099526066351,740.7407407407408,821.9472565113384,145.95103578154448,1298.066584560045,-555.7208616661652,1708.6256991705975,-1331.2578604174566,52.662721893491124,False,LB 1-2 -> LB 2-3: speed change 52.7%
2026-09-09T15:46:09.556,62,OFF,40.0,196.0,40.0,196.0,40.0,196.0,40.0,8456230,8456389,8456778,8456851,8457105,8457162,8457369,8457421,251.57232704402514,503.85604113110537,547.945205479452,771.6535433070866,701.7543859649123,946.8599033816425,769.2307692307693,807.5520103812042,196.49592382885095,1250.8696724172153,-436.39818931097716,1712.2222814021286,-1291.6427978836123,50.07059427544603,False,LB 1-2 -> LB 2-3: speed change 50.1%
2026-09-09T15:46:14.681,63,OFF,40.0,196.0,40.0,196.0,40.0,196.0,40.0,8461339,8461503,8461888,8461959,8462213,8462270,8462475,8462527,243.90243902439025,509.09090909090907,563.3802816901408,771.6535433070866,701.7543859649123,956.0975609756098,769.2307692307693,846.1235337159399,246.71096643328053,1178.1858012759294,-436.39818931097716,1786.7090164513504,-1366.129532932834,52.090592334494765,False,LB 1-2 -> LB 2-3: speed change 52.1%
2026-09-09T15:46:19.928,64,OFF,40.0,196.0,40.0,196.0,40.0,196.0,40.0,8466681,8466832,8467195,8467265,8467509,8467565,8467769,8467821,264.9006622516556,539.9449035812672,571.4285714285714,803.2786885245902,714.2857142857143,960.7843137254902,769.2307692307693,938.0005849238062,148.26319212505942,1350.5340643766424,-572.256651716663,1749.586507916559,-1404.1971236000004,50.939316123800516,False,LB 1-2 -> LB 2-3: speed change 50.9%
2026-09-09T15:46:25.061,65,OFF,40.0,196.0,40.0,196.0,40.0,196.0,40.0,8471754,8471915,8472303,8472374,8472617,8472673,8472875,8472927,248.4472049689441,505.1546391752577,563.3802816901408,806.5843621399177,714.2857142857143,970.2970297029703,769.2307692307693,819.7254060313742,263.6276793092271,1411.7838620821847,-594.8061509152748,1827.42476363455,-1482.035379317991,50.8175941183927,False,LB 1-2 -> LB 2-3: speed change 50.8%
2026-09-09T15:46:30.884,66,OFF,40.0,196.0,40.0,196.0,40.0,196.0,40.0,8477560,8477729,8478126,8478200,8478449,8478506,8478715,8478767,236.68639053254438,493.70277078085644,540.5405405405405,787.14859437751,701.7543859649123,937.799043062201,769.2307692307693,795.4321119210625,205.261229199851,1387.3679392484325,-538.7444551249941,1639.8636735058847,-1219.2841899873683,52.058930080908105,False,LB 1-2 -> LB 2-3: speed change 52.1%
2026-09-09T15:46:35.803,67,OFF,40.0,196.0,40.0,196.0,40.0,196.0,40.0,8482477,8482639,8483029,8483102,8483354,8483412,8483624,8483678,246.91358024691357,502.56410256410254,547.945205479452,777.7777777777778,689.6551724137931,924.5283018867924,740.7407407407408,811.882885914037,202.00538568583553,1291.077641512794,-547.9407405416931,1606.475949799056,-1296.8463389683668,50.869236583522294,False,LB 1-2 -> LB 2-3: speed change 50.9%
2026-09-09T15:46:40.804,68,OFF,40.0,196.0,40.0,196.0,40.0,196.0,40.0,8487500,8487659,8488038,8488110,8488363,8488420,8488629,8488682,251.57232704402514,517.1503957783641,555.5555555555555,774.703557312253,701.7543859649123,937.799043062201,754.7169811320755,865.0673564380198,174.56543836831923,1235.2696034051578,-456.3829808952038,1639.8636735058847,-1313.0056083019758,51.354126556282885,False,LB 1-2 -> LB 2-3: speed change 51.4%
2026-09-09T15:46:45.868,69,OFF,40.0,196.0,40.0,196.0,40.0,196.0,40.0,8492535,8492697,8493081,8493154,8493409,8493466,8493675,8493727,246.91358024691357,510.4166666666667,547.945205479452,768.6274509803922,701.7543859649123,937.799043062201,769.2307692307693,845.5883792405174,168.29989235935525,1231.119534714814,-416.64805160857605,1639.8636735058847,-1219.2841899873683,51.625094482237344,False,LB 1-2 -> LB 2-3: speed change 51.6%
2026-09-09T15:46:50.995,70,OFF,40.0,196.0,40.0,196.0,40.0,196.0,40.0,8497700,8497859,8498233,8498304,8498550,8498605,8498807,8498859,251.57232704402514,524.0641711229947,563.3802816901408,796.7479674796748,727.2727272727273,970.2970297029703,769.2307692307693,895.5704225444302,181.16138280691086,1344.957550363265,-448.6512874927213,1748.096211930916,-1482.035379317991,51.99589269670133,False,LB 1-2 -> LB 2-3: speed change 52.0%
2026-09-09T15:46:59.182,71,OFF,40.0,196.0,40.0,196.0,40.0,196.0,40.0,8505871,8506035,8506424,8506497,8506743,8506798,8506998,8507050,243.90243902439025,503.85604113110537,547.945205479452,796.7479674796748,727.2727272727273,980.0,769.2307692307693,823.6547051790836,196.49592382885095,1417.6414215045509,-448.6512874927213,1828.281271886819,-1562.220439273894,51.592832254853164,False,LB 1-2 -> LB 2-3: speed change 51.6%
2026-09-09T15:47:04.026,72,OFF,40.0,196.0,40.0,196.0,40.0,196.0,40.0,8510688,8510842,8511211,8511282,8511531,8511588,8511797,8511849,259.7402597402597,531.1653116531165,563.3802816901408,787.14859437751,701.7543859649123,937.799043062201,769.2307692307693,909.6253634475204,149.40997243097465,1280.5320670899464,-538.7444551249941,1639.8636735058847,-1219.2841899873683,51.0999204876756,False,LB 1-2 -> LB 2-3: speed change 51.1%
2026-09-09T15:47:08.556,73,OFF,40.0,196.0,40.0,196.0,40.0,196.0,40.0,8515293,8515459,8515835,8515904,8516145,8516200,8516401,8516452,240.96385542168676,521.2765957446809,579.7101449275362,813.2780082987551,727.2727272727273,975.1243781094528,784.3137254901961,905.3631764893216,272.60407991839674,1378.6324858071396,-561.4216057105054,1787.8895463925269,-1422.540393182357,53.774280796656015,False,LB 1-2 -> LB 2-3: speed change 53.8%
2026-09-09T15:47:13.680,74,OFF,40.0,196.0,40.0,196.0,40.0,196.0,40.0,8520193,8520446,8520884,8520959,8521219,8521278,8521491,8521545,158.10276679841897,447.48858447488584,533.3333333333334,753.8461538461538,677.9661016949152,920.1877934272301,740.7407407407408,742.5828320594143,356.77292885215024,1202.7100814584514,-460.36435856457166,1640.2861869706546,-1262.9183482175138,64.66887150116965,False,LB 1-2 -> LB 2-3: speed change 64.7%
2026-09-09T15:47:18.198,75,OFF,40.0,196.0,40.0,196.0,40.0,196.0,40.0,8524870,8525020,8525415,8525492,8525759,8525818,8526035,8526089,266.6666666666667,496.2025316455696,519.4805194805194,734.0823970037453,677.9661016949152,903.2258064516129,740.7407407407408,741.9739038150906,100.1824479164315,1139.902353690737,-335.75818026849237,1509.232298274434,-1131.8644595212932,46.25850340136054,True,
2026-09-09T15:47:23.556,76,OFF,40.0,196.0,40.0,196.0,40.0,196.0,40.0,8530109,8530341,8530764,8530841,8531102,8531161,8531378,8531432,172.41379310344828,463.35697399527186,519.4805194805194,750.9578544061303,677.9661016949152,903.2258064516129,740.7407407407408,783.7846156683745,233.73018970209867,1246.091902434358,-441.94772901211326,1509.232298274434,-1131.8644595212932,62.79028852920477,False,LB 1-2 -> LB 2-3: speed change 62.8%
2026-09-09T15:47:28.744,77,OFF,40.0,196.0,40.0,196.0,40.0,196.0,40.0,8535453,8535618,8536004,8536074,8536317,8536373,8536575,8536626,242.42424242424244,507.7720207253886,571.4285714285714,806.5843621399177,714.2857142857143,970.2970297029703,784.3137254901961,843.4869140532907,291.09401361590477,1373.0835635752542,-594.8061509152748,1827.42476363455,-1382.7470587207463,52.25726654298083,False,LB 1-2 -> LB 2-3: speed change 52.3%
2026-09-09T15:47:33.994,78,OFF,40.0,196.0,40.0,196.0,40.0,196.0,40.0,8540742,8540898,8541264,8541333,8541576,8541630,8541830,8541881,256.4102564102564,535.5191256830601,579.7101449275362,806.5843621399177,740.7407407407408,980.0,784.3137254901961,936.5869253388801,208.8267718625252,1332.688479308275,-431.7012214216806,1744.5048940968586,-1462.9321186766492,52.119309262166404,False,LB 1-2 -> LB 2-3: speed change 52.1%
2026-09-09T15:47:38.370,79,OFF,40.0,196.0,40.0,196.0,40.0,196.0,40.0,8545063,8545219,8545610,8545684,8545940,8545998,8546205,8546257,256.4102564102564,501.27877237851663,540.5405405405405,765.625,689.6551724137931,946.8599033816425,769.2307692307693,786.1618137497426,173.32062851926705,1245.7523926150013,-468.46349062670026,1783.5568635372658,-1291.6427978836123,48.84877027734171,True,
2026-09-09T15:47:43.245,80,OFF,40.0,196.0,40.0,196.0,40.0,196.0,40.0,8549924,8550124,8550518,8550590,8550839,8550896,8551104,8551157,200.0,497.46192893401013,555.5555555555555,787.14859437751,701.7543859649123,942.3076923076923,754.7169811320755,879.1032658421447,259.2101888554908,1317.6310776349483,-538.7444551249941,1675.7820710222766,-1348.9240058183677,59.795918367346935,False,LB 1-2 -> LB 2-3: speed change 59.8%
2026-09-09T15:47:47.931,81,OFF,40.0,196.0,40.0,196.0,40.0,196.0,40.0,8554706,8554860,8555218,8555287,8555528,8555583,8555783,8555833,259.7402597402597,547.4860335195531,579.7101449275362,813.2780082987551,727.2727272727273,980.0,800.0,984.2201456315069,153.91057302089783,1378.6324858071396,-561.4216057105054,1828.281271886819,-1357.6271186440679,52.557646435197455,False,LB 1-2 -> LB 2-3: speed change 52.6%
2026-09-09T15:47:52.629,82,OFF,40.0,196.0,40.0,196.0,40.0,196.0,40.0,8559328,8559489,8559887,8559961,8560215,8560273,8560481,8560533,248.4472049689441,492.46231155778895,540.5405405405405,771.6535433070866,689.6551724137931,942.3076923076923,769.2307692307693,766.0725196947469,210.44469348736828,1285.0216734344156,-507.73277144611444,1747.1166531574138,-1255.2025875037602,49.5500063379389,True,
2026-09-09T15:47:57.055,83,OFF,40.0,196.0,40.0,196.0,40.0,196.0,40.0,8563836,8563978,8564340,8564408,8564647,8564702,8564906,8564957,281.6901408450704,541.4364640883978,588.2352941176471,820.0836820083682,727.2727272727273,960.7843137254902,784.3137254901961,905.9496152340306,224.0140533946098,1383.5444247912187,-608.5238375495409,1670.2579562129251,-1304.9088030027553,47.973555619430876,True,
2026-09-09T15:48:02.117,84,OFF,40.0,196.0,40.0,196.0,40.0,196.0,40.0,8568837,8568986,8569351,8569422,8569669,8569725,8569932,8569983,268.4563758389262,536.986301369863,563.3802816901408,793.5222672064777,714.2857142857143,946.8599033816425,784.3137254901961,916.4638225860783,123.06378787447935,1323.221384556128,-506.24367338921815,1637.032182200171,-1192.3544772863675,50.00684837693466,False,LB 1-2 -> LB 2-3: speed change 50.0%
2026-09-09T15:48:07.117,85,OFF,40.0,196.0,40.0,196.0,40.0,196.0,40.0,8573883,8574027,8574382,8574453,8574700,8574756,8574959,8575009,277.77777777777777,552.112676056338,563.3802816901408,793.5222672064777,714.2857142857143,965.5172413793103,800.0,964.6945476056371,53.258198030387945,1323.221384556128,-506.24367338921815,1788.2180583392387,-1238.2353533928538,49.68820861678005,True,
2026-09-09T15:48:11.868,86,OFF,40.0,196.0,40.0,196.0,40.0,196.0,40.0,8578537,8578711,8579098,8579169,8579419,8579475,8579679,8579730,229.88505747126436,506.45994832041345,563.3802816901408,784.0,714.2857142857143,960.7843137254902,784.3137254901961,862.9429644243617,258.0324684090956,1259.5705856048203,-442.59287443791044,1749.586507916559,-1304.9088030027553,54.609429978888116,False,LB 1-2 -> LB 2-3: speed change 54.6%
2026-09-09T15:48:16.745,87,OFF,40.0,196.0,40.0,196.0,40.0,196.0,40.0,8583461,8583623,8584000,8584070,8584318,8584375,8584582,8584634,246.91358024691357,519.893899204244,571.4285714285714,790.3225806451613,701.7543859649123,946.8599033816425,769.2307692307693,886.9633488112017,238.30909243688703,1263.0473272573288,-559.9600137993069,1712.2222814021286,-1291.6427978836123,52.50692869740489,False,LB 1-2 -> LB 2-3: speed change 52.5%
2026-09-09T15:48:21.118,88,OFF,40.0,196.0,40.0,196.0,40.0,196.0,40.0,8587870,8588020,8588383,8588454,8588695,8588751,8588954,8589005,266.6666666666667,539.9449035812672,563.3802816901408,813.2780082987551,714.2857142857143,965.5172413793103,784.3137254901961,934.0228296282747,109.56289361812908,1457.727868581049,-640.7501574141394,1788.2180583392387,-1343.5403534254351,50.61224489795918,False,LB 1-2 -> LB 2-3: speed change 50.6%
2026-09-09T15:48:25.690,89,OFF,40.0,196.0,40.0,196.0,40.0,196.0,40.0,8592464,8592611,8592968,8593039,8593286,8593342,8593546,8593598,272.10884353741494,549.0196078431372,563.3802816901408,793.5222672064777,714.2857142857143,960.7843137254902,769.2307692307693,963.4716401057746,67.68988136029768,1323.221384556128,-506.24367338921815,1749.586507916559,-1404.1971236000004,50.437317784256564,False,LB 1-2 -> LB 2-3: speed change 50.4%
2026-09-09T15:48:30.306,90,OFF,40.0,196.0,40.0,196.0,40.0,196.0,40.0,8597066,8597220,8597595,8597667,8597911,8597967,8598169,8598220,259.7402597402597,522.6666666666666,555.5555555555555,803.2786885245902,714.2857142857143,970.2970297029703,784.3137254901961,871.6756013326559,150.26072400083723,1426.3333734285748,-572.256651716663,1827.42476363455,-1382.7470587207463,50.30479724357275,False,LB 1-2 -> LB 2-3: speed change 50.3%
2026-09-09T15:48:34.994,91,OFF,40.0,196.0,40.0,196.0,40.0,196.0,40.0,8601751,8601901,8602270,8602342,8602590,8602646,8602853,8602904,266.6666666666667,531.1653116531165,555.5555555555555,790.3225806451613,714.2857142857143,946.8599033816425,784.3137254901961,894.1757508154292,112.31096188597267,1338.8466363092612,-484.7699145973493,1637.032182200171,-1192.3544772863675,49.795918367346935,True,
2026-09-09T15:48:43.618,92,OFF,40.0,196.0,40.0,196.0,40.0,196.0,40.0,8610285,8610483,8610879,8610951,8611199,8611254,8611455,8611506,202.02020202020202,494.949494949495,555.5555555555555,790.3225806451613,727.2727272727273,975.1243781094528,784.3137254901961,865.0967818918515,269.7753082961093,1338.8466363092612,-405.44136289371545,1787.8895463925269,-1422.540393182357,59.183673469387756,False,LB 1-2 -> LB 2-3: speed change 59.2%
2026-09-09T15:48:48.245,93,OFF,40.0,196.0,40.0,196.0,40.0,196.0,40.0,8615012,8615164,8615525,8615594,8615839,8615895,8616098,8616149,263.1578947368421,542.9362880886426,579.7101449275362,800.0,714.2857142857143,965.5172413793103,784.3137254901961,955.6259972929944,174.93236952725235,1287.8650333393853,-549.9827049463851,1788.2180583392387,-1343.5403534254351,51.530612244897966,False,LB 1-2 -> LB 2-3: speed change 51.5%
2026-09-09T15:48:53.079,94,OFF,40.0,196.0,40.0,196.0,40.0,196.0,40.0,8619834,8619985,8620346,8620414,8620650,8620705,8620903,8620952,264.9006622516556,542.9362880886426,588.2352941176471,830.5084745762712,727.2727272727273,989.89898989899,816.3265306122449,951.7264917885925,217.1226623822085,1456.4557843107207,-681.4351970690428,1910.90843376411,-1328.4364644983734,51.20962292201649,False,LB 1-2 -> LB 2-3: speed change 51.2%
2026-09-09T15:48:57.944,95,OFF,40.0,196.0,40.0,196.0,40.0,196.0,40.0,8624617,8624774,8625151,8625223,8625478,8625536,8625747,8625801,254.77707006369425,519.893899204244,555.5555555555555,768.6274509803922,689.6551724137931,928.9099526066351,740.7407407407408,870.2470805065766,162.50978338495474,1195.5346741185301,-487.98263374371334,1640.8874712481456,-1331.2578604174566,50.99441050305472,False,LB 1-2 -> LB 2-3: speed change 51.0%
2026-09-09T15:49:05.181,96,OFF,40.0,196.0,40.0,196.0,40.0,196.0,40.0,8631979,8632127,8632487,8632556,8632800,8632855,8633059,8633111,270.27027027027026,544.4444444444445,579.7101449275362,803.2786885245902,727.2727272727273,960.7843137254902,769.2307692307693,946.4988732815883,167.98347053171744,1310.1389801096632,-492.9281000130291,1670.2579562129251,-1404.1971236000004,50.35852178709321,False,LB 1-2 -> LB 2-3: speed change 50.4%
2026-09-09T15:49:10.556,97,OFF,40.0,196.0,40.0,196.0,40.0,196.0,40.0,8637354,8637504,8637862,8637931,8638175,8638230,8638430,8638481,266.6666666666667,547.4860335195531,579.7101449275362,803.2786885245902,727.2727272727273,980.0,784.3137254901961,968.7705329994157,153.91057302089783,1310.1389801096632,-492.9281000130291,1828.281271886819,-1462.9321186766492,51.29251700680272,False,LB 1-2 -> LB 2-3: speed change 51.3%
2026-09-09T15:49:15.334,98,OFF,40.0,196.0,40.0,196.0,40.0,196.0,40.0,8642073,8642223,8642594,8642666,8642912,8642968,8643170,8643220,266.6666666666667,528.3018867924528,555.5555555555555,796.7479674796748,714.2857142857143,970.2970297029703,800.0,881.3210698192987,125.16564288210313,1382.0565609082669,-527.9798391963551,1827.42476363455,-1277.4420586881647,49.52380952380952,True,
2026-09-09T15:49:22.054,99,OFF,40.0,196.0,40.0,196.0,40.0,196.0,40.0,8648814,8648968,8649334,8649404,8649646,8649702,8649904,8649955,259.7402597402597,535.5191256830601,571.4285714285714,809.9173553719008,714.2857142857143,970.2970297029703,784.3137254901961,929.3039467898794,168.43168759554595,1395.913179185237,-617.6357665252576,1827.42476363455,-1382.7470587207463,51.49748210972701,False,LB 1-2 -> LB 2-3: speed change 51.5%
2026-09-09T15:49:26.931,100,OFF,40.0,196.0,40.0,196.0,40.0,196.0,40.0,8653688,8653853,8654224,8654292,8654531,8654586,8654786,8654835,242.42424242424244,528.3018867924528,588.2352941176471,820.0836820083682,727.2727272727273,980.0,816.3265306122449,933.6159757351601,283.55032905597085,1383.5444247912187,-608.5238375495409,1828.281271886819,-1245.8093026210825,54.112554112554115,False,LB 1-2 -> LB 2-3: speed change 54.1%
