local_timestamp,plc_event_time_ms,light_barrier,filtered_state,raw_state_at_poll,event_count,events_since_poll,events_not_individually_logged,conveyor_position_increments,pair_travel_time_ms,pair_velocity_mm_per_sec,pair_measurement_valid
2026-08-01T20:54:30.829,22006,6,OFF,1,1,1,0,15108,0,0.0,0
2026-08-01T20:54:30.988,22129,6,ON,1,2,1,0,15292,0,0.0,0
2026-08-01T20:54:56.012,47217,1,OFF,0,1,1,0,25990,0,0.0,0
2026-08-01T20:54:56.332,47588,1,ON,1,2,1,0,25990,287,76.6550521850586,1
2026-08-01T20:54:56.332,47505,2,OFF,0,1,1,0,25990,287,76.6550521850586,1
2026-08-01T20:54:56.633,47869,2,ON,1,2,1,0,25990,287,76.6550521850586,1
2026-08-01T20:55:02.443,53716,3,OFF,0,1,1,0,25990,0,0.0,0
2026-08-01T20:55:02.601,53878,3,ON,1,2,1,0,25990,0,0.0,0
2026-08-01T20:55:02.761,53940,4,OFF,0,1,1,0,25990,223,448.43048095703125,1
2026-08-01T20:55:02.904,54150,4,ON,1,2,1,0,25990,223,448.43048095703125,1
2026-08-01T20:55:04.162,55345,6,OFF,0,3,1,0,25990,0,0.0,0
2026-08-01T20:55:04.482,55665,6,ON,1,4,1,0,25990,0,0.0,0
2026-08-01T20:56:33.801,144989,1,OFF,0,3,1,0,37688,287,0.0,0
2026-08-01T20:56:36.771,147923,2,OFF,0,3,1,0,42072,287,0.0,0
2026-08-01T20:56:46.032,157278,1,ON,1,4,1,0,56050,287,0.0,0
2026-08-01T20:56:46.032,157310,2,ON,1,4,1,0,56098,287,0.0,0
2026-08-01T20:56:52.275,163473,1,OFF,0,5,1,0,65306,287,0.0,0
2026-08-01T20:56:52.436,163608,2,OFF,0,5,1,0,65508,134,164.17910766601562,1
2026-08-01T20:56:52.595,163754,1,ON,1,6,1,0,65726,134,164.17910766601562,1
2026-08-01T20:56:52.595,163846,2,ON,1,6,1,0,65863,134,164.17910766601562,1
2026-08-01T20:57:09.219,180422,1,OFF,0,7,1,0,92934,134,0.0,0
2026-08-01T20:57:11.404,182693,2,OFF,0,7,1,0,97231,134,0.0,0
2026-08-01T20:57:16.887,188095,1,ON,1,8,1,0,107456,134,0.0,0
2026-08-01T20:57:16.887,188091,2,ON,1,8,1,0,107447,134,0.0,0
2026-08-01T20:57:23.761,194960,1,OFF,0,9,1,0,120447,134,0.0,0
2026-08-01T20:57:25.958,197259,2,OFF,0,9,1,0,124798,2298,9.573542594909668,1
2026-08-01T20:57:31.450,202758,1,ON,1,10,1,0,135207,2298,9.573542594909668,1
2026-08-01T20:57:31.450,202690,2,ON,1,10,1,0,135078,2298,9.573542594909668,1
2026-08-01T20:57:57.116,228351,1,OFF,0,11,1,0,193669,2298,0.0,0
2026-08-01T20:57:58.203,229486,1,ON,1,12,1,0,196947,2298,0.0,0
2026-08-01T20:57:58.523,229838,2,OFF,0,11,1,0,197964,1486,14.804844856262207,1
2026-08-01T20:58:02.593,233868,1,OFF,0,13,1,0,209606,1486,0.0,0
2026-08-01T20:58:05.566,236793,1,ON,1,14,1,0,218055,1486,0.0,0
2026-08-01T20:58:05.566,236764,2,ON,1,12,1,0,217971,1486,0.0,0
2026-08-01T20:58:45.068,276376,1,ON,1,16,2,1,332397,98,224.4897918701172,1
2026-08-01T20:58:45.068,276352,2,OFF,0,13,1,0,332328,98,224.4897918701172,1
2026-08-01T20:58:45.387,276642,2,ON,1,14,1,0,333166,98,224.4897918701172,1
2026-08-01T20:58:58.861,290102,3,OFF,0,3,1,0,372047,223,0.0,0
2026-08-01T20:58:59.181,290405,3,ON,1,4,1,0,372922,374,267.3796691894531,1
2026-08-01T20:58:59.181,290477,4,OFF,0,3,1,0,373130,374,267.3796691894531,1
2026-08-01T20:58:59.485,290676,4,ON,1,4,1,0,373705,374,267.3796691894531,1
2026-08-01T20:59:00.266,291534,6,OFF,0,5,1,0,376184,0,0.0,0
2026-08-01T20:59:00.426,291629,6,ON,1,6,1,0,376458,0,0.0,0
2026-08-01T20:59:14.865,306171,1,OFF,0,17,1,0,418465,98,0.0,0
2026-08-01T20:59:15.025,306304,1,ON,1,18,1,0,418849,111,198.1981964111328,1
2026-08-01T20:59:15.025,306283,2,OFF,0,15,1,0,418789,111,198.1981964111328,1
2026-08-01T20:59:15.184,306423,2,ON,1,16,1,0,419193,111,198.1981964111328,1
2026-08-01T20:59:15.488,306808,3,OFF,0,5,1,0,420305,374,0.0,0
2026-08-01T20:59:15.648,306876,3,ON,1,6,1,0,420502,85,1176.4705810546875,1
2026-08-01T20:59:15.648,306960,4,ON,1,6,2,1,420744,85,1176.4705810546875,1
2026-08-01T20:59:16.108,307362,6,ON,1,8,2,1,421906,0,0.0,0
2026-08-01T21:00:19.373,370717,1,ON,1,20,2,1,452976,134,164.17910766601562,1
2026-08-01T21:00:19.373,370696,2,OFF,0,17,1,0,452941,134,164.17910766601562,1
2026-08-01T21:00:19.517,370842,2,ON,1,18,1,0,453189,134,164.17910766601562,1
2026-08-01T21:00:20.140,371455,3,ON,1,8,2,1,454227,123,813.0081176757812,1
2026-08-01T21:00:20.140,371484,4,OFF,0,7,1,0,454276,123,813.0081176757812,1
2026-08-01T21:00:20.301,371581,4,ON,1,8,1,0,454439,123,813.0081176757812,1
2026-08-01T21:00:20.924,372239,6,ON,1,10,2,1,455554,0,0.0,0
2026-08-01T21:00:22.810,374155,1,ON,1,22,2,1,458799,120,183.3333282470703,1
2026-08-01T21:00:22.810,374134,2,OFF,0,19,1,0,458762,120,183.3333282470703,1
2026-08-01T21:00:22.954,374277,2,ON,1,20,1,0,459005,120,183.3333282470703,1
2026-08-01T21:00:23.432,374721,3,OFF,1,9,1,0,459756,123,0.0,0
2026-08-01T21:00:23.592,374795,3,ON,1,10,1,0,459882,92,1086.95654296875,1
2026-08-01T21:00:23.592,374883,4,ON,1,10,2,1,460031,92,1086.95654296875,1
2026-08-01T21:00:23.894,375225,6,OFF,0,11,1,0,460611,0,0.0,0
2026-08-01T21:00:24.055,375274,6,ON,1,12,1,0,460694,0,0.0,0
2026-08-01T21:00:26.562,377834,1,OFF,0,23,1,0,465029,120,0.0,0
2026-08-01T21:00:26.707,377996,1,ON,1,24,1,0,465302,139,158.27337646484375,1
2026-08-01T21:00:26.707,377974,2,OFF,0,21,1,0,465266,139,158.27337646484375,1
2026-08-01T21:00:26.867,378110,2,ON,1,22,1,0,465495,139,158.27337646484375,1
2026-08-01T21:00:27.183,378515,3,ON,1,12,2,1,466182,92,0.0,0
2026-08-01T21:00:27.343,378588,4,ON,1,12,2,1,466305,75,1333.3333740234375,1
2026-08-01T21:00:27.502,378834,5,ON,1,2,2,1,466721,0,0.0,0
2026-08-01T21:00:27.646,378924,6,ON,1,14,2,1,466874,79,1265.82275390625,1
2026-08-01T21:00:29.850,381186,1,ON,1,26,2,1,470705,119,184.8739471435547,1
2026-08-01T21:00:29.850,381167,2,OFF,0,23,1,0,470673,119,184.8739471435547,1
2026-08-01T21:00:30.010,381299,2,ON,1,24,1,0,470895,119,184.8739471435547,1
2026-08-01T21:00:30.473,381765,3,ON,1,14,2,1,471684,88,1136.3636474609375,1
2026-08-01T21:00:30.473,381783,4,OFF,0,13,1,0,471716,88,1136.3636474609375,1
2026-08-01T21:00:30.633,381852,4,ON,1,14,1,0,471832,88,1136.3636474609375,1
2026-08-01T21:00:30.938,382253,6,ON,1,16,2,1,472512,79,1265.82275390625,1
2026-08-01T21:00:32.663,383935,1,OFF,0,27,1,0,475360,119,0.0,0
2026-08-01T21:00:32.824,384045,1,ON,1,28,1,0,475545,108,203.70370483398438,1
2026-08-01T21:00:32.824,384044,2,OFF,1,25,1,0,475544,108,203.70370483398438,1
2026-08-01T21:00:32.983,384179,2,ON,1,26,1,0,475772,108,203.70370483398438,1
2026-08-01T21:00:33.283,384627,3,ON,1,16,2,1,476532,88,0.0,0
2026-08-01T21:00:33.443,384713,4,ON,1,16,2,1,476676,86,1162.7906494140625,1
2026-08-01T21:00:33.763,385098,6,ON,1,18,2,1,477328,79,1265.82275390625,1
2026-08-01T21:00:36.094,387317,1,OFF,0,29,1,0,481087,108,0.0,0
2026-08-01T21:00:36.252,387480,1,ON,1,30,1,0,481363,135,162.9629669189453,1
2026-08-01T21:00:36.252,387453,2,OFF,1,27,1,0,481316,135,162.9629669189453,1
2026-08-01T21:00:36.412,387605,2,ON,1,28,1,0,481574,135,162.9629669189453,1
2026-08-01T21:00:36.733,388054,3,ON,1,18,2,1,482335,83,1204.8193359375,1
2026-08-01T21:00:36.733,388072,4,OFF,0,17,1,0,482364,83,1204.8193359375,1
2026-08-01T21:00:36.876,388136,4,ON,1,18,1,0,482474,83,1204.8193359375,1
2026-08-01T21:00:37.178,388505,6,ON,1,20,2,1,483098,79,1265.82275390625,1
2026-08-01T21:00:38.601,389918,1,OFF,0,31,1,0,485490,135,0.0,0
2026-08-01T21:00:38.760,390065,1,ON,1,32,1,0,485739,121,181.81817626953125,1
2026-08-01T21:00:38.760,390040,2,OFF,0,29,1,0,485698,121,181.81817626953125,1
2026-08-01T21:00:38.919,390180,2,ON,1,30,1,0,485934,121,181.81817626953125,1
2026-08-01T21:00:39.221,390523,3,OFF,1,19,1,0,486516,83,0.0,0
2026-08-01T21:00:39.380,390582,3,ON,1,20,1,0,486615,74,1351.351318359375,1
2026-08-01T21:00:39.380,390654,4,ON,1,20,2,1,486737,74,1351.351318359375,1
2026-08-01T21:00:39.539,390866,5,OFF,1,3,1,0,487096,79,0.0,0
2026-08-01T21:00:39.684,390892,5,ON,1,4,1,0,487140,68,1470.5882568359375,1
2026-08-01T21:00:39.684,390978,6,ON,1,22,2,1,487285,68,1470.5882568359375,1
2026-08-01T21:00:42.216,393511,1,OFF,0,33,1,0,491575,121,0.0,0
2026-08-01T21:00:42.373,393659,1,ON,1,34,1,0,491825,123,178.86178588867188,1
2026-08-01T21:00:42.373,393635,2,OFF,0,31,1,0,491785,123,178.86178588867188,1
2026-08-01T21:00:42.517,393777,2,ON,1,32,1,0,492025,123,178.86178588867188,1
2026-08-01T21:00:42.838,394151,3,OFF,0,21,1,0,492658,74,0.0,0
2026-08-01T21:00:42.996,394210,3,ON,1,22,1,0,492758,74,1351.351318359375,1
2026-08-01T21:00:42.996,394280,4,ON,1,22,2,1,492878,74,1351.351318359375,1
2026-08-01T21:00:43.299,394600,6,ON,1,24,2,1,493419,68,1470.5882568359375,1
2026-08-01T21:00:47.050,398351,1,OFF,0,35,1,0,499771,123,0.0,0
2026-08-01T21:00:47.210,398478,1,ON,1,36,1,0,499986,104,211.53846740722656,1
2026-08-01T21:00:47.210,398456,2,OFF,0,33,1,0,499948,104,211.53846740722656,1
2026-08-01T21:00:47.369,398591,2,ON,1,34,1,0,500178,104,211.53846740722656,1
2026-08-01T21:00:47.673,398986,3,ON,1,24,2,1,500846,71,1408.45068359375,1
2026-08-01T21:00:47.673,399001,4,OFF,0,23,1,0,500871,71,1408.45068359375,1
2026-08-01T21:00:47.833,399055,4,ON,1,24,1,0,500963,71,1408.45068359375,1
2026-08-01T21:00:47.992,399332,6,OFF,0,25,1,0,501432,68,1470.5882568359375,1
2026-08-01T21:00:48.136,399374,6,ON,1,26,1,0,501504,68,1470.5882568359375,1
2026-08-01T21:02:14.819,486145,1,OFF,0,37,1,0,611961,104,0.0,0
2026-08-01T21:02:15.441,486789,1,ON,1,38,1,0,611961,104,0.0,0
2026-08-01T21:02:15.761,487003,1,OFF,0,39,1,0,611961,104,0.0,0
2026-08-01T21:02:17.789,489126,1,ON,1,40,1,0,611961,104,0.0,0
2026-08-01T21:02:18.584,489942,1,ON,1,42,2,1,611961,104,0.0,0
2026-08-01T21:02:19.367,490628,1,OFF,0,43,1,0,611961,104,0.0,0
2026-08-01T21:02:19.992,491283,1,ON,1,44,1,0,611961,104,0.0,0
2026-08-01T21:07:55.318,17581,1,OFF,0,1,1,0,617462,0,0.0,0
2026-08-01T21:07:55.477,17786,1,ON,1,2,1,0,617809,177,124.29378509521484,1
2026-08-01T21:07:55.477,17759,2,OFF,0,1,1,0,617762,177,124.29378509521484,1
2026-08-01T21:07:55.636,17913,2,ON,1,2,1,0,618023,177,124.29378509521484,1
2026-08-01T21:07:55.938,18299,3,OFF,0,1,1,0,618677,0,0.0,0
2026-08-01T21:07:56.097,18363,3,ON,1,2,1,0,618785,80,466.25,1
2026-08-01T21:07:56.097,18441,4,ON,1,2,2,1,618917,80,466.25,1
2026-08-01T21:07:56.401,18703,5,ON,1,2,2,1,619362,83,662.6505737304688,1
2026-08-01T21:07:56.401,18752,6,OFF,1,1,1,0,619445,83,662.6505737304688,1
2026-08-01T21:07:56.561,18799,6,ON,1,2,1,0,619523,83,662.6505737304688,1
2026-08-01T21:07:57.824,20108,1,OFF,0,3,1,0,621741,177,0.0,0
2026-08-01T21:07:57.966,20251,1,ON,1,4,1,0,621982,118,186.440673828125,1
2026-08-01T21:07:57.966,20227,2,OFF,1,3,1,0,621942,118,186.440673828125,1
2026-08-01T21:07:58.127,20365,2,ON,1,4,1,0,622175,118,186.440673828125,1
2026-08-01T21:07:58.445,20798,3,ON,1,4,2,1,622908,80,466.25,1
2026-08-01T21:07:58.445,20815,4,OFF,0,3,1,0,622937,80,466.25,1
2026-08-01T21:07:58.604,20875,4,ON,1,4,1,0,623040,80,466.25,1
2026-08-01T21:07:58.907,21214,6,ON,1,4,2,1,623614,83,662.6505737304688,1
2026-08-01T21:08:00.949,23332,1,ON,1,6,2,1,627199,81,271.6049499511719,1
2026-08-01T21:08:00.949,23312,2,OFF,0,5,1,0,627166,81,271.6049499511719,1
2026-08-01T21:08:01.092,23453,2,ON,1,6,1,0,627404,81,271.6049499511719,1
2026-08-01T21:08:01.413,23792,3,OFF,0,5,1,0,627978,80,0.0,0
2026-08-01T21:08:01.572,23845,3,ON,1,6,1,0,628068,69,540.5797119140625,1
2026-08-01T21:08:01.572,23915,4,ON,1,6,2,1,628187,69,540.5797119140625,1
2026-08-01T21:08:01.875,24230,6,ON,1,6,2,1,628721,83,662.6505737304688,1
2026-08-01T21:08:04.704,27086,1,ON,1,8,2,1,633556,122,180.32786560058594,1
2026-08-01T21:08:04.704,27067,2,OFF,0,7,1,0,633524,122,180.32786560058594,1
2026-08-01T21:08:04.861,27211,2,ON,1,8,1,0,633769,122,180.32786560058594,1
2026-08-01T21:08:05.339,27650,3,ON,1,8,2,1,634511,81,460.49383544921875,1
2026-08-01T21:08:05.339,27669,4,OFF,1,7,1,0,634543,81,460.49383544921875,1
2026-08-01T21:08:05.482,27730,4,ON,1,8,1,0,634647,81,460.49383544921875,1
2026-08-01T21:08:05.642,28001,5,ON,1,4,2,1,635106,83,0.0,0
2026-08-01T21:08:05.788,28101,6,ON,1,8,2,1,635276,87,632.1838989257812,1
2026-08-01T21:08:08.455,30690,1,OFF,1,9,1,0,639659,140,157.14285278320312,1
2026-08-01T21:08:08.455,30831,2,OFF,0,9,1,0,639899,140,157.14285278320312,1
2026-08-01T21:08:08.614,30858,1,ON,1,10,1,0,639944,140,157.14285278320312,1
2026-08-01T21:08:08.614,30984,2,ON,1,10,1,0,640158,140,157.14285278320312,1
2026-08-01T21:08:09.078,31411,3,ON,1,10,2,1,640881,79,472.1518859863281,1
2026-08-01T21:08:09.078,31428,4,OFF,1,9,1,0,640910,79,472.1518859863281,1
2026-08-01T21:08:09.238,31488,4,ON,1,10,1,0,641010,79,472.1518859863281,1
2026-08-01T21:08:09.557,31837,6,ON,1,10,2,1,641601,87,632.1838989257812,1
2026-08-01T21:08:11.422,33689,1,OFF,1,11,1,0,644738,111,198.1981964111328,1
2026-08-01T21:08:11.422,33801,2,OFF,0,11,1,0,644927,111,198.1981964111328,1
2026-08-01T21:08:11.581,33825,1,ON,1,12,1,0,644969,111,198.1981964111328,1
2026-08-01T21:08:11.581,33935,2,ON,1,12,1,0,645154,111,198.1981964111328,1
2026-08-01T21:08:11.900,34252,3,OFF,1,11,1,0,645692,79,0.0,0
2026-08-01T21:08:12.044,34307,3,ON,1,12,1,0,645785,69,540.5797119140625,1
2026-08-01T21:08:12.044,34374,4,ON,1,12,2,1,645897,69,540.5797119140625,1
2026-08-01T21:08:12.205,34595,5,ON,1,6,2,1,646272,87,0.0,0
2026-08-01T21:08:12.363,34677,6,ON,1,12,2,1,646411,65,846.1538696289062,1
2026-08-01T21:08:15.028,37301,1,OFF,1,13,1,0,650855,106,207.5471649169922,1
2026-08-01T21:08:15.028,37408,2,OFF,0,13,1,0,651035,106,207.5471649169922,1
2026-08-01T21:08:15.187,37432,1,ON,1,14,1,0,651076,106,207.5471649169922,1
2026-08-01T21:08:15.187,37543,2,ON,1,14,1,0,651264,106,207.5471649169922,1
2026-08-01T21:08:15.508,37888,3,OFF,0,13,1,0,651849,69,0.0,0
2026-08-01T21:08:15.667,37944,3,ON,1,14,1,0,651943,71,525.3521118164062,1
2026-08-01T21:08:15.667,38013,4,ON,1,14,2,1,652060,71,525.3521118164062,1
2026-08-01T21:08:15.970,38326,6,ON,1,14,2,1,652590,65,846.1538696289062,1
2026-08-01T21:08:18.479,40764,1,OFF,0,15,1,0,656719,106,0.0,0
2026-08-01T21:08:18.623,40920,1,ON,1,16,1,0,656982,130,169.23077392578125,1
2026-08-01T21:08:18.623,40895,2,OFF,0,15,1,0,656941,130,169.23077392578125,1
2026-08-01T21:08:18.783,41041,2,ON,1,16,1,0,657187,130,169.23077392578125,1
2026-08-01T21:08:19.101,41452,3,ON,1,16,2,1,657884,71,525.3521118164062,1
2026-08-01T21:08:19.101,41467,4,OFF,0,15,1,0,657908,71,525.3521118164062,1
2026-08-01T21:08:19.261,41520,4,ON,1,16,1,0,657998,71,525.3521118164062,1
2026-08-01T21:08:19.406,41787,6,OFF,0,15,1,0,658450,65,846.1538696289062,1
2026-08-01T21:08:19.566,41827,6,ON,1,16,1,0,658518,65,846.1538696289062,1
2026-08-01T21:08:21.753,44114,1,OFF,0,17,1,0,662391,130,0.0,0
2026-08-01T21:08:21.912,44252,1,ON,1,18,1,0,662624,116,189.65516662597656,1
2026-08-01T21:08:21.912,44231,2,OFF,0,17,1,0,662590,116,189.65516662597656,1
2026-08-01T21:08:22.071,44379,2,ON,1,18,1,0,662840,116,189.65516662597656,1
2026-08-01T21:08:22.533,44856,3,ON,1,18,2,1,663647,82,454.8780517578125,1
2026-08-01T21:08:22.533,44874,4,OFF,1,17,1,0,663678,82,454.8780517578125,1
2026-08-01T21:08:22.692,44934,4,ON,1,18,1,0,663779,82,454.8780517578125,1
2026-08-01T21:08:23.012,45278,6,ON,1,18,2,1,664363,65,846.1538696289062,1
2026-08-01T21:08:25.662,47966,1,OFF,0,19,1,0,668914,116,0.0,0
2026-08-01T21:08:25.820,48122,1,ON,1,20,1,0,669178,129,170.54263305664062,1
2026-08-01T21:08:25.820,48096,2,OFF,0,19,1,0,669134,129,170.54263305664062,1
2026-08-01T21:08:25.980,48259,2,ON,1,20,1,0,669410,129,170.54263305664062,1
2026-08-01T21:08:26.441,48761,3,ON,1,20,2,1,670261,91,409.8901062011719,1
2026-08-01T21:08:26.441,48782,4,OFF,1,19,1,0,670295,91,409.8901062011719,1
2026-08-01T21:08:26.600,48852,4,ON,1,20,1,0,670415,91,409.8901062011719,1
2026-08-01T21:08:26.916,49257,6,ON,1,20,2,1,671100,65,846.1538696289062,1
2026-08-01T21:11:11.882,214216,2,OFF,0,21,1,0,950435,129,170.54263305664062,1
2026-08-01T21:11:12.042,214455,2,OFF,0,23,2,1,950839,129,170.54263305664062,1
2026-08-01T21:11:12.202,214490,2,ON,0,24,1,0,950899,129,170.54263305664062,1
2026-08-01T21:11:12.361,214726,1,OFF,0,21,1,0,951298,129,0.0,0
2026-08-01T21:11:12.361,214637,2,OFF,0,25,1,0,951148,129,0.0,0
2026-08-01T21:11:12.521,214899,1,ON,1,22,1,0,951591,129,0.0,0
2026-08-01T21:11:12.680,215022,1,OFF,0,23,1,0,951799,129,0.0,0
2026-08-01T21:11:12.680,215025,2,ON,1,26,1,0,951805,129,0.0,0
2026-08-01T21:11:13.000,215419,1,ON,1,24,1,0,952472,129,0.0,0
2026-08-01T21:11:22.694,225100,2,OFF,0,27,1,0,968865,10077,2.1831893920898438,1
2026-08-01T21:11:22.853,225162,2,ON,1,28,1,0,968970,10077,2.1831893920898438,1
2026-08-01T21:11:23.173,225518,1,OFF,0,25,1,0,969574,10077,0.0,0
2026-08-01T21:11:23.317,225695,1,ON,1,26,1,0,969873,10077,0.0,0
2026-08-01T21:11:40.399,242697,3,OFF,1,21,1,0,998663,91,0.0,0
2026-08-01T21:11:40.559,242844,3,ON,1,22,1,0,998912,91,0.0,0
2026-08-01T21:11:40.719,243015,3,OFF,0,23,1,0,999202,91,0.0,0
2026-08-01T21:11:40.863,243235,3,ON,1,24,1,0,999574,91,0.0,0
2026-08-01T21:12:00.122,262494,2,OFF,0,29,1,0,1032187,30000,0.7333333492279053,1
2026-08-01T21:12:00.583,263001,2,ON,1,30,1,0,1033045,30000,0.7333333492279053,1
2026-08-01T21:12:01.045,263343,1,OFF,0,27,1,0,1033624,42,523.8095092773438,1
2026-08-01T21:12:01.045,263386,2,OFF,0,31,1,0,1033697,42,523.8095092773438,1
2026-08-01T21:12:01.363,263731,2,OFF,0,33,2,1,1034281,42,523.8095092773438,1
2026-08-01T21:12:01.681,264028,1,ON,1,28,1,0,1034784,42,523.8095092773438,1
2026-08-01T21:12:01.681,263994,2,ON,1,34,1,0,1034727,42,523.8095092773438,1
2026-08-01T21:12:02.303,264610,1,OFF,0,29,1,0,1035770,42,0.0,0
2026-08-01T21:12:02.303,264714,2,ON,0,36,2,1,1035947,42,0.0,0
2026-08-01T21:12:02.463,264745,2,OFF,0,37,1,0,1035998,134,164.17910766601562,1
2026-08-01T21:12:02.766,265078,1,ON,1,30,1,0,1036562,134,164.17910766601562,1
2026-08-01T21:12:02.766,265121,2,ON,1,38,1,0,1036636,134,164.17910766601562,1
2026-08-01T21:12:13.437,275846,3,OFF,0,25,1,0,1054796,91,0.0,0
2026-08-01T21:12:13.595,276004,3,ON,1,26,1,0,1055065,91,0.0,0
2026-08-01T21:12:34.521,296904,1,OFF,0,31,1,0,1090455,134,0.0,0
2026-08-01T21:12:34.681,297050,1,ON,1,32,1,0,1090702,121,181.81817626953125,1
2026-08-01T21:12:34.681,297026,2,OFF,0,39,1,0,1090662,121,181.81817626953125,1
2026-08-01T21:12:34.824,297173,2,ON,1,40,1,0,1090911,121,181.81817626953125,1
2026-08-01T21:12:35.144,297540,3,OFF,1,27,1,0,1091532,91,0.0,0
2026-08-01T21:12:35.302,297600,3,ON,1,28,1,0,1091634,74,504.0540466308594,1
2026-08-01T21:12:35.302,297671,4,ON,1,22,2,1,1091755,74,504.0540466308594,1
2026-08-01T21:12:35.620,297990,6,ON,1,22,2,1,1092294,65,846.1538696289062,1
2026-08-01T21:12:37.653,299975,1,OFF,1,33,1,0,1095655,113,194.6902618408203,1
2026-08-01T21:12:37.653,300089,2,OFF,0,41,1,0,1095848,113,194.6902618408203,1
2026-08-01T21:12:37.813,300109,1,ON,1,34,1,0,1095882,113,194.6902618408203,1
2026-08-01T21:12:37.813,300228,2,ON,1,42,1,0,1096085,113,194.6902618408203,1
2026-08-01T21:12:38.273,300634,3,ON,1,30,2,1,1096771,72,518.0555419921875,1
2026-08-01T21:12:38.273,300703,4,ON,1,24,2,1,1096888,72,518.0555419921875,1
2026-08-01T21:12:38.574,300976,6,OFF,1,23,1,0,1097350,65,846.1538696289062,1
2026-08-01T21:12:38.735,301017,6,ON,1,24,1,0,1097421,65,846.1538696289062,1
2026-08-01T21:12:41.875,304186,1,OFF,1,35,1,0,1102786,115,191.30435180664062,1
2026-08-01T21:12:41.875,304302,2,OFF,0,43,1,0,1102983,115,191.30435180664062,1
2026-08-01T21:12:42.033,304325,1,ON,1,36,1,0,1103022,115,191.30435180664062,1
2026-08-01T21:12:42.033,304450,2,ON,1,44,1,0,1103233,115,191.30435180664062,1
2026-08-01T21:12:42.491,304915,3,ON,1,32,2,1,1104021,72,0.0,0
2026-08-01T21:12:42.651,305001,4,ON,1,26,2,1,1104166,86,433.7209167480469,1
2026-08-01T21:12:42.955,305395,6,ON,1,26,2,1,1104833,65,846.1538696289062,1
2026-08-01T21:13:27.386,349705,2,OFF,0,45,1,0,1179648,115,191.30435180664062,1
2026-08-01T21:13:27.546,349938,2,ON,1,46,1,0,1180035,115,191.30435180664062,1
2026-08-01T21:13:47.125,369576,2,OFF,0,47,1,0,1212637,115,191.30435180664062,1
2026-08-01T21:13:47.283,369633,2,ON,1,48,1,0,1212731,115,191.30435180664062,1
2026-08-01T21:16:49.953,552332,1,OFF,0,37,1,0,1481045,115,0.0,0
2026-08-01T21:16:50.114,552524,1,ON,1,38,1,0,1481369,159,138.36477661132812,1
2026-08-01T21:16:50.114,552492,2,OFF,0,49,1,0,1481316,159,138.36477661132812,1
2026-08-01T21:16:50.274,552678,2,ON,1,50,1,0,1481631,159,138.36477661132812,1
2026-08-01T21:16:50.894,553338,3,ON,1,34,2,1,1479271,118,316.1016845703125,1
2026-08-01T21:16:50.894,553361,4,OFF,0,27,1,0,1479271,118,316.1016845703125,1
2026-08-01T21:16:51.052,553439,4,ON,1,28,1,0,1479271,118,316.1016845703125,1
2026-08-01T21:16:51.356,553814,6,OFF,0,27,1,0,1479271,65,846.1538696289062,1
2026-08-01T21:16:51.516,553869,6,ON,1,28,1,0,1479271,65,846.1538696289062,1
2026-08-01T21:16:56.354,558773,1,OFF,0,39,1,0,1483741,159,0.0,0
2026-08-01T21:16:56.513,558917,1,ON,1,40,1,0,1483985,124,177.4193572998047,1
2026-08-01T21:16:56.513,558898,2,OFF,0,51,1,0,1483954,124,177.4193572998047,1
2026-08-01T21:16:56.671,559035,2,ON,1,52,1,0,1484186,124,177.4193572998047,1
2026-08-01T21:16:56.987,559414,3,ON,1,36,2,1,1484827,68,548.5294189453125,1
2026-08-01T21:16:56.987,559430,4,OFF,1,29,1,0,1484855,68,548.5294189453125,1
2026-08-01T21:16:57.147,559482,4,ON,1,30,1,0,1484943,68,548.5294189453125,1
2026-08-01T21:16:57.291,559746,6,OFF,1,29,1,0,1485390,65,846.1538696289062,1
2026-08-01T21:16:57.450,559786,6,ON,1,30,1,0,1485457,65,846.1538696289062,1
2026-08-01T21:17:22.672,585141,4,OFF,1,31,1,0,1483525,68,548.5294189453125,1
2026-08-01T21:17:22.830,585252,3,ON,1,38,2,1,1483525,68,0.0,0
2026-08-01T21:17:22.830,585168,4,ON,1,32,1,0,1483525,68,0.0,0
2026-08-01T21:17:23.293,585770,2,ON,1,54,2,1,1483525,124,177.4193572998047,1
2026-08-01T21:17:23.452,585890,2,OFF,0,55,1,0,1483525,124,177.4193572998047,1
2026-08-01T21:17:23.930,586257,2,ON,1,56,1,0,1483525,124,177.4193572998047,1
2026-08-01T21:18:29.199,651672,1,OFF,0,41,1,0,1486292,124,0.0,0
2026-08-01T21:18:29.359,651818,1,ON,1,42,1,0,1486539,121,181.81817626953125,1
2026-08-01T21:18:29.359,651794,2,OFF,0,57,1,0,1486499,121,181.81817626953125,1
2026-08-01T21:18:29.519,651899,2,ON,1,58,1,0,1486676,121,181.81817626953125,1
2026-08-01T21:18:29.679,652158,3,OFF,1,39,1,0,1487116,68,0.0,0
2026-08-01T21:18:29.838,652200,3,ON,1,40,1,0,1487187,53,703.7735595703125,1
2026-08-01T21:18:29.838,652254,4,ON,1,34,2,1,1487277,53,703.7735595703125,1
2026-08-01T21:18:29.982,652432,5,ON,1,8,2,1,1487579,60,916.6666870117188,1
2026-08-01T21:18:29.982,652469,6,OFF,1,31,1,0,1487641,60,916.6666870117188,1
2026-08-01T21:18:30.142,652503,6,ON,1,32,1,0,1487700,60,916.6666870117188,1
2026-08-01T21:18:54.100,676605,1,OFF,0,43,1,0,1486965,121,0.0,0
2026-08-01T21:18:54.259,676738,1,ON,1,44,1,0,1487190,114,192.98245239257812,1
2026-08-01T21:18:54.259,676720,2,OFF,0,59,1,0,1487160,114,192.98245239257812,1
2026-08-01T21:18:54.418,676820,2,ON,1,60,1,0,1487329,114,192.98245239257812,1
2026-08-01T21:18:54.721,677124,3,ON,1,42,2,1,1484612,60,621.6666870117188,1
2026-08-01T21:18:54.721,677181,4,ON,1,36,2,1,1484612,60,621.6666870117188,1
2026-08-01T21:18:55.041,677423,6,ON,1,34,2,1,1484612,60,916.6666870117188,1
2026-08-01T21:22:59.963,922498,1,OFF,0,45,1,0,1484612,13,1692.3077392578125,1
2026-08-01T21:22:59.963,922512,2,OFF,0,61,1,0,1484612,13,1692.3077392578125,1
2026-08-01T21:23:00.123,922601,1,ON,1,46,1,0,1484612,13,1692.3077392578125,1
2026-08-01T21:23:00.586,923071,1,OFF,0,47,1,0,1484612,13,0.0,0
2026-08-01T21:23:00.744,923173,2,ON,1,62,1,0,1484612,13,0.0,0
2026-08-01T21:23:01.048,923498,1,ON,1,48,1,0,1484612,13,0.0,0
2026-08-01T21:23:01.367,923813,2,OFF,0,63,1,0,1484612,741,29.68960952758789,1
2026-08-01T21:23:01.527,924067,2,ON,1,64,1,0,1484612,741,29.68960952758789,1
2026-08-01T21:31:53.228,1455823,3,OFF,0,43,1,0,1484612,60,0.0,0
2026-08-01T21:31:53.228,1455785,4,OFF,0,37,1,0,1484612,60,0.0,0
2026-08-01T21:31:53.387,1455929,3,ON,1,44,1,0,1484612,60,0.0,0
2026-08-01T21:31:53.387,1455946,4,ON,1,38,1,0,1484612,60,0.0,0
2026-08-01T21:31:55.873,1458459,1,OFF,0,49,1,0,1484612,741,0.0,0
2026-08-01T21:31:56.193,1458730,1,ON,1,50,1,0,1484612,741,0.0,0
2026-08-01T21:32:28.413,1490919,2,OFF,1,65,1,0,1484612,30000,0.7333333492279053,1
2026-08-01T21:32:28.573,1491080,2,ON,1,66,1,0,1484612,30000,0.7333333492279053,1
2026-08-01T21:32:29.671,1492254,2,OFF,0,67,1,0,1484612,30000,0.7333333492279053,1
2026-08-01T21:32:29.831,1492417,1,OFF,0,51,1,0,1484612,30000,0.0,0
2026-08-01T21:32:29.831,1492485,2,ON,1,68,1,0,1484612,30000,0.0,0
2026-08-01T21:32:29.987,1492587,1,ON,1,52,1,0,1484612,118,186.440673828125,1
2026-08-01T21:32:29.987,1492536,2,OFF,0,69,1,0,1484612,118,186.440673828125,1
2026-08-01T21:32:30.145,1492680,2,ON,1,70,1,0,1484612,118,186.440673828125,1
2026-08-01T21:32:30.464,1493081,2,OFF,0,71,1,0,1484612,118,186.440673828125,1
2026-08-01T21:32:30.622,1493242,2,ON,1,72,1,0,1484612,118,186.440673828125,1
2026-08-01T21:32:31.706,1494273,2,OFF,0,73,1,0,1484612,118,186.440673828125,1
2026-08-01T21:32:31.866,1494494,1,ON,1,54,2,1,1484612,118,0.0,0
2026-08-01T21:32:32.009,1494661,2,ON,1,74,1,0,1484612,118,0.0,0
2026-08-01T21:32:32.489,1495001,2,OFF,0,75,1,0,1484612,570,38.596492767333984,1
2026-08-01T21:32:32.648,1495187,2,ON,1,76,1,0,1484612,570,38.596492767333984,1
2026-08-01T21:32:33.111,1495721,1,OFF,0,55,1,0,1484612,6,3666.666748046875,1
2026-08-01T21:32:33.111,1495728,2,OFF,0,77,1,0,1484612,6,3666.666748046875,1
2026-08-01T21:32:33.272,1495872,1,OFF,1,57,2,1,1484612,6,0.0,0
2026-08-01T21:32:33.432,1495947,1,ON,1,58,1,0,1484612,6,0.0,0
2026-08-01T21:32:33.432,1495936,2,ON,1,78,1,0,1484612,6,0.0,0
2026-08-01T21:32:33.897,1496434,1,OFF,0,59,1,0,1484612,6,0.0,0
2026-08-01T21:32:34.055,1496710,1,ON,1,60,1,0,1484612,171,128.65496826171875,1
2026-08-01T21:32:34.056,1496606,2,OFF,0,79,1,0,1484612,171,128.65496826171875,1
2026-08-01T21:32:34.213,1496809,2,ON,1,80,1,0,1484612,171,128.65496826171875,1
2026-08-01T21:47:42.401,2037961,1,OFF,0,61,1,0,1484612,5,4400.0,1
2026-08-01T21:47:42.401,2037967,2,OFF,0,81,1,0,1484612,5,4400.0,1
2026-08-01T21:47:42.561,2038119,1,ON,1,62,1,0,1484612,5,4400.0,1
2026-08-01T21:47:42.561,2038132,2,ON,1,82,1,0,1484612,5,4400.0,1
2026-08-01T21:47:43.514,2039190,2,OFF,0,83,1,0,1484612,5,4400.0,1
2026-08-01T21:47:43.830,2039506,2,ON,1,84,1,0,1484612,5,4400.0,1
2026-08-01T21:47:44.452,2040132,2,OFF,0,85,1,0,1484612,5,4400.0,1
2026-08-01T21:47:44.768,2040318,2,ON,1,86,1,0,1484612,5,4400.0,1
2026-08-01T21:47:45.878,2041463,1,OFF,0,63,1,0,1484612,5,0.0,0
2026-08-01T21:47:46.034,2041657,1,ON,1,64,1,0,1484612,5,0.0,0
2026-08-01T21:47:46.651,2042301,1,OFF,0,65,1,0,1484612,739,0.0,0
2026-08-01T21:47:46.651,2042203,2,OFF,0,87,1,0,1484612,739,0.0,0
2026-08-01T21:47:46.811,2042366,1,ON,1,66,1,0,1484612,739,0.0,0
2026-08-01T21:47:46.811,2042446,2,ON,1,88,1,0,1484612,739,0.0,0
2026-08-01T21:47:55.562,2051205,1,OFF,0,67,1,0,1488613,739,0.0,0
2026-08-01T21:47:55.721,2051362,1,ON,1,68,1,0,1488879,132,166.6666717529297,1
2026-08-01T21:47:55.721,2051338,2,OFF,0,89,1,0,1488838,132,166.6666717529297,1
2026-08-01T21:47:55.879,2051452,2,ON,1,90,1,0,1489032,132,166.6666717529297,1
2026-08-01T21:47:56.197,2051826,3,ON,1,46,2,1,1489666,74,504.0540466308594,1
2026-08-01T21:47:56.197,2051839,4,OFF,1,39,1,0,1489688,74,504.0540466308594,1
2026-08-01T21:47:56.337,2051890,4,ON,1,40,1,0,1489773,74,504.0540466308594,1
2026-08-01T21:47:56.497,2052183,6,ON,1,36,2,1,1490269,60,916.6666870117188,1
2026-08-01T21:48:01.500,2057163,1,OFF,0,69,1,0,1492610,132,0.0,0
2026-08-01T21:48:01.660,2057293,1,ON,1,70,1,0,1492831,107,205.60748291015625,1
2026-08-01T21:48:01.660,2057271,2,OFF,0,91,1,0,1492793,107,205.60748291015625,1
2026-08-01T21:48:01.817,2057375,2,ON,1,92,1,0,1492969,107,205.60748291015625,1
2026-08-01T21:48:01.976,2057644,3,OFF,0,47,1,0,1493426,74,0.0,0
2026-08-01T21:48:02.136,2057689,3,ON,1,48,1,0,1493501,56,666.0714111328125,1
2026-08-01T21:48:02.136,2057744,4,ON,1,42,2,1,1493594,56,666.0714111328125,1
2026-08-01T21:48:02.295,2057922,5,ON,1,10,2,1,1493896,54,1018.5184936523438,1
2026-08-01T21:48:02.295,2057955,6,OFF,1,37,1,0,1493952,54,1018.5184936523438,1
2026-08-01T21:48:02.452,2057988,6,ON,1,38,1,0,1494007,54,1018.5184936523438,1
2026-08-01T21:52:18.666,2314372,1,ON,1,72,2,1,1495454,109,201.83486938476562,1
2026-08-01T21:52:18.666,2314356,2,OFF,0,93,1,0,1495427,109,201.83486938476562,1
2026-08-01T21:52:18.826,2314457,2,ON,1,94,1,0,1495598,109,201.83486938476562,1
2026-08-01T21:52:18.986,2314709,3,OFF,0,49,1,0,1496025,56,0.0,0
2026-08-01T21:52:19.129,2314758,3,ON,1,50,1,0,1496108,59,632.203369140625,1
2026-08-01T21:52:19.129,2314810,4,ON,1,44,2,1,1496197,59,632.203369140625,1
2026-08-01T21:52:19.288,2315021,6,OFF,0,39,1,0,1495656,54,1018.5184936523438,1
2026-08-01T21:52:19.448,2315054,6,ON,1,40,1,0,1495037,54,1018.5184936523438,1
2026-08-01T21:52:26.035,2321760,1,OFF,0,73,1,0,1499205,109,0.0,0
2026-08-01T21:52:26.191,2321919,1,ON,1,74,1,0,1499474,133,165.4135284423828,1
2026-08-01T21:52:26.191,2321894,2,OFF,0,95,1,0,1499433,133,165.4135284423828,1
2026-08-01T21:52:26.363,2322013,2,ON,1,96,1,0,1499634,133,165.4135284423828,1
2026-08-01T21:52:26.675,2322408,3,ON,1,52,2,1,1500090,59,0.0,0
2026-08-01T21:52:26.818,2322481,4,ON,1,46,2,1,1498733,78,478.20513916015625,1
2026-08-01T21:52:26.976,2322690,5,OFF,1,11,1,0,1497476,54,0.0,0
2026-08-01T21:52:27.135,2322724,5,ON,1,12,1,0,1497476,83,662.6505737304688,1
2026-08-01T21:52:27.135,2322819,6,ON,1,42,2,1,1497476,83,662.6505737304688,1
2026-08-01T21:53:31.609,2387332,1,OFF,0,75,1,0,1497476,133,0.0,0
2026-08-01T21:53:31.768,2387408,1,ON,1,76,1,0,1497476,133,0.0,0
2026-08-01T21:53:31.925,2387567,2,OFF,0,97,1,0,1497476,234,94.01709747314453,1
2026-08-01T21:53:32.226,2387916,1,OFF,0,77,1,0,1497476,234,0.0,0
2026-08-01T21:53:32.384,2388005,1,ON,1,78,1,0,1497476,234,0.0,0
2026-08-01T21:53:32.702,2388428,2,ON,1,98,1,0,1497476,234,0.0,0
2026-08-01T21:53:33.634,2389286,2,OFF,0,99,1,0,1497476,1369,16.07012367248535,1
2026-08-01T21:53:33.792,2389466,1,ON,1,80,2,1,1497476,1369,0.0,0
2026-08-01T21:53:34.266,2389963,1,OFF,0,81,1,0,1497476,1369,0.0,0
2026-08-01T21:53:34.425,2390071,1,ON,1,82,1,0,1497476,1369,0.0,0
2026-08-01T21:53:34.425,2390081,2,ON,1,100,1,0,1497476,1369,0.0,0
2026-08-01T21:53:37.558,2393242,2,OFF,1,101,1,0,1497476,3278,6.711409568786621,1
2026-08-01T21:53:37.715,2393315,2,ON,1,102,1,0,1497476,3278,6.711409568786621,1
2026-08-01T21:53:48.041,2403740,1,OFF,0,83,1,0,1497476,3278,0.0,0
2026-08-01T21:53:48.832,2404504,1,ON,1,84,1,0,1497476,3278,0.0,0
2026-08-01T21:53:49.293,2404902,1,OFF,0,85,1,0,1497476,3278,0.0,0
2026-08-01T21:53:49.450,2405189,2,OFF,0,103,1,0,1497476,286,76.92308044433594,1
2026-08-01T21:53:49.606,2405349,1,ON,1,86,1,0,1497476,286,76.92308044433594,1
2026-08-01T21:53:49.763,2405372,2,ON,1,104,1,0,1497476,286,76.92308044433594,1
2026-08-01T21:53:50.396,2406101,1,OFF,0,87,1,0,1497476,286,0.0,0
2026-08-01T21:53:50.710,2406439,2,OFF,0,105,1,0,1497476,337,65.28189849853516,1
2026-08-01T21:53:51.169,2406897,2,ON,1,106,1,0,1497476,337,65.28189849853516,1
2026-08-01T21:53:51.795,2407486,2,OFF,0,107,1,0,1497476,337,65.28189849853516,1
2026-08-01T21:53:52.730,2408401,1,ON,1,88,1,0,1497476,337,65.28189849853516,1
2026-08-01T21:53:52.730,2408374,2,ON,1,108,1,0,1497476,337,65.28189849853516,1
2026-08-01T21:55:02.708,2478365,1,OFF,1,89,1,0,1501567,337,0.0,0
2026-08-01T21:55:02.868,2478488,1,ON,1,90,1,0,1501775,104,211.53846740722656,1
2026-08-01T21:55:02.868,2478592,2,ON,1,110,2,1,1501951,104,211.53846740722656,1
2026-08-01T21:55:03.327,2478996,3,ON,1,54,2,1,1502636,78,478.20513916015625,1
2026-08-01T21:55:03.327,2479071,4,ON,1,48,2,1,1502763,78,478.20513916015625,1
2026-08-01T21:55:03.643,2479394,6,ON,1,44,2,1,1503309,83,662.6505737304688,1
2026-08-01T21:55:27.559,2503325,1,OFF,0,91,1,0,1504585,104,0.0,0
2026-08-01T21:55:27.716,2503480,2,OFF,0,111,1,0,1504847,154,142.85714721679688,1
2026-08-01T21:55:27.875,2503505,1,ON,1,92,1,0,1504889,154,142.85714721679688,1
2026-08-01T21:55:27.875,2503623,2,ON,1,112,1,0,1505088,154,142.85714721679688,1
2026-08-01T21:55:28.351,2504019,3,ON,1,56,2,1,1505758,72,518.0555419921875,1
2026-08-01T21:55:28.351,2504087,4,ON,1,50,2,1,1505873,72,518.0555419921875,1
2026-08-01T21:55:28.509,2504271,5,OFF,0,13,1,0,1504380,83,0.0,0
2026-08-01T21:55:28.653,2504300,5,ON,1,14,1,0,1503836,68,808.8235473632812,1
2026-08-01T21:55:28.653,2504379,6,ON,1,46,2,1,1503217,68,808.8235473632812,1
2026-08-01T21:55:59.303,2535041,1,OFF,0,93,1,0,1507411,154,0.0,0
2026-08-01T21:55:59.462,2535179,1,ON,1,94,1,0,1507646,114,192.98245239257812,1
2026-08-01T21:55:59.462,2535156,2,OFF,0,113,1,0,1507606,114,192.98245239257812,1
2026-08-01T21:55:59.606,2535293,2,ON,1,114,1,0,1507839,114,192.98245239257812,1
2026-08-01T21:55:59.923,2535660,3,OFF,0,57,1,0,1508459,72,0.0,0
2026-08-01T21:56:00.081,2535725,3,ON,1,58,1,0,1508570,81,460.49383544921875,1
2026-08-01T21:56:00.081,2535799,4,ON,1,52,2,1,1508696,81,460.49383544921875,1
2026-08-01T21:56:00.384,2536109,6,ON,1,48,2,1,1509221,68,808.8235473632812,1
2026-08-01T21:56:02.427,2538155,1,ON,1,96,2,1,1512684,98,224.4897918701172,1
2026-08-01T21:56:02.427,2538142,2,OFF,0,115,1,0,1512662,98,224.4897918701172,1
2026-08-01T21:56:02.585,2538266,2,ON,1,116,1,0,1512872,98,224.4897918701172,1
2026-08-01T21:56:02.887,2538636,3,ON,1,60,2,1,1513500,67,556.7164306640625,1
2026-08-01T21:56:02.887,2538652,4,OFF,0,53,1,0,1513527,67,556.7164306640625,1
2026-08-01T21:56:03.045,2538702,4,ON,1,54,1,0,1513611,67,556.7164306640625,1
2026-08-01T21:56:03.203,2538944,6,OFF,0,49,1,0,1514020,68,808.8235473632812,1
2026-08-01T21:56:03.362,2538981,6,ON,1,50,1,0,1514083,68,808.8235473632812,1
2026-08-01T21:56:06.041,2541759,1,OFF,0,97,1,0,1518787,98,0.0,0
2026-08-01T21:56:06.183,2541896,1,ON,1,98,1,0,1519019,114,192.98245239257812,1
2026-08-01T21:56:06.183,2541874,2,OFF,0,117,1,0,1518983,114,192.98245239257812,1
2026-08-01T21:56:06.341,2542015,2,ON,1,118,1,0,1519221,114,192.98245239257812,1
2026-08-01T21:56:06.659,2542408,3,ON,1,62,2,1,1519886,69,540.5797119140625,1
2026-08-01T21:56:06.659,2542423,4,OFF,0,55,1,0,1519912,69,540.5797119140625,1
2026-08-01T21:56:06.818,2542474,4,ON,1,56,1,0,1519999,69,540.5797119140625,1
2026-08-01T21:56:06.975,2542723,6,OFF,0,51,1,0,1517270,68,808.8235473632812,1
2026-08-01T21:56:07.132,2542763,6,ON,1,52,1,0,1517270,68,808.8235473632812,1
2026-08-01T21:58:43.089,2698778,1,OFF,0,99,1,0,1521701,105,209.5238037109375,1
2026-08-01T21:58:43.089,2698884,2,OFF,0,119,1,0,1521882,105,209.5238037109375,1
2026-08-01T21:58:43.248,2698902,1,ON,1,100,1,0,1521911,105,209.5238037109375,1
2026-08-01T21:58:43.248,2699006,2,ON,1,120,1,0,1522087,105,209.5238037109375,1
2026-08-01T21:58:43.565,2699351,3,OFF,0,63,1,0,1522672,69,0.0,0
2026-08-01T21:58:43.721,2699413,3,ON,1,64,1,0,1522777,77,484.41558837890625,1
2026-08-01T21:58:43.721,2699486,4,ON,1,58,2,1,1522900,77,484.41558837890625,1
2026-08-01T21:58:44.039,2699795,6,ON,1,54,2,1,1523424,68,808.8235473632812,1
2026-08-01T21:58:46.388,2702079,1,OFF,0,101,1,0,1527291,108,203.70370483398438,1
2026-08-01T21:58:46.388,2702188,2,OFF,0,121,1,0,1527476,108,203.70370483398438,1
2026-08-01T21:58:46.546,2702210,1,ON,1,102,1,0,1527514,108,203.70370483398438,1
2026-08-01T21:58:46.546,2702318,2,ON,1,122,1,0,1527697,108,203.70370483398438,1
2026-08-01T21:58:46.845,2702633,3,OFF,0,65,1,0,1528229,77,0.0,0
2026-08-01T21:58:47.002,2702689,3,ON,1,66,1,0,1528324,70,532.8571166992188,1
2026-08-01T21:58:47.002,2702756,4,ON,1,60,2,1,1528438,70,532.8571166992188,1
2026-08-01T21:58:47.159,2702939,5,OFF,1,15,1,0,1528747,68,0.0,0
2026-08-01T21:58:47.316,2702963,5,ON,1,16,1,0,1528788,60,916.6666870117188,1
2026-08-01T21:58:47.316,2703037,6,ON,1,56,2,1,1528913,60,916.6666870117188,1
2026-08-01T21:59:24.996,2740703,1,OFF,0,103,1,0,1530945,98,224.4897918701172,1
2026-08-01T21:59:24.996,2740802,2,OFF,0,123,1,0,1531112,98,224.4897918701172,1
2026-08-01T21:59:25.153,2740824,1,ON,1,104,1,0,1531149,98,224.4897918701172,1
2026-08-01T21:59:25.154,2740932,2,ON,1,124,1,0,1531309,98,224.4897918701172,1
2026-08-01T21:59:25.454,2741258,3,OFF,0,67,1,0,1531946,70,0.0,0
2026-08-01T21:59:25.612,2741313,3,ON,1,68,1,0,1532063,69,540.5797119140625,1
2026-08-01T21:59:25.612,2741379,4,ON,1,62,2,1,1532202,69,540.5797119140625,1
2026-08-01T21:59:25.754,2741551,5,OFF,0,17,1,0,1532565,60,0.0,0
2026-08-01T21:59:25.929,2741572,5,ON,1,18,1,0,1532609,63,873.015869140625,1
2026-08-01T21:59:25.929,2741651,6,ON,1,58,2,1,1532774,63,873.015869140625,1
2026-08-01T21:59:28.742,2744525,1,OFF,0,105,1,0,1538787,98,0.0,0
2026-08-01T21:59:28.898,2744650,1,ON,1,106,1,0,1539048,107,205.60748291015625,1
2026-08-01T21:59:28.898,2744633,2,OFF,0,125,1,0,1539013,107,205.60748291015625,1
2026-08-01T21:59:29.056,2744764,2,ON,1,126,1,0,1539287,107,205.60748291015625,1
2026-08-01T21:59:29.372,2745151,3,ON,1,70,2,1,1540096,72,518.0555419921875,1
2026-08-01T21:59:29.372,2745169,4,OFF,0,63,1,0,1540134,72,518.0555419921875,1
2026-08-01T21:59:29.530,2745223,4,ON,1,64,1,0,1540247,72,518.0555419921875,1
2026-08-01T21:59:29.687,2745428,5,ON,1,20,2,1,1540676,61,901.6393432617188,1
2026-08-01T21:59:29.687,2745465,6,OFF,0,59,1,0,1540753,61,901.6393432617188,1
2026-08-01T21:59:29.830,2745501,6,ON,1,60,1,0,1540828,61,901.6393432617188,1
2026-08-01T21:59:34.527,2750302,1,OFF,0,107,1,0,1544598,107,0.0,0
2026-08-01T21:59:34.685,2750437,1,ON,1,108,1,0,1544881,113,194.6902618408203,1
2026-08-01T21:59:34.685,2750416,2,OFF,0,127,1,0,1544837,113,194.6902618408203,1
2026-08-01T21:59:34.844,2750555,2,ON,1,128,1,0,1545127,113,194.6902618408203,1
2026-08-01T21:59:35.144,2750913,3,OFF,0,71,1,0,1545876,72,0.0,0
2026-08-01T21:59:35.302,2750975,3,ON,1,72,1,0,1546006,78,478.20513916015625,1
2026-08-01T21:59:35.302,2751051,4,ON,1,66,2,1,1546165,78,478.20513916015625,1
2026-08-01T21:59:35.618,2751337,6,ON,1,62,2,1,1546763,61,901.6393432617188,1
2026-08-01T21:59:57.697,2773409,1,OFF,0,109,1,0,1546531,113,0.0,0
2026-08-01T21:59:58.014,2773679,1,ON,1,110,1,0,1546531,113,0.0,0
2026-08-01T22:00:04.116,2779888,1,OFF,0,111,1,0,1546531,113,0.0,0
2026-08-01T22:00:04.435,2780102,1,ON,1,112,1,0,1546531,113,0.0,0
2026-08-01T22:00:12.869,2788569,1,OFF,0,113,1,0,1552772,113,0.0,0
2026-08-01T22:00:13.029,2788733,1,ON,1,114,1,0,1553115,138,159.4202880859375,1
2026-08-01T22:00:13.029,2788708,2,OFF,0,129,1,0,1553062,138,159.4202880859375,1
2026-08-01T22:00:13.188,2788863,2,ON,1,130,1,0,1553387,138,159.4202880859375,1
2026-08-01T22:00:13.490,2789265,3,OFF,0,73,1,0,1554227,78,0.0,0
2026-08-01T22:00:13.648,2789333,3,ON,1,74,1,0,1554370,86,433.7209167480469,1
2026-08-01T22:00:13.648,2789416,4,ON,1,68,2,1,1554543,86,433.7209167480469,1
2026-08-01T22:00:13.806,2789616,5,OFF,0,21,1,0,1554962,61,0.0,0
2026-08-01T22:00:13.963,2789637,5,ON,1,22,1,0,1555006,84,654.7619018554688,1
2026-08-01T22:00:13.963,2789745,6,ON,1,64,2,1,1555231,84,654.7619018554688,1
2026-08-01T22:00:15.369,2791095,1,OFF,0,115,1,0,1558055,138,0.0,0
2026-08-01T22:00:15.528,2791238,1,ON,1,116,1,0,1558355,119,184.8739471435547,1
2026-08-01T22:00:15.528,2791215,2,OFF,1,131,1,0,1558306,119,184.8739471435547,1
2026-08-01T22:00:15.687,2791347,2,ON,1,132,1,0,1558583,119,184.8739471435547,1
2026-08-01T22:00:15.989,2791735,3,ON,1,76,2,1,1559394,75,497.3333435058594,1
2026-08-01T22:00:15.989,2791751,4,OFF,1,69,1,0,1559428,75,497.3333435058594,1
2026-08-01T22:00:16.149,2791808,4,ON,1,70,1,0,1559547,75,497.3333435058594,1
2026-08-01T22:00:16.307,2792029,5,ON,1,24,2,1,1560009,74,743.2432250976562,1
2026-08-01T22:00:16.307,2792109,6,ON,1,66,2,1,1560176,74,743.2432250976562,1
2026-08-01T22:00:18.350,2794045,1,OFF,0,117,1,0,1564226,119,0.0,0
2026-08-01T22:00:18.507,2794217,1,ON,1,118,1,0,1564586,139,158.27337646484375,1
2026-08-01T22:00:18.507,2794185,2,OFF,0,133,1,0,1564519,139,158.27337646484375,1
2026-08-01T22:00:18.666,2794361,2,ON,1,134,1,0,1564887,139,158.27337646484375,1
2026-08-01T22:00:18.982,2794793,3,OFF,0,77,1,0,1565791,75,0.0,0
2026-08-01T22:00:19.125,2794867,3,ON,1,78,1,0,1565946,93,401.07525634765625,1
2026-08-01T22:00:19.125,2794887,4,OFF,0,71,1,0,1565987,93,401.07525634765625,1
2026-08-01T22:00:19.300,2794956,4,ON,1,72,1,0,1566132,93,401.07525634765625,1
2026-08-01T22:00:19.443,2795203,5,ON,1,26,2,1,1566648,61,901.6393432617188,1
2026-08-01T22:00:19.443,2795253,6,OFF,0,67,1,0,1566753,61,901.6393432617188,1
2026-08-01T22:00:19.601,2795302,6,ON,1,68,1,0,1566856,61,901.6393432617188,1
2026-08-01T22:00:20.705,2796510,1,OFF,0,119,1,0,1569382,139,0.0,0
2026-08-01T22:00:20.848,2796654,1,ON,1,120,1,0,1569684,120,183.3333282470703,1
2026-08-01T22:00:20.848,2796631,2,OFF,0,135,1,0,1569636,120,183.3333282470703,1
2026-08-01T22:00:21.005,2796771,2,ON,1,136,1,0,1569928,120,183.3333282470703,1
2026-08-01T22:00:21.477,2797220,3,ON,1,80,2,1,1570868,87,428.7356262207031,1
2026-08-01T22:00:21.477,2797238,4,OFF,0,73,1,0,1570905,87,428.7356262207031,1
2026-08-01T22:00:21.634,2797301,4,ON,1,74,1,0,1571037,87,428.7356262207031,1
2026-08-01T22:00:21.792,2797596,6,ON,1,70,2,1,1571654,61,901.6393432617188,1
2026-08-01T22:00:23.356,2799123,1,OFF,0,121,1,0,1574848,120,0.0,0
2026-08-01T22:00:23.514,2799260,1,ON,1,122,1,0,1575135,113,194.6902618408203,1
2026-08-01T22:00:23.514,2799237,2,OFF,0,137,1,0,1575087,113,194.6902618408203,1
2026-08-01T22:00:23.672,2799374,2,ON,1,138,1,0,1575373,113,194.6902618408203,1
2026-08-01T22:00:23.974,2799783,3,ON,1,82,2,1,1576229,87,0.0,0
2026-08-01T22:00:24.133,2799855,4,ON,1,76,2,1,1576380,75,497.3333435058594,1
2026-08-01T22:00:24.291,2800062,5,ON,1,28,2,1,1576813,67,820.8955078125,1
2026-08-01T22:00:24.291,2800100,6,OFF,0,71,1,0,1576892,67,820.8955078125,1
2026-08-01T22:00:24.433,2800138,6,ON,1,72,1,0,1576972,67,820.8955078125,1
2026-08-01T22:00:26.330,2802111,1,OFF,0,123,1,0,1581099,113,0.0,0
2026-08-01T22:00:26.474,2802237,1,ON,1,124,1,0,1581362,109,201.83486938476562,1
2026-08-01T22:00:26.474,2802221,2,OFF,0,139,1,0,1581329,109,201.83486938476562,1
2026-08-01T22:00:26.632,2802351,2,ON,1,140,1,0,1581601,109,201.83486938476562,1
2026-08-01T22:00:26.946,2802725,3,ON,1,84,2,1,1582383,68,548.5294189453125,1
2026-08-01T22:00:26.946,2802741,4,OFF,0,77,1,0,1582416,68,548.5294189453125,1
2026-08-01T22:00:27.104,2802793,4,ON,1,78,1,0,1582525,68,548.5294189453125,1
2026-08-01T22:00:27.261,2802990,5,ON,1,30,2,1,1582937,62,887.0968017578125,1
2026-08-01T22:00:27.261,2803060,6,ON,1,74,2,1,1583084,62,887.0968017578125,1
2026-08-01T22:00:29.287,2805074,1,ON,1,126,2,1,1587297,85,258.8235168457031,1
2026-08-01T22:00:29.288,2805052,2,OFF,0,141,1,0,1587251,85,258.8235168457031,1
2026-08-01T22:00:29.445,2805188,2,ON,1,142,1,0,1587535,85,258.8235168457031,1
2026-08-01T22:00:29.762,2805563,3,ON,1,86,2,1,1588320,67,556.7164306640625,1
2026-08-01T22:00:29.762,2805578,4,OFF,0,79,1,0,1588351,67,556.7164306640625,1
2026-08-01T22:00:29.919,2805630,4,ON,1,80,1,0,1588460,67,556.7164306640625,1
2026-08-01T22:00:30.078,2805894,6,ON,1,76,2,1,1589012,62,887.0968017578125,1
2026-08-01T22:00:31.788,2807533,1,OFF,0,127,1,0,1592440,85,0.0,0
2026-08-01T22:00:31.947,2807665,1,ON,1,128,1,0,1592716,108,203.70370483398438,1
2026-08-01T22:00:31.947,2807642,2,OFF,0,143,1,0,1592668,108,203.70370483398438,1
2026-08-01T22:00:32.105,2807779,2,ON,1,144,1,0,1592955,108,203.70370483398438,1
2026-08-01T22:00:32.420,2808183,3,ON,1,88,2,1,1593800,73,510.9588928222656,1
2026-08-01T22:00:32.420,2808199,4,OFF,0,81,1,0,1593833,73,510.9588928222656,1
2026-08-01T22:00:32.578,2808252,4,ON,1,82,1,0,1593944,73,510.9588928222656,1
2026-08-01T22:00:32.735,2808457,5,ON,1,32,2,1,1594373,66,833.3333129882812,1
2026-08-01T22:00:32.735,2808529,6,ON,1,78,2,1,1594524,66,833.3333129882812,1
2026-08-01T22:00:34.773,2810511,1,OFF,0,129,1,0,1598670,108,0.0,0
2026-08-01T22:00:34.931,2810641,1,ON,1,130,1,0,1598942,109,201.83486938476562,1
2026-08-01T22:00:34.931,2810621,2,OFF,1,145,1,0,1598900,109,201.83486938476562,1
2026-08-01T22:00:35.089,2810752,2,ON,1,146,1,0,1599174,109,201.83486938476562,1
2026-08-01T22:00:35.406,2811173,3,ON,1,90,2,1,1600054,79,472.1518859863281,1
2026-08-01T22:00:35.406,2811189,4,OFF,0,83,1,0,1600088,79,472.1518859863281,1
2026-08-01T22:00:35.564,2811247,4,ON,1,84,1,0,1600209,79,472.1518859863281,1
2026-08-01T22:00:35.722,2811456,5,ON,1,34,2,1,1600646,65,846.1538696289062,1
2026-08-01T22:00:35.722,2811529,6,ON,1,80,2,1,1600799,65,846.1538696289062,1
2026-08-01T22:00:37.431,2813246,1,OFF,0,131,1,0,1604391,109,0.0,0
2026-08-01T22:00:37.589,2813371,1,ON,1,132,1,0,1604652,107,205.60748291015625,1
2026-08-01T22:00:37.589,2813354,2,OFF,0,147,1,0,1604617,107,205.60748291015625,1
2026-08-01T22:00:37.748,2813481,2,ON,1,148,1,0,1604882,107,205.60748291015625,1
2026-08-01T22:00:38.064,2813858,3,ON,1,92,2,1,1605671,70,532.8571166992188,1
2026-08-01T22:00:38.064,2813875,4,OFF,0,85,1,0,1605707,70,532.8571166992188,1
2026-08-01T22:00:38.222,2813928,4,ON,1,86,1,0,1605817,70,532.8571166992188,1
2026-08-01T22:00:38.365,2814132,5,ON,1,36,2,1,1606244,66,833.3333129882812,1
2026-08-01T22:00:38.365,2814169,6,OFF,0,81,1,0,1606322,66,833.3333129882812,1
2026-08-01T22:00:38.524,2814205,6,ON,1,82,1,0,1606397,66,833.3333129882812,1
2026-08-01T22:01:25.038,2860801,1,OFF,0,133,1,0,1649012,107,0.0,0
2026-08-01T22:01:25.195,2860948,1,ON,1,134,1,0,1649319,120,183.3333282470703,1
2026-08-01T22:01:25.195,2860922,2,OFF,0,149,1,0,1649265,120,183.3333282470703,1
2026-08-01T22:01:25.354,2861075,2,ON,1,150,1,0,1649585,120,183.3333282470703,1
2026-08-01T22:01:25.828,2861593,3,ON,1,94,2,1,1650668,94,396.8085021972656,1
2026-08-01T22:01:25.828,2861612,4,OFF,0,87,1,0,1650708,94,396.8085021972656,1
2026-08-01T22:01:25.986,2861678,4,ON,1,88,1,0,1650846,94,396.8085021972656,1
2026-08-01T22:01:26.127,2861904,5,ON,1,38,2,1,1651319,71,774.6478881835938,1
2026-08-01T22:01:26.127,2861944,6,OFF,0,83,1,0,1651403,71,774.6478881835938,1
2026-08-01T22:01:26.301,2861983,6,ON,1,84,1,0,1651484,71,774.6478881835938,1
2026-08-01T22:01:27.864,2863594,1,OFF,0,135,1,0,1654854,120,0.0,0
2026-08-01T22:01:28.007,2863730,1,ON,1,136,1,0,1655139,112,196.42857360839844,1
2026-08-01T22:01:28.007,2863707,2,OFF,0,151,1,0,1655091,112,196.42857360839844,1
2026-08-01T22:01:28.165,2863840,2,ON,1,152,1,0,1655369,112,196.42857360839844,1
2026-08-01T22:01:28.481,2864218,3,ON,1,96,2,1,1656159,72,518.0555419921875,1
2026-08-01T22:01:28.481,2864287,4,ON,1,90,2,1,1656304,72,518.0555419921875,1
2026-08-01T22:01:28.640,2864462,5,OFF,0,39,1,0,1656670,71,0.0,0
2026-08-01T22:01:28.799,2864491,5,ON,1,40,1,0,1656731,65,846.1538696289062,1
2026-08-01T22:01:28.799,2864564,6,ON,1,86,2,1,1656883,65,846.1538696289062,1
2026-08-01T22:01:30.525,2866280,1,OFF,0,137,1,0,1660473,112,0.0,0
2026-08-01T22:01:30.684,2866404,1,ON,1,138,1,0,1660732,103,213.5922393798828,1
2026-08-01T22:01:30.684,2866384,2,OFF,0,153,1,0,1660690,103,213.5922393798828,1
2026-08-01T22:01:30.843,2866519,2,ON,1,154,1,0,1660973,103,213.5922393798828,1
2026-08-01T22:01:31.160,2866949,3,ON,1,98,2,1,1661872,76,490.7894592285156,1
2026-08-01T22:01:31.160,2866965,4,OFF,0,91,1,0,1661906,76,490.7894592285156,1
2026-08-01T22:01:31.303,2867023,4,ON,1,92,1,0,1662027,76,490.7894592285156,1
2026-08-01T22:01:31.460,2867221,5,ON,1,42,2,1,1662441,79,696.2025146484375,1
2026-08-01T22:01:31.460,2867286,6,OFF,0,87,1,0,1662577,79,696.2025146484375,1
2026-08-01T22:01:31.618,2867333,6,ON,1,88,1,0,1662675,79,696.2025146484375,1
2026-08-01T22:01:33.503,2869313,1,ON,1,140,2,1,1666817,106,207.5471649169922,1
2026-08-01T22:01:33.503,2869289,2,OFF,0,155,1,0,1666767,106,207.5471649169922,1
2026-08-01T22:01:33.661,2869428,2,ON,1,156,1,0,1667058,106,207.5471649169922,1
2026-08-01T22:01:33.963,2869770,3,OFF,0,99,1,0,1667773,76,0.0,0
2026-08-01T22:01:34.122,2869828,3,ON,1,100,1,0,1667894,73,510.9588928222656,1
2026-08-01T22:01:34.122,2869900,4,ON,1,94,2,1,1668045,73,510.9588928222656,1
2026-08-01T22:01:34.279,2870092,5,ON,1,44,2,1,1668447,79,0.0,0
2026-08-01T22:01:34.437,2870177,6,ON,1,90,2,1,1668624,63,873.015869140625,1
2026-08-01T22:01:35.849,2871641,1,OFF,0,141,1,0,1671687,106,0.0,0
2026-08-01T22:01:36.005,2871742,1,ON,1,142,1,0,1671898,79,278.48101806640625,1
2026-08-01T22:01:36.005,2871721,2,OFF,0,157,1,0,1671854,79,278.48101806640625,1
2026-08-01T22:01:36.149,2871858,2,ON,1,158,1,0,1672141,79,278.48101806640625,1
2026-08-01T22:01:36.466,2872250,3,ON,1,102,2,1,1672961,69,540.5797119140625,1
2026-08-01T22:01:36.466,2872266,4,OFF,0,95,1,0,1672994,69,540.5797119140625,1
2026-08-01T22:01:36.623,2872318,4,ON,1,96,1,0,1673103,69,540.5797119140625,1
2026-08-01T22:01:36.782,2872587,6,ON,1,92,2,1,1673666,63,873.015869140625,1
2026-08-01T22:01:39.281,2874970,1,OFF,0,143,1,0,1678650,137,160.5839385986328,1
2026-08-01T22:01:39.281,2875108,2,OFF,0,159,1,0,1678939,137,160.5839385986328,1
2026-08-01T22:01:39.440,2875132,1,ON,1,144,1,0,1678989,137,160.5839385986328,1
2026-08-01T22:01:39.440,2875247,2,ON,1,160,1,0,1679230,137,160.5839385986328,1
2026-08-01T22:01:39.756,2875576,3,OFF,0,103,1,0,1679918,69,0.0,0
2026-08-01T22:01:39.897,2875633,3,ON,1,104,1,0,1680037,71,525.3521118164062,1
2026-08-01T22:01:39.897,2875703,4,ON,1,98,2,1,1680184,71,525.3521118164062,1
2026-08-01T22:01:40.057,2875873,5,OFF,0,45,1,0,1680539,63,0.0,0
2026-08-01T22:01:40.215,2875902,5,ON,1,46,1,0,1680600,64,859.375,1
2026-08-01T22:01:40.215,2875973,6,ON,1,94,2,1,1680749,64,859.375,1
2026-08-01T22:01:41.952,2877737,1,OFF,0,145,1,0,1684438,137,0.0,0
2026-08-01T22:01:42.108,2877917,2,OFF,0,161,1,0,1684815,179,122.905029296875,1
2026-08-01T22:01:42.267,2877942,1,ON,1,146,1,0,1684867,179,122.905029296875,1
2026-08-01T22:01:42.267,2878064,2,ON,1,162,1,0,1685122,179,122.905029296875,1
2026-08-01T22:01:42.737,2878493,3,OFF,0,105,1,0,1686020,71,0.0,0
2026-08-01T22:01:42.896,2878575,3,ON,1,106,1,0,1686191,103,362.13592529296875,1
2026-08-01T22:01:42.896,2878675,4,ON,1,100,2,1,1686401,103,362.13592529296875,1
2026-08-01T22:01:43.195,2878916,5,ON,1,48,2,1,1686905,72,763.888916015625,1
2026-08-01T22:01:43.195,2878997,6,ON,1,96,2,1,1687074,72,763.888916015625,1
2026-08-01T22:01:44.459,2880160,1,OFF,0,147,1,0,1689507,126,174.60317993164062,1
2026-08-01T22:01:44.460,2880287,2,OFF,0,163,1,0,1689773,126,174.60317993164062,1
2026-08-01T22:01:44.632,2880311,1,ON,1,148,1,0,1689823,126,174.60317993164062,1
2026-08-01T22:01:44.632,2880438,2,ON,1,164,1,0,1690088,126,174.60317993164062,1
2026-08-01T22:01:45.107,2880894,3,OFF,0,107,1,0,1691042,103,0.0,0
2026-08-01T22:01:45.266,2880983,3,ON,1,108,1,0,1691228,112,333.03570556640625,1
2026-08-01T22:01:45.266,2881093,4,ON,1,102,2,1,1691459,112,333.03570556640625,1
2026-08-01T22:01:45.583,2881314,5,ON,1,50,2,1,1691921,73,753.4246826171875,1
2026-08-01T22:01:45.583,2881381,6,OFF,0,97,1,0,1692061,73,753.4246826171875,1
2026-08-01T22:01:45.741,2881422,6,ON,1,98,1,0,1692147,73,753.4246826171875,1
2026-08-01T22:01:47.452,2883175,1,OFF,0,149,1,0,1695814,126,0.0,0
2026-08-01T22:01:47.610,2883332,1,ON,1,150,1,0,1696142,131,167.93893432617188,1
2026-08-01T22:01:47.610,2883307,2,OFF,0,165,1,0,1696090,131,167.93893432617188,1
2026-08-01T22:01:47.768,2883462,2,ON,1,166,1,0,1696414,131,167.93893432617188,1
2026-08-01T22:01:48.069,2883857,3,OFF,0,109,1,0,1697240,112,0.0,0
2026-08-01T22:01:48.228,2883923,3,ON,1,110,1,0,1697378,85,438.8235168457031,1
2026-08-01T22:01:48.228,2884006,4,ON,1,104,2,1,1697552,85,438.8235168457031,1
2026-08-01T22:01:48.545,2884303,6,ON,1,100,2,1,1698173,73,753.4246826171875,1
2026-08-01T22:01:50.110,2885937,1,OFF,0,151,1,0,1701591,131,0.0,0
2026-08-01T22:01:50.267,2886060,1,ON,1,152,1,0,1701848,118,186.440673828125,1
2026-08-01T22:01:50.267,2886056,2,OFF,0,167,1,0,1701840,118,186.440673828125,1
2026-08-01T22:01:50.426,2886201,2,ON,1,168,1,0,1702143,118,186.440673828125,1
2026-08-01T22:01:50.884,2886619,3,ON,1,112,2,1,1703018,77,484.41558837890625,1
2026-08-01T22:01:50.884,2886696,4,ON,1,106,2,1,1703179,77,484.41558837890625,1
2026-08-01T22:01:51.199,2886994,6,ON,1,102,2,1,1703802,73,753.4246826171875,1
2026-08-01T22:03:21.278,2977102,1,OFF,0,153,1,0,1716641,118,0.0,0
2026-08-01T22:03:21.437,2977238,1,ON,1,154,1,0,1716926,115,191.30435180664062,1
2026-08-01T22:03:21.437,2977218,2,OFF,0,169,1,0,1716884,115,191.30435180664062,1
2026-08-01T22:03:21.595,2977358,2,ON,1,170,1,0,1717177,115,191.30435180664062,1
2026-08-01T22:03:21.910,2977740,3,OFF,0,113,1,0,1717976,77,0.0,0
2026-08-01T22:03:22.067,2977803,3,ON,1,114,1,0,1718107,80,466.25,1
2026-08-01T22:03:22.067,2977881,4,ON,1,108,2,1,1718271,80,466.25,1
2026-08-01T22:03:22.225,2978067,5,OFF,0,51,1,0,1718660,73,0.0,0
2026-08-01T22:03:22.368,2978096,5,ON,1,52,1,0,1718720,66,833.3333129882812,1
2026-08-01T22:03:22.368,2978171,6,ON,1,104,2,1,1718877,66,833.3333129882812,1
2026-08-01T22:03:34.110,2989850,1,OFF,0,155,1,0,1721538,115,0.0,0
2026-08-01T22:03:34.269,2990003,1,ON,1,156,1,0,1721858,127,173.2283477783203,1
2026-08-01T22:03:34.269,2989978,2,OFF,0,171,1,0,1721806,127,173.2283477783203,1
2026-08-01T22:03:34.428,2990134,2,ON,1,172,1,0,1722132,127,173.2283477783203,1
2026-08-01T22:03:34.730,2990518,3,OFF,1,115,1,0,1722935,80,0.0,0
2026-08-01T22:03:34.888,2990582,3,ON,1,116,1,0,1723069,81,460.49383544921875,1
2026-08-01T22:03:34.888,2990661,4,ON,1,110,2,1,1723234,81,460.49383544921875,1
2026-08-01T22:03:35.044,2990877,5,ON,1,54,2,1,1723686,66,0.0,0
2026-08-01T22:03:35.202,2990981,6,ON,1,106,2,1,1723903,71,774.6478881835938,1
2026-08-01T22:03:37.234,2992925,1,OFF,0,157,1,0,1727970,146,150.6849365234375,1
2026-08-01T22:03:37.234,2993072,2,OFF,0,173,1,0,1728277,146,150.6849365234375,1
2026-08-01T22:03:37.376,2993095,1,ON,1,158,1,0,1728325,146,150.6849365234375,1
2026-08-01T22:03:37.376,2993216,2,ON,1,174,1,0,1728578,146,150.6849365234375,1
2026-08-01T22:03:37.852,2993671,3,ON,1,118,2,1,1729530,87,428.7356262207031,1
2026-08-01T22:03:37.852,2993690,4,OFF,0,111,1,0,1729570,87,428.7356262207031,1
2026-08-01T22:03:38.010,2993754,4,ON,1,112,1,0,1729704,87,428.7356262207031,1
2026-08-01T22:03:38.170,2993973,5,ON,1,56,2,1,1730162,69,797.1014404296875,1
2026-08-01T22:03:38.170,2994015,6,OFF,0,107,1,0,1730250,69,797.1014404296875,1
2026-08-01T22:03:38.328,2994054,6,ON,1,108,1,0,1730331,69,797.1014404296875,1
2026-08-01T22:03:39.896,2995706,1,OFF,0,159,1,0,1733787,146,0.0,0
2026-08-01T22:03:40.053,2995855,1,ON,1,160,1,0,1734099,130,169.23077392578125,1
2026-08-01T22:03:40.053,2995837,2,OFF,0,175,1,0,1734061,130,169.23077392578125,1
2026-08-01T22:03:40.213,2995976,2,ON,1,176,1,0,1734352,130,169.23077392578125,1
2026-08-01T22:03:40.514,2996315,3,OFF,0,119,1,0,1735061,87,0.0,0
2026-08-01T22:03:40.670,2996371,3,ON,1,120,1,0,1735178,72,518.0555419921875,1
2026-08-01T22:03:40.670,2996442,4,ON,1,114,2,1,1735327,72,518.0555419921875,1
2026-08-01T22:03:40.829,2996655,5,ON,1,58,2,1,1735772,69,0.0,0
2026-08-01T22:03:40.972,2996735,6,ON,1,110,2,1,1735940,59,932.203369140625,1
2026-08-01T22:03:42.712,2998553,1,OFF,0,161,1,0,1739742,130,0.0,0
2026-08-01T22:03:42.854,2998684,2,OFF,0,177,1,0,1740016,130,169.23077392578125,1
2026-08-01T22:03:43.013,2998709,1,ON,1,162,1,0,1740069,130,169.23077392578125,1
2026-08-01T22:03:43.013,2998825,2,ON,1,178,1,0,1740311,130,169.23077392578125,1
2026-08-01T22:03:43.328,2999158,3,OFF,0,121,1,0,1741008,72,0.0,0
2026-08-01T22:03:43.487,2999216,3,ON,1,122,1,0,1741129,72,518.0555419921875,1
2026-08-01T22:03:43.487,2999287,4,ON,1,116,2,1,1741278,72,518.0555419921875,1
2026-08-01T22:03:43.645,2999476,5,OFF,1,59,1,0,1741673,59,0.0,0
2026-08-01T22:03:43.804,2999500,5,ON,1,60,1,0,1741723,61,901.6393432617188,1
2026-08-01T22:03:43.804,2999574,6,ON,1,112,2,1,1741878,61,901.6393432617188,1
2026-08-01T22:03:45.670,3001441,1,OFF,0,163,1,0,1745784,130,0.0,0
2026-08-01T22:03:45.829,3001586,1,ON,1,164,1,0,1746087,124,177.4193572998047,1
2026-08-01T22:03:45.829,3001566,2,OFF,0,179,1,0,1746045,124,177.4193572998047,1
2026-08-01T22:03:45.987,3001697,2,ON,1,180,1,0,1746319,124,177.4193572998047,1
2026-08-01T22:03:46.303,3002115,3,ON,1,124,2,1,1747193,79,472.1518859863281,1
2026-08-01T22:03:46.303,3002132,4,OFF,0,117,1,0,1747229,79,472.1518859863281,1
2026-08-01T22:03:46.462,3002194,4,ON,1,118,1,0,1747359,79,472.1518859863281,1
2026-08-01T22:03:46.604,3002411,5,ON,1,62,2,1,1747813,61,0.0,0
2026-08-01T22:03:46.764,3002499,6,ON,1,114,2,1,1747997,58,948.27587890625,1
2026-08-01T22:03:48.649,3004416,1,OFF,0,165,1,0,1752007,124,0.0,0
2026-08-01T22:03:48.792,3004577,1,ON,1,166,1,0,1752343,136,161.76470947265625,1
2026-08-01T22:03:48.792,3004553,2,OFF,0,181,1,0,1752293,136,161.76470947265625,1
2026-08-01T22:03:48.951,3004699,2,ON,1,182,1,0,1752599,136,161.76470947265625,1
2026-08-01T22:03:49.269,3005072,3,OFF,0,125,1,0,1753379,79,0.0,0
2026-08-01T22:03:49.428,3005135,3,ON,1,126,1,0,1753511,81,460.49383544921875,1
2026-08-01T22:03:49.428,3005214,4,ON,1,120,2,1,1753676,81,460.49383544921875,1
2026-08-01T22:03:49.730,3005519,6,ON,1,116,2,1,1754314,58,948.27587890625,1
2026-08-01T22:03:50.995,3006772,1,OFF,0,167,1,0,1756935,71,309.8591613769531,1
2026-08-01T22:03:50.995,3006844,2,OFF,0,183,1,0,1757085,71,309.8591613769531,1
2026-08-01T22:03:51.153,3006866,1,ON,1,168,1,0,1757132,71,309.8591613769531,1
2026-08-01T22:03:51.153,3006988,2,ON,1,184,1,0,1757387,71,309.8591613769531,1
2026-08-01T22:03:51.626,3007418,3,ON,1,128,2,1,1758286,74,504.0540466308594,1
2026-08-01T22:03:51.626,3007436,4,OFF,0,121,1,0,1758324,74,504.0540466308594,1
2026-08-01T22:03:51.784,3007493,4,ON,1,122,1,0,1758443,74,504.0540466308594,1
2026-08-01T22:03:51.943,3007782,6,ON,1,118,2,1,1759048,58,948.27587890625,1
2026-08-01T22:03:53.653,3009486,1,OFF,0,169,1,0,1762612,71,0.0,0
2026-08-01T22:03:53.797,3009623,1,ON,1,170,1,0,1762899,118,186.440673828125,1
2026-08-01T22:03:53.797,3009605,2,OFF,0,185,1,0,1762861,118,186.440673828125,1
2026-08-01T22:03:53.969,3009733,2,ON,1,186,1,0,1763129,118,186.440673828125,1
2026-08-01T22:03:54.285,3010096,3,ON,1,130,2,1,1763888,67,556.7164306640625,1
2026-08-01T22:03:54.285,3010111,4,OFF,0,123,1,0,1763919,67,556.7164306640625,1
2026-08-01T22:03:54.443,3010163,4,ON,1,124,1,0,1764028,67,556.7164306640625,1
2026-08-01T22:03:54.601,3010443,6,ON,1,120,2,1,1764614,58,948.27587890625,1
2026-08-01T22:03:56.625,3012439,1,OFF,0,171,1,0,1768789,118,0.0,0
2026-08-01T22:03:56.783,3012572,1,ON,1,172,1,0,1769067,109,201.83486938476562,1
2026-08-01T22:03:56.783,3012549,2,OFF,0,187,1,0,1769019,109,201.83486938476562,1
2026-08-01T22:03:56.942,3012683,2,ON,1,188,1,0,1769299,109,201.83486938476562,1
2026-08-01T22:03:57.258,3013054,3,ON,1,132,2,1,1770076,69,540.5797119140625,1
2026-08-01T22:03:57.258,3013069,4,OFF,0,125,1,0,1770107,69,540.5797119140625,1
2026-08-01T22:03:57.402,3013120,4,ON,1,126,1,0,1770214,69,540.5797119140625,1
2026-08-01T22:03:57.560,3013326,5,ON,1,64,2,1,1770645,60,916.6666870117188,1
2026-08-01T22:03:57.560,3013401,6,ON,1,122,2,1,1770801,60,916.6666870117188,1
2026-08-01T22:04:46.366,3062131,1,OFF,0,173,1,0,1786130,109,0.0,0
2026-08-01T22:04:46.524,3062264,1,ON,1,174,1,0,1786409,111,198.1981964111328,1
2026-08-01T22:04:46.524,3062379,2,ON,1,190,2,1,1786649,111,198.1981964111328,1
2026-08-01T22:04:46.983,3062767,3,ON,1,134,2,1,1787461,69,540.5797119140625,1
2026-08-01T22:04:46.983,3062836,4,ON,1,128,2,1,1787605,69,540.5797119140625,1
2026-08-01T22:04:47.298,3063140,6,ON,1,124,2,1,1788241,60,916.6666870117188,1
2026-08-01T22:04:53.713,3069572,1,ON,1,176,2,1,1791618,82,268.2926940917969,1
2026-08-01T22:04:53.713,3069553,2,OFF,0,191,1,0,1791579,82,268.2926940917969,1
2026-08-01T22:04:53.872,3069687,2,ON,1,192,1,0,1791859,82,268.2926940917969,1
2026-08-01T22:04:54.174,3070010,3,OFF,0,135,1,0,1792535,69,0.0,0
2026-08-01T22:04:54.332,3070062,3,ON,1,136,1,0,1792643,67,556.7164306640625,1
2026-08-01T22:04:54.332,3070129,4,ON,1,130,2,1,1792783,67,556.7164306640625,1
2026-08-01T22:04:54.648,3070402,6,ON,1,126,2,1,1793354,60,916.6666870117188,1
2026-08-01T22:04:58.549,3074338,1,OFF,0,177,1,0,1796568,82,0.0,0
2026-08-01T22:04:58.708,3074484,1,ON,1,178,1,0,1796874,120,183.3333282470703,1
2026-08-01T22:04:58.708,3074459,2,OFF,0,193,1,0,1796821,120,183.3333282470703,1
2026-08-01T22:04:58.867,3074601,2,ON,1,194,1,0,1797118,120,183.3333282470703,1
2026-08-01T22:04:59.182,3075000,3,ON,1,138,2,1,1797953,70,532.8571166992188,1
2026-08-01T22:04:59.182,3075015,4,OFF,0,131,1,0,1797984,70,532.8571166992188,1
2026-08-01T22:04:59.340,3075068,4,ON,1,132,1,0,1798095,70,532.8571166992188,1
2026-08-01T22:04:59.482,3075278,5,ON,1,66,2,1,1798534,59,932.203369140625,1
2026-08-01T22:04:59.482,3075314,6,OFF,1,127,1,0,1798610,59,932.203369140625,1
2026-08-01T22:04:59.640,3075351,6,ON,1,128,1,0,1798687,59,932.203369140625,1
2026-08-01T22:05:06.246,3082055,1,OFF,0,179,1,0,1801689,120,0.0,0
2026-08-01T22:05:06.389,3082191,1,ON,1,180,1,0,1801973,115,191.30435180664062,1
2026-08-01T22:05:06.389,3082171,2,OFF,0,195,1,0,1801931,115,191.30435180664062,1
2026-08-01T22:05:06.546,3082302,2,ON,1,196,1,0,1802205,115,191.30435180664062,1
2026-08-01T22:05:06.859,3082684,3,ON,1,140,2,1,1803004,69,540.5797119140625,1
2026-08-01T22:05:06.859,3082699,4,OFF,0,133,1,0,1803036,69,540.5797119140625,1
2026-08-01T22:05:07.018,3082752,4,ON,1,134,1,0,1803146,69,540.5797119140625,1
2026-08-01T22:05:07.176,3082963,5,ON,1,68,2,1,1803588,43,1279.06982421875,1
2026-08-01T22:05:07.176,3083041,6,ON,1,130,2,1,1803751,43,1279.06982421875,1
2026-08-01T22:05:11.242,3087066,1,OFF,0,181,1,0,1806678,115,0.0,0
2026-08-01T22:05:11.399,3087208,1,ON,1,182,1,0,1806975,121,181.81817626953125,1
2026-08-01T22:05:11.399,3087188,2,OFF,0,197,1,0,1806934,121,181.81817626953125,1
2026-08-01T22:05:11.555,3087323,2,ON,1,198,1,0,1807216,121,181.81817626953125,1
2026-08-01T22:05:11.858,3087673,3,OFF,0,141,1,0,1807948,69,0.0,0
2026-08-01T22:05:12.016,3087733,3,ON,1,142,1,0,1808073,75,497.3333435058594,1
2026-08-01T22:05:12.016,3087808,4,ON,1,136,2,1,1808230,75,497.3333435058594,1
2026-08-01T22:05:12.175,3088017,5,ON,1,70,2,1,1808667,43,0.0,0
2026-08-01T22:05:12.318,3088100,6,ON,1,132,2,1,1808841,54,1018.5184936523438,1
2026-08-01T22:05:16.416,3092181,1,OFF,0,183,1,0,1811701,121,0.0,0
2026-08-01T22:05:16.561,3092321,1,ON,1,184,1,0,1811994,120,183.3333282470703,1
2026-08-01T22:05:16.561,3092302,2,OFF,1,199,1,0,1811954,120,183.3333282470703,1
2026-08-01T22:05:16.721,3092431,2,ON,1,200,1,0,1812224,120,183.3333282470703,1
2026-08-01T22:05:16.878,3092741,3,OFF,0,143,1,0,1812872,75,0.0,0
2026-08-01T22:05:17.035,3092793,3,ON,1,144,1,0,1812981,66,565.1514892578125,1
2026-08-01T22:05:17.035,3092859,4,ON,1,138,2,1,1813119,66,565.1514892578125,1
2026-08-01T22:05:17.351,3093136,6,ON,1,134,2,1,1813699,54,1018.5184936523438,1
2026-08-01T22:05:23.283,3099146,1,OFF,0,185,1,0,1816350,120,0.0,0
2026-08-01T22:05:23.426,3099277,1,ON,1,186,1,0,1816623,111,198.1981964111328,1
2026-08-01T22:05:23.426,3099258,2,OFF,0,201,1,0,1816584,111,198.1981964111328,1
2026-08-01T22:05:23.597,3099386,2,ON,1,202,1,0,1816851,111,198.1981964111328,1
2026-08-01T22:05:23.910,3099726,3,OFF,0,145,1,0,1817562,66,0.0,0
2026-08-01T22:05:24.067,3099788,3,ON,1,146,1,0,1817692,77,484.41558837890625,1
2026-08-01T22:05:24.067,3099863,4,ON,1,140,2,1,1817849,77,484.41558837890625,1
2026-08-01T22:05:24.226,3100089,5,ON,1,72,2,1,1818321,54,0.0,0
2026-08-01T22:05:24.386,3100182,6,ON,1,136,2,1,1818516,66,833.3333129882812,1
2026-08-01T22:05:26.253,3102086,1,OFF,0,187,1,0,1822498,111,0.0,0
2026-08-01T22:05:26.413,3102201,1,ON,1,188,1,0,1822739,111,198.1981964111328,1
2026-08-01T22:05:26.413,3102198,2,OFF,0,203,1,0,1822733,111,198.1981964111328,1
2026-08-01T22:05:26.571,3102332,2,ON,1,204,1,0,1823013,111,198.1981964111328,1
2026-08-01T22:05:26.873,3102690,3,OFF,0,147,1,0,1823762,77,0.0,0
2026-08-01T22:05:27.029,3102752,3,ON,1,148,1,0,1823892,81,460.49383544921875,1
2026-08-01T22:05:27.029,3102830,4,ON,1,142,2,1,1824055,81,460.49383544921875,1
2026-08-01T22:05:27.187,3103048,5,ON,1,74,2,1,1824511,66,0.0,0
2026-08-01T22:05:27.344,3103140,6,ON,1,138,2,1,1824703,69,797.1014404296875,1
2026-08-01T22:05:29.225,3105026,1,OFF,0,189,1,0,1828648,111,0.0,0
2026-08-01T22:05:29.367,3105173,1,ON,1,190,1,0,1828956,122,180.32786560058594,1
2026-08-01T22:05:29.367,3105149,2,OFF,0,205,1,0,1828906,122,180.32786560058594,1
2026-08-01T22:05:29.541,3105310,2,ON,1,206,1,0,1829242,122,180.32786560058594,1
2026-08-01T22:05:29.998,3105809,3,ON,1,150,2,1,1830286,91,409.8901062011719,1
2026-08-01T22:05:29.998,3105829,4,OFF,0,143,1,0,1830328,91,409.8901062011719,1
2026-08-01T22:05:30.155,3105900,4,ON,1,144,1,0,1830477,91,409.8901062011719,1
2026-08-01T22:05:30.470,3106244,6,ON,1,140,2,1,1831196,69,797.1014404296875,1
2026-08-01T22:05:32.023,3107854,1,OFF,0,191,1,0,1834564,122,0.0,0
2026-08-01T22:05:32.180,3108022,1,ON,1,192,1,0,1834915,143,153.84616088867188,1
2026-08-01T22:05:32.180,3107998,2,OFF,0,207,1,0,1834865,143,153.84616088867188,1
2026-08-01T22:05:32.355,3108139,2,ON,1,208,1,0,1835160,143,153.84616088867188,1
2026-08-01T22:05:32.655,3108495,3,OFF,0,151,1,0,1835905,91,0.0,0
2026-08-01T22:05:32.815,3108558,3,ON,1,152,1,0,1836037,78,478.20513916015625,1
2026-08-01T22:05:32.815,3108634,4,ON,1,146,2,1,1836196,78,478.20513916015625,1
2026-08-01T22:05:32.972,3108833,5,OFF,0,75,1,0,1836612,69,0.0,0
2026-08-01T22:05:33.129,3108854,5,ON,1,76,1,0,1836656,57,964.9122924804688,1
2026-08-01T22:05:33.129,3108927,6,ON,1,142,2,1,1836808,57,964.9122924804688,1
2026-08-01T22:06:22.898,3158684,1,OFF,0,193,1,0,1857312,143,0.0,0
2026-08-01T22:06:23.055,3158840,1,ON,1,194,1,0,1857731,133,165.4135284423828,1
2026-08-01T22:06:23.055,3158818,2,OFF,0,209,1,0,1857672,133,165.4135284423828,1
2026-08-01T22:06:23.214,3158955,2,ON,1,210,1,0,1858041,133,165.4135284423828,1
2026-08-01T22:06:23.516,3159375,3,ON,1,154,2,1,1859170,76,490.7894592285156,1
2026-08-01T22:06:23.516,3159392,4,OFF,0,147,1,0,1859216,76,490.7894592285156,1
2026-08-01T22:06:23.674,3159449,4,ON,1,148,1,0,1859369,76,490.7894592285156,1
2026-08-01T22:06:23.834,3159669,5,ON,1,78,2,1,1859961,45,1222.22216796875,1
2026-08-01T22:06:23.834,3159710,6,OFF,0,143,1,0,1860071,45,1222.22216796875,1
2026-08-01T22:06:23.993,3159750,6,ON,1,144,1,0,1860178,45,1222.22216796875,1
2026-08-01T22:06:25.399,3161239,1,ON,1,196,2,1,1864183,84,261.9047546386719,1
2026-08-01T22:06:25.399,3161219,2,OFF,0,211,1,0,1864129,84,261.9047546386719,1
2026-08-01T22:06:25.557,3161353,2,ON,1,212,1,0,1864490,84,261.9047546386719,1
2026-08-01T22:06:25.874,3161714,3,ON,1,156,2,1,1865460,63,592.0634765625,1
2026-08-01T22:06:25.874,3161728,4,OFF,0,149,1,0,1865498,63,592.0634765625,1
2026-08-01T22:06:26.032,3161777,4,ON,1,150,1,0,1865630,63,592.0634765625,1
2026-08-01T22:06:26.190,3162047,6,ON,1,146,2,1,1866356,45,1222.22216796875,1
2026-08-01T22:07:09.701,3205472,1,OFF,0,197,1,0,1867223,84,0.0,0
2026-08-01T22:07:09.858,3205619,1,ON,1,198,1,0,1867619,123,178.86178588867188,1
2026-08-01T22:07:09.858,3205734,2,ON,1,214,2,1,1867927,123,178.86178588867188,1
2026-08-01T22:07:10.318,3206147,3,ON,1,158,2,1,1869038,76,490.7894592285156,1
2026-08-01T22:07:10.318,3206165,4,OFF,0,151,1,0,1869086,76,490.7894592285156,1
2026-08-01T22:07:10.476,3206222,4,ON,1,152,1,0,1869240,76,490.7894592285156,1
2026-08-01T22:07:10.635,3206514,6,OFF,0,147,1,0,1870025,45,1222.22216796875,1
2026-08-01T22:07:10.778,3206559,6,ON,1,148,1,0,1870146,45,1222.22216796875,1
2026-08-01T22:07:11.882,3207755,1,ON,1,200,2,1,1873362,114,192.98245239257812,1
2026-08-01T22:07:11.882,3207733,2,OFF,0,215,1,0,1873303,114,192.98245239257812,1
2026-08-01T22:07:12.041,3207867,2,ON,1,216,1,0,1873664,114,192.98245239257812,1
2026-08-01T22:07:12.358,3208203,3,OFF,0,159,1,0,1874568,76,0.0,0
2026-08-01T22:07:12.515,3208261,3,ON,1,160,1,0,1874724,72,518.0555419921875,1
2026-08-01T22:07:12.515,3208330,4,ON,1,154,2,1,1874909,72,518.0555419921875,1
2026-08-01T22:07:12.814,3208648,6,ON,1,150,2,1,1875764,45,1222.22216796875,1
2026-08-01T22:07:13.911,3209734,1,OFF,0,201,1,0,1878685,114,0.0,0
2026-08-01T22:07:14.070,3209876,1,ON,1,202,1,0,1879067,124,177.4193572998047,1
2026-08-01T22:07:14.070,3209859,2,OFF,0,217,1,0,1879021,124,177.4193572998047,1
2026-08-01T22:07:14.228,3209986,2,ON,1,218,1,0,1879363,124,177.4193572998047,1
2026-08-01T22:07:14.544,3210355,3,ON,1,162,2,1,1880355,68,548.5294189453125,1
2026-08-01T22:07:14.544,3210422,4,ON,1,156,2,1,1880535,68,548.5294189453125,1
2026-08-01T22:07:14.857,3210657,5,ON,1,80,2,1,1881167,78,705.1282348632812,1
2026-08-01T22:07:14.857,3210746,6,ON,1,152,2,1,1881407,78,705.1282348632812,1
2026-08-01T22:07:20.638,3216522,1,ON,1,204,2,1,1881807,73,301.369873046875,1
2026-08-01T22:07:20.638,3216504,2,OFF,0,219,1,0,1881759,73,301.369873046875,1
2026-08-01T22:07:20.795,3216633,2,ON,1,220,1,0,1882105,73,301.369873046875,1
2026-08-01T22:07:21.097,3216946,3,OFF,0,163,1,0,1882946,68,0.0,0
2026-08-01T22:07:21.255,3216996,3,ON,1,164,1,0,1883080,65,573.8461303710938,1
2026-08-01T22:07:21.255,3217062,4,ON,1,158,2,1,1883258,65,573.8461303710938,1
2026-08-01T22:07:21.572,3217351,6,ON,1,154,2,1,1884035,78,705.1282348632812,1
2026-08-01T22:07:22.825,3218593,1,OFF,0,205,1,0,1887375,116,189.65516662597656,1
2026-08-01T22:07:22.825,3218710,2,OFF,0,221,1,0,1887689,116,189.65516662597656,1
2026-08-01T22:07:22.983,3218730,1,ON,1,206,1,0,1887743,116,189.65516662597656,1
2026-08-01T22:07:22.983,3218840,2,ON,1,222,1,0,1888039,116,189.65516662597656,1
2026-08-01T22:07:23.296,3219174,3,OFF,0,165,1,0,1888938,65,0.0,0
2026-08-01T22:07:23.455,3219232,3,ON,1,166,1,0,1889094,73,510.9588928222656,1
2026-08-01T22:07:23.455,3219304,4,ON,1,160,2,1,1889287,73,510.9588928222656,1
2026-08-01T22:07:23.758,3219626,6,ON,1,156,2,1,1890153,78,705.1282348632812,1
2026-08-01T22:07:24.851,3220737,1,ON,1,208,2,1,1893141,104,211.53846740722656,1
2026-08-01T22:07:24.851,3220714,2,OFF,0,223,1,0,1893079,104,211.53846740722656,1
2026-08-01T22:07:25.010,3220846,2,ON,1,224,1,0,1893434,104,211.53846740722656,1
2026-08-01T22:07:25.327,3221183,3,OFF,0,167,1,0,1894341,73,0.0,0
2026-08-01T22:07:25.469,3221242,3,ON,1,168,1,0,1894499,73,510.9588928222656,1
2026-08-01T22:07:25.469,3221312,4,ON,1,162,2,1,1894688,73,510.9588928222656,1
2026-08-01T22:07:25.787,3221623,6,ON,1,158,2,1,1895524,78,705.1282348632812,1
2026-08-01T22:07:26.892,3222755,1,OFF,0,209,1,0,1898568,104,0.0,0
2026-08-01T22:07:27.051,3222875,1,ON,1,210,1,0,1898891,97,226.8041229248047,1
2026-08-01T22:07:27.051,3222853,2,OFF,0,225,1,0,1898832,97,226.8041229248047,1
2026-08-01T22:07:27.209,3222983,2,ON,1,226,1,0,1899181,97,226.8041229248047,1
2026-08-01T22:07:27.525,3223352,3,ON,1,170,2,1,1900174,66,565.1514892578125,1
2026-08-01T22:07:27.526,3223415,4,ON,1,164,2,1,1900344,66,565.1514892578125,1
2026-08-01T22:07:27.840,3223704,6,ON,1,160,2,1,1901120,78,705.1282348632812,1
2026-08-01T22:07:33.948,3229824,1,OFF,0,211,1,0,1902179,97,0.0,0
2026-08-01T22:07:34.108,3229964,1,ON,1,212,1,0,1902554,117,188.03419494628906,1
2026-08-01T22:07:34.108,3229942,2,OFF,0,227,1,0,1902495,117,188.03419494628906,1
2026-08-01T22:07:34.265,3230090,2,ON,1,228,1,0,1902893,117,188.03419494628906,1
2026-08-01T22:07:34.579,3230443,3,OFF,0,171,1,0,1903841,66,0.0,0
2026-08-01T22:07:34.721,3230500,3,ON,1,172,1,0,1903995,72,518.0555419921875,1
2026-08-01T22:07:34.721,3230571,4,ON,1,166,2,1,1904185,72,518.0555419921875,1
2026-08-01T22:07:35.036,3230879,6,ON,1,162,2,1,1905013,78,705.1282348632812,1
2026-08-01T22:08:23.403,3279192,1,OFF,0,213,1,0,1913101,117,0.0,0
2026-08-01T22:08:23.560,3279346,1,ON,1,214,1,0,1913516,129,170.54263305664062,1
2026-08-01T22:08:23.560,3279322,2,OFF,0,229,1,0,1913451,129,170.54263305664062,1
2026-08-01T22:08:23.701,3279475,2,ON,1,230,1,0,1913862,129,170.54263305664062,1
2026-08-01T22:08:24.034,3279921,3,ON,1,174,2,1,1915062,72,0.0,0
2026-08-01T22:08:24.176,3279999,4,ON,1,168,2,1,1915272,79,472.1518859863281,1
2026-08-01T22:08:24.495,3280318,6,ON,1,164,2,1,1916130,78,705.1282348632812,1
2026-08-01T22:08:31.066,3286944,1,OFF,0,215,1,0,1916828,129,0.0,0
2026-08-01T22:08:31.227,3287040,1,ON,1,216,1,0,1917086,76,289.47369384765625,1
2026-08-01T22:08:31.227,3287021,2,OFF,0,231,1,0,1917035,76,289.47369384765625,1
2026-08-01T22:08:31.385,3287152,2,ON,1,232,1,0,1917388,76,289.47369384765625,1
2026-08-01T22:08:31.702,3287504,3,ON,1,176,2,1,1918334,62,601.6129150390625,1
2026-08-01T22:08:31.702,3287566,4,ON,1,170,2,1,1918501,62,601.6129150390625,1
2026-08-01T22:08:32.018,3287841,6,ON,1,166,2,1,1919240,78,705.1282348632812,1
2026-08-01T22:08:33.109,3288890,1,OFF,0,217,1,0,1922061,111,198.1981964111328,1
2026-08-01T22:08:33.109,3289002,2,OFF,0,233,1,0,1922363,111,198.1981964111328,1
2026-08-01T22:08:33.269,3289021,1,ON,1,218,1,0,1922414,111,198.1981964111328,1
2026-08-01T22:08:33.269,3289127,2,ON,1,234,1,0,1922698,111,198.1981964111328,1
2026-08-01T22:08:33.585,3289443,3,OFF,0,177,1,0,1923549,62,0.0,0
2026-08-01T22:08:33.742,3289495,3,ON,1,178,1,0,1923688,66,565.1514892578125,1
2026-08-01T22:08:33.742,3289561,4,ON,1,172,2,1,1923866,66,565.1514892578125,1
2026-08-01T22:08:34.060,3289854,6,ON,1,168,2,1,1924654,78,705.1282348632812,1
2026-08-01T22:08:35.155,3290993,1,OFF,0,219,1,0,1927717,111,0.0,0
2026-08-01T22:08:35.313,3291130,1,ON,1,220,1,0,1928085,116,189.65516662597656,1
2026-08-01T22:08:35.313,3291110,2,OFF,0,235,1,0,1928032,116,189.65516662597656,1
2026-08-01T22:08:35.457,3291242,2,ON,1,236,1,0,1928387,116,189.65516662597656,1
2026-08-01T22:08:35.774,3291593,3,ON,1,180,2,1,1929331,63,592.0634765625,1
2026-08-01T22:08:35.774,3291656,4,ON,1,174,2,1,1929500,63,592.0634765625,1
2026-08-01T22:08:36.091,3291931,6,ON,1,170,2,1,1930240,78,705.1282348632812,1
2026-08-01T22:08:37.185,3293072,1,OFF,0,221,1,0,1933309,116,0.0,0
2026-08-01T22:08:37.343,3293196,1,ON,1,222,1,0,1933642,104,211.53846740722656,1
2026-08-01T22:08:37.343,3293177,2,OFF,0,237,1,0,1933591,104,211.53846740722656,1
2026-08-01T22:08:37.502,3293306,2,ON,1,238,1,0,1933938,104,211.53846740722656,1
2026-08-01T22:08:37.802,3293678,3,ON,1,182,2,1,1934938,69,540.5797119140625,1
2026-08-01T22:08:37.802,3293694,4,OFF,0,175,1,0,1934981,69,540.5797119140625,1
2026-08-01T22:08:37.957,3293746,4,ON,1,176,1,0,1935121,69,540.5797119140625,1
2026-08-01T22:08:38.116,3293999,6,OFF,0,171,1,0,1935801,78,705.1282348632812,1
2026-08-01T22:08:38.273,3294038,6,ON,1,172,1,0,1935907,78,705.1282348632812,1
2026-08-01T22:08:44.373,3300180,1,OFF,0,223,1,0,1937075,104,0.0,0
2026-08-01T22:08:44.531,3300321,1,ON,1,224,1,0,1937454,114,192.98245239257812,1
2026-08-01T22:08:44.531,3300295,2,OFF,0,239,1,0,1937384,114,192.98245239257812,1
2026-08-01T22:08:44.689,3300444,2,ON,1,240,1,0,1937784,114,192.98245239257812,1
2026-08-01T22:08:44.989,3300847,3,ON,1,184,2,1,1938868,74,504.0540466308594,1
2026-08-01T22:08:44.989,3300863,4,OFF,0,177,1,0,1938911,74,504.0540466308594,1
2026-08-01T22:08:45.148,3300920,4,ON,1,178,1,0,1939064,74,504.0540466308594,1
2026-08-01T22:08:45.465,3301257,6,ON,1,174,2,1,1939971,78,705.1282348632812,1
2026-08-01T22:08:46.572,3302435,1,OFF,0,225,1,0,1943139,114,0.0,0
2026-08-01T22:08:46.731,3302572,1,ON,1,226,1,0,1943508,112,196.42857360839844,1
2026-08-01T22:08:46.731,3302548,2,OFF,0,241,1,0,1943443,112,196.42857360839844,1
2026-08-01T22:08:46.889,3302681,2,ON,1,242,1,0,1943800,112,196.42857360839844,1
2026-08-01T22:08:47.206,3303038,3,ON,1,186,2,1,1944760,63,592.0634765625,1
2026-08-01T22:08:47.206,3303099,4,ON,1,180,2,1,1944925,63,592.0634765625,1
2026-08-01T22:08:47.508,3303373,6,ON,1,176,2,1,1945661,78,705.1282348632812,1
2026-08-01T22:08:48.917,3304694,1,OFF,0,227,1,0,1949215,127,173.2283477783203,1
2026-08-01T22:08:48.917,3304822,2,OFF,0,243,1,0,1949558,127,173.2283477783203,1
2026-08-01T22:08:49.076,3304843,1,ON,1,228,1,0,1949615,127,173.2283477783203,1
2026-08-01T22:08:49.076,3304959,2,ON,1,244,1,0,1949927,127,173.2283477783203,1
2026-08-01T22:08:49.535,3305358,3,ON,1,188,2,1,1951000,73,510.9588928222656,1
2026-08-01T22:08:49.535,3305429,4,ON,1,182,2,1,1951191,73,510.9588928222656,1
2026-08-01T22:08:49.853,3305739,6,ON,1,178,2,1,1952025,78,705.1282348632812,1
2026-08-01T22:08:50.947,3306848,1,ON,1,230,2,1,1955008,125,176.0,1
2026-08-01T22:08:50.947,3306830,2,OFF,0,245,1,0,1954959,125,176.0,1
2026-08-01T22:08:51.105,3306961,2,ON,1,246,1,0,1955312,125,176.0,1
2026-08-01T22:08:51.421,3307320,3,ON,1,190,2,1,1956277,73,0.0,0
2026-08-01T22:08:51.580,3307385,4,ON,1,184,2,1,1956452,65,573.8461303710938,1
2026-08-01T22:08:51.723,3307591,5,ON,1,82,2,1,1957006,78,0.0,0
2026-08-01T22:08:51.880,3307669,6,ON,1,180,2,1,1957216,66,833.3333129882812,1
2026-08-01T22:08:52.827,3308649,1,OFF,1,231,1,0,1959851,67,328.35821533203125,1
2026-08-01T22:08:52.827,3308717,2,OFF,0,247,1,0,1960034,67,328.35821533203125,1
2026-08-01T22:08:52.984,3308735,1,ON,1,232,1,0,1960083,67,328.35821533203125,1
2026-08-01T22:08:52.984,3308847,2,ON,1,248,1,0,1960384,67,328.35821533203125,1
2026-08-01T22:08:53.301,3309172,3,OFF,0,191,1,0,1961258,65,0.0,0
2026-08-01T22:08:53.459,3309224,3,ON,1,192,1,0,1961397,67,556.7164306640625,1
2026-08-01T22:08:53.459,3309292,4,ON,1,186,2,1,1961581,67,556.7164306640625,1
2026-08-01T22:08:53.619,3309502,5,ON,1,84,2,1,1962145,66,0.0,0
2026-08-01T22:08:53.778,3309575,6,ON,1,182,2,1,1962341,52,1057.6922607421875,1
2026-08-01T22:09:11.652,3327513,1,OFF,0,233,1,0,1961754,67,0.0,0
2026-08-01T22:09:12.282,3328191,1,ON,1,234,1,0,1961754,67,0.0,0
2026-08-01T22:09:13.211,3328979,1,OFF,0,235,1,0,1961754,67,0.0,0
2026-08-01T22:09:13.684,3329593,1,ON,1,236,1,0,1961754,67,0.0,0
2026-08-01T22:09:31.357,3347236,1,OFF,0,237,1,0,1967043,67,0.0,0
2026-08-01T22:09:31.515,3347345,1,ON,1,238,1,0,1967335,81,271.6049499511719,1
2026-08-01T22:09:31.515,3347318,2,OFF,0,249,1,0,1967263,81,271.6049499511719,1
2026-08-01T22:09:31.674,3347471,2,ON,1,250,1,0,1967674,81,271.6049499511719,1
2026-08-01T22:09:31.975,3347882,3,ON,1,194,2,1,1968779,67,0.0,0
2026-08-01T22:09:32.135,3347923,3,ON,1,196,2,1,1968890,40,932.5,1
2026-08-01T22:09:32.135,3348004,4,ON,1,188,2,1,1969107,40,932.5,1
2026-08-01T22:09:32.435,3348338,6,ON,1,184,2,1,1970006,52,1057.6922607421875,1
2026-08-01T22:09:33.544,3349410,1,OFF,0,239,1,0,1972889,81,0.0,0
2026-08-01T22:09:33.702,3349560,1,ON,1,240,1,0,1973293,126,174.60317993164062,1
2026-08-01T22:09:33.702,3349537,2,OFF,0,251,1,0,1973230,126,174.60317993164062,1
2026-08-01T22:09:33.861,3349677,2,ON,1,252,1,0,1973607,126,174.60317993164062,1
2026-08-01T22:09:34.163,3350022,3,OFF,1,197,1,0,1974535,40,0.0,0
2026-08-01T22:09:34.321,3350081,3,ON,1,198,1,0,1974693,75,497.3333435058594,1
2026-08-01T22:09:34.321,3350155,4,ON,1,190,2,1,1974892,75,497.3333435058594,1
2026-08-01T22:09:34.479,3350376,5,ON,1,86,2,1,1975487,52,0.0,0
2026-08-01T22:09:34.637,3350453,6,ON,1,186,2,1,1975694,51,1078.431396484375,1
2026-08-01T22:09:35.729,3351617,1,OFF,0,241,1,0,1978824,126,0.0,0
2026-08-01T22:09:35.888,3351781,1,ON,1,242,1,0,1979266,140,157.14285278320312,1
2026-08-01T22:09:35.888,3351758,2,OFF,0,253,1,0,1979204,140,157.14285278320312,1
2026-08-01T22:09:36.047,3351900,2,ON,1,254,1,0,1979586,140,157.14285278320312,1
2026-08-01T22:09:36.364,3352245,3,OFF,0,199,1,0,1980513,75,0.0,0
2026-08-01T22:09:36.505,3352304,3,ON,1,200,1,0,1980672,75,497.3333435058594,1
2026-08-01T22:09:36.505,3352378,4,ON,1,192,2,1,1980871,75,497.3333435058594,1
2026-08-01T22:09:36.823,3352689,6,ON,1,188,2,1,1981708,51,1078.431396484375,1
2026-08-01T22:09:37.758,3353569,1,OFF,0,243,1,0,1984075,140,0.0,0
2026-08-01T22:09:37.916,3353701,1,ON,1,244,1,0,1984430,110,200.0,1
2026-08-01T22:09:37.916,3353817,2,ON,1,256,2,1,1984742,110,200.0,1
2026-08-01T22:09:38.233,3354149,3,OFF,0,201,1,0,1985634,75,0.0,0
2026-08-01T22:09:38.392,3354205,3,ON,1,202,1,0,1985785,70,532.8571166992188,1
2026-08-01T22:09:38.392,3354274,4,ON,1,194,2,1,1985970,70,532.8571166992188,1
2026-08-01T22:09:38.693,3354478,5,ON,1,88,2,1,1986519,75,733.3333129882812,1
2026-08-01T22:09:38.693,3354567,6,ON,1,190,2,1,1986758,75,733.3333129882812,1
2026-08-01T22:09:39.953,3355815,1,OFF,0,245,1,0,1990115,110,0.0,0
2026-08-01T22:09:40.112,3355910,1,ON,1,246,1,0,1990371,73,301.369873046875,1
2026-08-01T22:09:40.112,3356015,2,ON,1,258,2,1,1990653,73,301.369873046875,1
2026-08-01T22:09:40.415,3356310,3,OFF,0,203,1,0,1991446,70,0.0,0
2026-08-01T22:09:40.573,3356359,3,ON,1,204,1,0,1991578,62,601.6129150390625,1
2026-08-01T22:09:40.573,3356420,4,ON,1,196,2,1,1991742,62,601.6129150390625,1
2026-08-01T22:09:40.889,3356700,6,ON,1,192,2,1,1992495,75,733.3333129882812,1
2026-08-01T22:09:42.140,3358037,1,ON,1,248,2,1,1996091,111,198.1981964111328,1
2026-08-01T22:09:42.140,3358021,2,OFF,0,259,1,0,1996048,111,198.1981964111328,1
2026-08-01T22:09:42.299,3358145,2,ON,1,260,1,0,1996382,111,198.1981964111328,1
2026-08-01T22:09:42.601,3358496,3,ON,1,206,2,1,1997326,64,582.8125,1
2026-08-01T22:09:42.601,3358511,4,OFF,0,197,1,0,1997366,64,582.8125,1
2026-08-01T22:09:42.757,3358560,4,ON,1,198,1,0,1997498,64,582.8125,1
2026-08-01T22:09:42.915,3358764,5,ON,1,90,2,1,1998046,66,833.3333129882812,1
2026-08-01T22:09:42.915,3358804,6,OFF,0,193,1,0,1998154,66,833.3333129882812,1
2026-08-01T22:09:43.072,3358841,6,ON,1,194,1,0,1998253,66,833.3333129882812,1
2026-08-01T22:09:46.659,3362568,1,OFF,0,249,1,0,1995589,111,0.0,0
2026-08-01T22:09:46.833,3362704,1,ON,1,250,1,0,1995589,111,198.1981964111328,1
2026-08-01T22:09:46.833,3362680,2,OFF,0,261,1,0,1995589,111,198.1981964111328,1
2026-08-01T22:09:46.975,3362820,2,ON,1,262,1,0,1995589,111,198.1981964111328,1
2026-08-01T22:09:47.293,3363203,3,ON,1,208,2,1,1995589,64,0.0,0
2026-08-01T22:09:47.452,3363267,4,ON,1,200,2,1,1995589,67,556.7164306640625,1
2026-08-01T22:09:47.610,3363513,6,OFF,0,195,1,0,1995589,66,833.3333129882812,1
2026-08-01T22:09:47.766,3363550,6,ON,1,196,1,0,1995589,66,833.3333129882812,1
2026-08-01T22:09:54.805,3370702,1,OFF,0,251,1,0,1999839,111,0.0,0
2026-08-01T22:09:54.964,3370804,1,ON,1,252,1,0,2000113,79,278.48101806640625,1
2026-08-01T22:09:54.964,3370782,2,OFF,0,263,1,0,2000054,79,278.48101806640625,1
2026-08-01T22:09:55.123,3370940,2,ON,1,264,1,0,2000479,79,278.48101806640625,1
2026-08-01T22:09:55.599,3371422,3,ON,1,210,2,1,2001766,82,454.8780517578125,1
2026-08-01T22:09:55.599,3371504,4,ON,1,202,2,1,2000449,82,454.8780517578125,1
2026-08-01T22:09:55.899,3371721,5,ON,1,92,2,1,1998967,74,743.2432250976562,1
2026-08-01T22:09:55.899,3371778,6,OFF,1,197,1,0,1998967,74,743.2432250976562,1
2026-08-01T22:09:56.056,3371818,6,ON,1,198,1,0,1998967,74,743.2432250976562,1
2026-08-01T22:10:14.061,3389934,1,OFF,0,253,1,0,2003104,79,0.0,0
2026-08-01T22:10:14.220,3390079,1,ON,1,254,1,0,2003495,123,178.86178588867188,1
2026-08-01T22:10:14.220,3390058,2,OFF,0,265,1,0,2003438,123,178.86178588867188,1
2026-08-01T22:10:14.379,3390203,2,ON,1,266,1,0,2003828,123,178.86178588867188,1
2026-08-01T22:10:14.678,3390554,3,OFF,0,211,1,0,2004772,82,0.0,0
2026-08-01T22:10:14.834,3390614,3,ON,1,212,1,0,2004933,75,497.3333435058594,1
2026-08-01T22:10:14.834,3390688,4,ON,1,204,2,1,2005132,75,497.3333435058594,1
2026-08-01T22:10:14.993,3390901,5,ON,1,94,2,1,2005705,74,0.0,0
2026-08-01T22:10:15.153,3390991,6,ON,1,200,2,1,2005947,58,948.27587890625,1
2026-08-01T22:10:16.406,3392312,1,ON,1,256,2,1,2009499,111,198.1981964111328,1
2026-08-01T22:10:16.406,3392289,2,OFF,0,267,1,0,2009438,111,198.1981964111328,1
2026-08-01T22:10:16.564,3392422,2,ON,1,268,1,0,2009796,111,198.1981964111328,1
2026-08-01T22:10:16.866,3392783,3,ON,1,214,2,1,2010766,75,0.0,0
2026-08-01T22:10:17.024,3392846,4,ON,1,206,2,1,2010936,65,573.8461303710938,1
2026-08-01T22:10:17.185,3393045,5,ON,1,96,2,1,2011471,54,1018.5184936523438,1
2026-08-01T22:10:17.185,3393082,6,OFF,0,201,1,0,2011571,54,1018.5184936523438,1
2026-08-01T22:10:17.343,3393119,6,ON,1,202,1,0,2011670,54,1018.5184936523438,1
2026-08-01T22:11:05.594,3441476,1,OFF,0,257,1,0,2060569,111,0.0,0
2026-08-01T22:11:05.752,3441571,1,ON,1,258,1,0,2060825,73,301.369873046875,1
2026-08-01T22:11:05.752,3441550,2,OFF,1,269,1,0,2060768,73,301.369873046875,1
2026-08-01T22:11:05.910,3441684,2,ON,1,270,1,0,2061129,73,301.369873046875,1
2026-08-01T22:11:06.067,3441994,3,OFF,0,215,1,0,2061962,65,0.0,0
2026-08-01T22:11:06.225,3442045,3,ON,1,216,1,0,2062099,64,582.8125,1
2026-08-01T22:11:06.225,3442108,4,ON,1,208,2,1,2062269,64,582.8125,1
2026-08-01T22:11:06.525,3442392,6,ON,1,204,2,1,2063033,54,1018.5184936523438,1
2026-08-01T22:11:09.833,3445638,1,OFF,0,259,1,0,2064048,73,0.0,0
2026-08-01T22:11:09.992,3445790,1,ON,1,260,1,0,2064457,128,171.875,1
2026-08-01T22:11:09.992,3445915,2,ON,1,272,2,1,2064793,128,171.875,1
2026-08-01T22:11:10.467,3446355,3,ON,1,218,2,1,2065976,78,478.20513916015625,1
2026-08-01T22:11:10.467,3446372,4,OFF,0,209,1,0,2066022,78,478.20513916015625,1
2026-08-01T22:11:10.625,3446432,4,ON,1,210,1,0,2066183,78,478.20513916015625,1
2026-08-01T22:11:10.783,3446667,5,ON,1,98,2,1,2066815,57,964.9122924804688,1
2026-08-01T22:11:10.783,3446702,6,OFF,0,205,1,0,2066910,57,964.9122924804688,1
2026-08-01T22:11:10.940,3446741,6,ON,1,206,1,0,2067014,57,964.9122924804688,1
2026-08-01T22:11:12.032,3447926,1,ON,1,262,2,1,2070201,80,275.0,1
2026-08-01T22:11:12.032,3447908,2,OFF,0,273,1,0,2070153,80,275.0,1
2026-08-01T22:11:12.191,3448042,2,ON,1,274,1,0,2070513,80,275.0,1
2026-08-01T22:11:12.493,3448421,3,ON,1,220,2,1,2071533,78,0.0,0
2026-08-01T22:11:12.649,3448489,4,ON,1,212,2,1,2071715,67,556.7164306640625,1
2026-08-01T22:11:12.807,3448732,6,OFF,0,207,1,0,2072369,57,964.9122924804688,1
2026-08-01T22:11:12.966,3448768,6,ON,1,208,1,0,2072466,57,964.9122924804688,1
2026-08-01T22:11:20.507,3456433,1,OFF,0,263,1,0,2073023,80,0.0,0
2026-08-01T22:11:20.649,3456561,1,ON,1,264,1,0,2073366,109,201.83486938476562,1
2026-08-01T22:11:20.649,3456543,2,OFF,0,275,1,0,2073318,109,201.83486938476562,1
2026-08-01T22:11:20.807,3456666,2,ON,1,276,1,0,2073648,109,201.83486938476562,1
2026-08-01T22:11:21.123,3457027,3,ON,1,222,2,1,2074619,65,573.8461303710938,1
2026-08-01T22:11:21.123,3457042,4,OFF,0,213,1,0,2074660,65,573.8461303710938,1
2026-08-01T22:11:21.282,3457092,4,ON,1,214,1,0,2074794,65,573.8461303710938,1
2026-08-01T22:11:21.440,3457344,6,OFF,0,209,1,0,2075471,57,964.9122924804688,1
2026-08-01T22:11:21.600,3457382,6,ON,1,210,1,0,2075574,57,964.9122924804688,1
2026-08-01T22:11:22.837,3458630,1,OFF,1,265,1,0,2078930,119,184.8739471435547,1
2026-08-01T22:11:22.837,3458750,2,OFF,0,277,1,0,2079252,119,184.8739471435547,1
2026-08-01T22:11:22.994,3458772,1,ON,1,266,1,0,2079312,119,184.8739471435547,1
2026-08-01T22:11:22.994,3458889,2,ON,1,278,1,0,2079627,119,184.8739471435547,1
2026-08-01T22:11:23.310,3459223,3,OFF,0,223,1,0,2080525,65,0.0,0
2026-08-01T22:11:23.468,3459278,3,ON,1,224,1,0,2080672,69,540.5797119140625,1
2026-08-01T22:11:23.468,3459345,4,ON,1,216,2,1,2080853,69,540.5797119140625,1
2026-08-01T22:11:23.786,3459638,6,ON,1,212,2,1,2081641,57,964.9122924804688,1
2026-08-01T22:11:24.878,3460747,1,OFF,0,267,1,0,2084624,119,0.0,0
2026-08-01T22:11:25.036,3460873,1,ON,1,268,1,0,2084962,107,205.60748291015625,1
2026-08-01T22:11:25.036,3460855,2,OFF,0,279,1,0,2084914,107,205.60748291015625,1
2026-08-01T22:11:25.195,3460983,2,ON,1,280,1,0,2085258,107,205.60748291015625,1
2026-08-01T22:11:25.493,3461356,3,ON,1,226,2,1,2086261,68,548.5294189453125,1
2026-08-01T22:11:25.493,3461424,4,ON,1,218,2,1,2086444,68,548.5294189453125,1
2026-08-01T22:11:25.810,3461715,6,ON,1,214,2,1,2087227,57,964.9122924804688,1
2026-08-01T22:11:27.062,3462929,1,OFF,0,269,1,0,2090492,107,0.0,0
2026-08-01T22:11:27.220,3463060,1,ON,1,270,1,0,2090844,114,192.98245239257812,1
2026-08-01T22:11:27.220,3463044,2,OFF,0,281,1,0,2090801,114,192.98245239257812,1
2026-08-01T22:11:27.379,3463170,2,ON,1,282,1,0,2091140,114,192.98245239257812,1
2026-08-01T22:11:27.682,3463525,3,ON,1,228,2,1,2092095,64,582.8125,1
2026-08-01T22:11:27.682,3463589,4,ON,1,220,2,1,2092267,64,582.8125,1
2026-08-01T22:11:27.843,3463772,5,OFF,0,99,1,0,2092759,57,0.0,0
2026-08-01T22:11:28.003,3463800,5,ON,1,100,1,0,2092834,69,797.1014404296875,1
2026-08-01T22:11:28.003,3463880,6,ON,1,216,2,1,2093050,69,797.1014404296875,1
2026-08-01T22:11:29.251,3465068,1,OFF,0,271,1,0,2096244,112,196.42857360839844,1
2026-08-01T22:11:29.251,3465181,2,OFF,0,283,1,0,2096549,112,196.42857360839844,1
2026-08-01T22:11:29.410,3465198,1,ON,1,272,1,0,2096594,112,196.42857360839844,1
2026-08-01T22:11:29.410,3465306,2,ON,1,284,1,0,2096884,112,196.42857360839844,1
2026-08-01T22:11:29.712,3465607,3,OFF,0,229,1,0,2097694,64,0.0,0
2026-08-01T22:11:29.870,3465656,3,ON,1,230,1,0,2097826,63,592.0634765625,1
2026-08-01T22:11:29.870,3465719,4,ON,1,222,2,1,2097996,63,592.0634765625,1
2026-08-01T22:11:30.185,3466002,6,ON,1,218,2,1,2098757,69,797.1014404296875,1
2026-08-01T22:11:31.450,3467385,1,ON,1,274,2,1,2102476,109,201.83486938476562,1
2026-08-01T22:11:31.450,3467362,2,OFF,0,285,1,0,2102414,109,201.83486938476562,1
2026-08-01T22:11:31.608,3467497,2,ON,1,286,1,0,2102777,109,201.83486938476562,1
2026-08-01T22:11:31.927,3467835,3,OFF,0,231,1,0,2103686,63,0.0,0
2026-08-01T22:11:32.085,3467892,3,ON,1,232,1,0,2103839,71,525.3521118164062,1
2026-08-01T22:11:32.085,3467961,4,ON,1,224,2,1,2104025,71,525.3521118164062,1
2026-08-01T22:11:32.386,3468259,6,ON,1,220,2,1,2104826,69,797.1014404296875,1
2026-08-01T22:11:33.635,3469502,1,OFF,0,275,1,0,2108169,109,0.0,0
2026-08-01T22:11:33.793,3469654,1,ON,1,276,1,0,2108579,126,174.60317993164062,1
2026-08-01T22:11:33.793,3469629,2,OFF,0,287,1,0,2108511,126,174.60317993164062,1
2026-08-01T22:11:33.952,3469787,2,ON,1,288,1,0,2108936,126,174.60317993164062,1
2026-08-01T22:11:34.268,3470177,3,OFF,0,233,1,0,2109985,71,0.0,0
2026-08-01T22:11:34.426,3470238,3,ON,1,234,1,0,2110149,77,484.41558837890625,1
2026-08-01T22:11:34.426,3470313,4,ON,1,226,2,1,2110351,77,484.41558837890625,1
2026-08-01T22:11:34.727,3470643,6,ON,1,222,2,1,2111238,69,797.1014404296875,1
2026-08-01T22:17:17.757,68477,1,OFF,0,1,1,0,2111515,0,0.0,0
2026-08-01T22:17:17.916,68617,1,ON,1,2,1,0,2110590,115,191.30435180664062,1
2026-08-01T22:17:17.916,68593,2,OFF,0,1,1,0,2110590,115,191.30435180664062,1
2026-08-01T22:17:18.075,68735,2,ON,1,2,1,0,2110590,115,191.30435180664062,1
2026-08-01T22:17:18.378,69075,3,OFF,0,1,1,0,2110590,0,0.0,0
2026-08-01T22:17:18.537,69131,3,ON,1,2,1,0,2110590,70,532.8571166992188,1
2026-08-01T22:17:18.537,69197,4,ON,1,2,2,1,2110590,70,532.8571166992188,1
2026-08-01T22:17:18.840,69473,6,ON,1,2,2,1,2110590,0,0.0,0
2026-08-01T22:17:34.818,85524,1,OFF,0,3,1,0,2117404,115,0.0,0
2026-08-01T22:17:34.978,85668,1,ON,1,4,1,0,2117949,119,184.8739471435547,1
2026-08-01T22:17:34.978,85644,2,OFF,0,3,1,0,2117859,119,184.8739471435547,1
2026-08-01T22:17:35.138,85785,2,ON,1,4,1,0,2118391,119,184.8739471435547,1
2026-08-01T22:17:35.442,86172,3,ON,1,4,2,1,2119856,70,0.0,0
2026-08-01T22:17:35.602,86237,4,ON,1,4,2,1,2120102,67,556.7164306640625,1
2026-08-01T22:17:35.762,86437,5,ON,1,2,2,1,2120860,58,948.27587890625,1
2026-08-01T22:17:35.762,86484,6,OFF,0,3,1,0,2121038,58,948.27587890625,1
2026-08-01T22:17:35.922,86520,6,ON,1,4,1,0,2121173,58,948.27587890625,1
2026-08-01T22:17:36.382,87034,1,OFF,0,5,1,0,2123118,119,0.0,0
2026-08-01T22:17:36.541,87170,1,ON,1,6,1,0,2121753,112,196.42857360839844,1
2026-08-01T22:17:36.541,87280,2,ON,1,6,2,1,2121239,112,196.42857360839844,1
2026-08-01T22:17:37.002,87640,3,ON,1,6,2,1,2121239,64,582.8125,1
2026-08-01T22:17:37.002,87702,4,ON,1,6,2,1,2121239,64,582.8125,1
2026-08-01T22:17:37.163,87884,5,OFF,0,3,1,0,2121239,58,0.0,0
2026-08-01T22:17:37.320,87907,5,ON,1,4,1,0,2121239,57,964.9122924804688,1
2026-08-01T22:17:37.320,87979,6,ON,1,6,2,1,2121239,57,964.9122924804688,1
2026-08-01T22:17:43.725,94334,1,OFF,1,7,1,0,2126989,109,201.83486938476562,1
2026-08-01T22:17:43.725,94444,2,OFF,0,7,1,0,2127405,109,201.83486938476562,1
2026-08-01T22:17:43.885,94466,1,ON,1,8,1,0,2127489,109,201.83486938476562,1
2026-08-01T22:17:43.885,94574,2,ON,1,8,1,0,2127897,109,201.83486938476562,1
2026-08-01T22:17:44.206,94898,3,OFF,0,7,1,0,2129124,64,0.0,0
2026-08-01T22:17:44.365,94953,3,ON,1,8,1,0,2129333,68,548.5294189453125,1
2026-08-01T22:17:44.365,95018,4,ON,1,8,2,1,2129579,68,548.5294189453125,1
2026-08-01T22:17:44.684,95302,6,ON,1,8,2,1,2130653,57,964.9122924804688,1
2026-08-01T22:17:45.145,95879,1,ON,1,10,2,1,2132837,112,196.42857360839844,1
2026-08-01T22:17:45.145,95876,2,OFF,0,9,1,0,2132825,112,196.42857360839844,1
2026-08-01T22:17:45.305,96009,2,ON,1,10,1,0,2133329,112,196.42857360839844,1
2026-08-01T22:17:45.626,96332,3,OFF,0,9,1,0,2134551,68,0.0,0
2026-08-01T22:17:45.768,96384,3,ON,1,10,1,0,2134748,68,548.5294189453125,1
2026-08-01T22:17:45.768,96451,4,ON,1,10,2,1,2135002,68,548.5294189453125,1
2026-08-01T22:17:46.088,96740,6,ON,1,10,2,1,2136096,57,964.9122924804688,1
2026-08-01T22:17:52.966,103691,1,OFF,0,11,1,0,2137424,112,0.0,0
2026-08-01T22:17:53.111,103826,1,ON,1,12,1,0,2137935,115,191.30435180664062,1
2026-08-01T22:17:53.111,103807,2,OFF,0,11,1,0,2137863,115,191.30435180664062,1
2026-08-01T22:17:53.271,103937,2,ON,1,12,1,0,2138354,115,191.30435180664062,1
2026-08-01T22:17:53.590,104309,3,ON,1,12,2,1,2139762,68,548.5294189453125,1
2026-08-01T22:17:53.590,104325,4,OFF,0,11,1,0,2139822,68,548.5294189453125,1
2026-08-01T22:17:53.748,104376,4,ON,1,12,1,0,2140015,68,548.5294189453125,1
2026-08-01T22:17:53.907,104621,6,OFF,0,11,1,0,2140943,57,964.9122924804688,1
2026-08-01T22:17:54.051,104658,6,ON,1,12,1,0,2141083,57,964.9122924804688,1
2026-08-01T22:17:54.687,105296,1,OFF,0,13,1,0,2143060,115,191.30435180664062,1
2026-08-01T22:17:54.687,105412,2,OFF,0,13,1,0,2141571,115,191.30435180664062,1
2026-08-01T22:17:54.846,105437,1,ON,1,14,1,0,2141430,115,191.30435180664062,1
2026-08-01T22:17:54.846,105552,2,ON,1,14,1,0,2141430,115,191.30435180664062,1
2026-08-01T22:17:55.147,105872,3,OFF,0,13,1,0,2141430,68,0.0,0
2026-08-01T22:17:55.307,105926,3,ON,1,14,1,0,2141430,68,548.5294189453125,1
2026-08-01T22:17:55.307,105994,4,ON,1,14,2,1,2141430,68,548.5294189453125,1
2026-08-01T22:17:55.624,106298,6,ON,1,14,2,1,2141430,57,964.9122924804688,1
2026-08-01T22:18:00.144,110874,1,OFF,0,15,1,0,2147161,115,0.0,0
2026-08-01T22:18:00.304,111003,1,ON,1,16,1,0,2147649,108,203.70370483398438,1
2026-08-01T22:18:00.304,110983,2,OFF,0,15,1,0,2147575,108,203.70370483398438,1
2026-08-01T22:18:00.463,111109,2,ON,1,16,1,0,2148051,108,203.70370483398438,1
2026-08-01T22:18:00.778,111481,3,ON,1,16,2,1,2149458,68,548.5294189453125,1
2026-08-01T22:18:00.778,111496,4,OFF,0,15,1,0,2149515,68,548.5294189453125,1
2026-08-01T22:18:00.937,111549,4,ON,1,16,1,0,2149717,68,548.5294189453125,1
2026-08-01T22:18:01.097,111756,5,ON,1,6,2,1,2150499,64,859.375,1
2026-08-01T22:18:01.097,111829,6,ON,1,16,2,1,2150775,64,859.375,1
2026-08-01T22:18:01.716,112456,1,OFF,0,17,1,0,2151899,108,0.0,0
2026-08-01T22:18:01.876,112597,1,ON,1,18,1,0,2150898,119,184.8739471435547,1
2026-08-01T22:18:01.876,112576,2,OFF,0,17,1,0,2150898,119,184.8739471435547,1
2026-08-01T22:18:02.020,112701,2,ON,1,18,1,0,2150898,119,184.8739471435547,1
2026-08-01T22:18:02.340,113060,3,ON,1,18,2,1,2150898,66,565.1514892578125,1
2026-08-01T22:18:02.340,113074,4,OFF,0,17,1,0,2150898,66,565.1514892578125,1
2026-08-01T22:18:02.500,113124,4,ON,1,18,1,0,2150898,66,565.1514892578125,1
2026-08-01T22:18:02.644,113329,5,ON,1,8,2,1,2150898,54,1018.5184936523438,1
2026-08-01T22:18:02.644,113364,6,OFF,0,17,1,0,2150898,54,1018.5184936523438,1
2026-08-01T22:18:02.803,113398,6,ON,1,18,1,0,2150898,54,1018.5184936523438,1
2026-08-01T22:18:10.931,121639,1,ON,1,20,2,1,2157902,72,305.5555419921875,1
2026-08-01T22:18:10.931,121622,2,OFF,0,19,1,0,2157836,72,305.5555419921875,1
2026-08-01T22:18:11.091,121752,2,ON,1,20,1,0,2158328,72,305.5555419921875,1
2026-08-01T22:18:11.394,122119,3,ON,1,20,2,1,2159717,66,565.1514892578125,1
2026-08-01T22:18:11.394,122135,4,OFF,0,19,1,0,2159778,66,565.1514892578125,1
2026-08-01T22:18:11.553,122186,4,ON,1,20,1,0,2159971,66,565.1514892578125,1
2026-08-01T22:18:11.713,122429,6,OFF,0,19,1,0,2160891,54,1018.5184936523438,1
2026-08-01T22:18:11.872,122464,6,ON,1,20,1,0,2161023,54,1018.5184936523438,1
2026-08-01T22:18:57.384,168136,1,ON,1,22,2,1,2170321,116,189.65516662597656,1
2026-08-01T22:18:57.384,168115,2,OFF,0,21,1,0,2170240,116,189.65516662597656,1
2026-08-01T22:18:57.544,168241,2,ON,1,22,1,0,2170717,116,189.65516662597656,1
2026-08-01T22:18:57.863,168612,3,ON,1,22,2,1,2172121,66,0.0,0
2026-08-01T22:18:58.004,168677,4,ON,1,22,2,1,2172367,68,548.5294189453125,1
2026-08-01T22:18:58.164,168887,5,ON,1,10,2,1,2173162,54,0.0,0
2026-08-01T22:18:58.324,168963,6,ON,1,22,2,1,2173451,66,833.3333129882812,1
2026-08-01T22:18:58.788,169535,1,OFF,0,23,1,0,2175615,116,0.0,0
2026-08-01T22:18:58.947,169675,1,ON,1,24,1,0,2176146,115,191.30435180664062,1
2026-08-01T22:18:58.947,169651,2,OFF,0,23,1,0,2176054,115,191.30435180664062,1
2026-08-01T22:18:59.108,169788,2,ON,1,24,1,0,2176574,115,191.30435180664062,1
2026-08-01T22:18:59.411,170140,3,OFF,0,23,1,0,2177905,68,0.0,0
2026-08-01T22:18:59.571,170199,3,ON,1,24,1,0,2178128,74,504.0540466308594,1
2026-08-01T22:18:59.571,170272,4,ON,1,24,2,1,2178406,74,504.0540466308594,1
2026-08-01T22:18:59.730,170466,5,OFF,1,11,1,0,2179140,66,0.0,0
2026-08-01T22:18:59.889,170485,5,ON,1,12,1,0,2179212,57,964.9122924804688,1
2026-08-01T22:18:59.889,170561,6,ON,1,24,2,1,2179499,57,964.9122924804688,1
2026-08-01T22:19:00.352,171053,1,OFF,0,25,1,0,2181159,115,0.0,0
2026-08-01T22:19:00.511,171184,1,ON,1,26,1,0,2179478,106,207.5471649169922,1
2026-08-01T22:19:00.511,171160,2,OFF,0,25,1,0,2179786,106,207.5471649169922,1
2026-08-01T22:19:00.671,171298,2,ON,1,26,1,0,2179350,106,207.5471649169922,1
2026-08-01T22:19:00.975,171687,3,ON,1,26,2,1,2179350,71,525.3521118164062,1
2026-08-01T22:19:00.975,171703,4,OFF,0,25,1,0,2179350,71,525.3521118164062,1
2026-08-01T22:19:01.135,171758,4,ON,1,26,1,0,2179350,71,525.3521118164062,1
2026-08-01T22:19:01.295,172030,6,OFF,0,25,1,0,2179350,57,964.9122924804688,1
2026-08-01T22:19:01.455,172086,6,ON,1,26,1,0,2179350,57,964.9122924804688,1
2026-08-01T22:19:11.315,181983,1,OFF,0,27,1,0,2185351,106,0.0,0
2026-08-01T22:19:11.475,182127,1,ON,1,28,1,0,2185896,123,178.86178588867188,1
2026-08-01T22:19:11.475,182107,2,OFF,0,27,1,0,2185819,123,178.86178588867188,1
2026-08-01T22:19:11.634,182240,2,ON,1,28,1,0,2186323,123,178.86178588867188,1
2026-08-01T22:19:11.949,182680,3,ON,1,28,2,1,2187989,78,478.20513916015625,1
2026-08-01T22:19:11.949,182697,4,OFF,0,27,1,0,2188052,78,478.20513916015625,1
2026-08-01T22:19:12.108,182757,4,ON,1,28,1,0,2188279,78,478.20513916015625,1
2026-08-01T22:19:12.268,182988,5,ON,1,14,2,1,2189153,57,0.0,0
2026-08-01T22:19:12.412,183066,6,ON,1,28,2,1,2189449,58,948.27587890625,1
2026-08-01T22:19:12.888,183636,1,ON,1,30,2,1,2188828,73,301.369873046875,1
2026-08-01T22:19:12.888,183616,2,OFF,0,29,1,0,2188828,73,301.369873046875,1
2026-08-01T22:19:13.031,183747,2,ON,1,30,1,0,2188828,73,301.369873046875,1
2026-08-01T22:19:13.351,184065,3,OFF,0,29,1,0,2188828,78,0.0,0
2026-08-01T22:19:13.511,184114,3,ON,1,30,1,0,2188828,64,582.8125,1
2026-08-01T22:19:13.511,184180,4,ON,1,30,2,1,2188828,64,582.8125,1
2026-08-01T22:19:13.830,184455,6,ON,1,30,2,1,2188828,58,948.27587890625,1
2026-08-01T22:19:23.668,194360,1,ON,1,32,2,1,2195698,65,338.4615478515625,1
2026-08-01T22:19:23.668,194342,2,OFF,0,31,1,0,2195630,65,338.4615478515625,1
2026-08-01T22:19:23.827,194464,2,ON,1,32,1,0,2196093,65,338.4615478515625,1
2026-08-01T22:19:24.144,194802,3,ON,1,32,2,1,2197371,60,621.6666870117188,1
2026-08-01T22:19:24.144,194862,4,ON,1,32,2,1,2197598,60,621.6666870117188,1
2026-08-01T22:19:24.447,195128,6,ON,1,32,2,1,2198606,58,948.27587890625,1
2026-08-01T22:19:25.238,195869,1,OFF,0,33,1,0,2201411,120,183.3333282470703,1
2026-08-01T22:19:25.238,195990,2,OFF,0,33,1,0,2201869,120,183.3333282470703,1
2026-08-01T22:19:25.382,196011,1,ON,1,34,1,0,2201947,120,183.3333282470703,1
2026-08-01T22:19:25.382,196128,2,ON,1,34,1,0,2202391,120,183.3333282470703,1
2026-08-01T22:19:25.860,196529,3,ON,1,34,2,1,2203909,70,532.8571166992188,1
2026-08-01T22:19:25.860,196598,4,ON,1,34,2,1,2204169,70,532.8571166992188,1
2026-08-01T22:19:26.164,196889,6,ON,1,34,2,1,2205271,58,948.27587890625,1
2026-08-01T22:19:26.932,197687,1,ON,1,36,2,1,2204518,109,201.83486938476562,1
2026-08-01T22:19:26.932,197672,2,OFF,0,35,1,0,2204518,109,201.83486938476562,1
2026-08-01T22:19:27.091,197792,2,ON,1,36,1,0,2204518,109,201.83486938476562,1
2026-08-01T22:19:27.411,198143,3,ON,1,36,2,1,2204518,63,592.0634765625,1
2026-08-01T22:19:27.411,198158,4,OFF,0,35,1,0,2204518,63,592.0634765625,1
2026-08-01T22:19:27.570,198207,4,ON,1,36,1,0,2204518,63,592.0634765625,1
2026-08-01T22:19:27.729,198479,6,ON,1,36,2,1,2204518,58,948.27587890625,1
2026-08-01T22:19:33.684,204371,1,OFF,0,37,1,0,2211189,109,0.0,0
2026-08-01T22:19:33.843,204490,1,ON,1,38,1,0,2211638,115,191.30435180664062,1
2026-08-01T22:19:33.843,204487,2,OFF,0,37,1,0,2211628,115,191.30435180664062,1
2026-08-01T22:19:34.002,204626,2,ON,1,38,1,0,2212154,115,191.30435180664062,1
2026-08-01T22:19:34.304,205029,3,ON,1,38,2,1,2213678,74,504.0540466308594,1
2026-08-01T22:19:34.304,205048,4,OFF,0,37,1,0,2213751,74,504.0540466308594,1
2026-08-01T22:19:34.463,205103,4,ON,1,38,1,0,2213958,74,504.0540466308594,1
2026-08-01T22:19:34.624,205367,6,OFF,0,37,1,0,2214957,58,948.27587890625,1
2026-08-01T22:19:34.766,205405,6,ON,1,38,1,0,2215101,58,948.27587890625,1
2026-08-01T22:19:35.243,205881,1,OFF,0,39,1,0,2216904,110,200.0,1
2026-08-01T22:19:35.243,205992,2,OFF,0,39,1,0,2217324,110,200.0,1
2026-08-01T22:19:35.403,206014,1,ON,1,40,1,0,2217406,110,200.0,1
2026-08-01T22:19:35.403,206118,2,ON,1,40,1,0,2217801,110,200.0,1
2026-08-01T22:19:35.709,206462,3,ON,1,40,2,1,2219103,74,0.0,0
2026-08-01T22:19:35.868,206524,4,ON,1,40,2,1,2219338,63,592.0634765625,1
2026-08-01T22:19:36.028,206718,5,ON,1,16,2,1,2220072,55,1000.0,1
2026-08-01T22:19:36.028,206754,6,OFF,1,39,1,0,2220207,55,1000.0,1
2026-08-01T22:19:36.187,206789,6,ON,1,40,1,0,2220341,55,1000.0,1
2026-08-01T22:20:32.816,263491,1,OFF,0,41,1,0,2225578,110,0.0,0
2026-08-01T22:20:32.960,263644,1,ON,1,42,1,0,2226157,133,165.4135284423828,1
2026-08-01T22:20:32.960,263625,2,OFF,0,41,1,0,2226084,133,165.4135284423828,1
2026-08-01T22:20:33.120,263759,2,ON,1,42,1,0,2226591,133,165.4135284423828,1
2026-08-01T22:20:33.438,264172,3,ON,1,42,2,1,2225295,73,510.9588928222656,1
2026-08-01T22:20:33.438,264189,4,OFF,0,41,1,0,2225295,73,510.9588928222656,1
2026-08-01T22:20:33.599,264244,4,ON,1,42,1,0,2225295,73,510.9588928222656,1
2026-08-01T22:20:33.743,264493,6,OFF,0,41,1,0,2225295,55,1000.0,1
2026-08-01T22:20:33.903,264529,6,ON,1,42,1,0,2225295,55,1000.0,1
2026-08-01T22:20:38.296,268955,1,OFF,0,43,1,0,2230066,133,0.0,0
2026-08-01T22:20:38.454,269096,1,ON,1,44,1,0,2230599,118,186.440673828125,1
2026-08-01T22:20:38.454,269200,2,ON,1,44,2,1,2230992,118,186.440673828125,1
2026-08-01T22:20:38.758,269515,3,OFF,0,43,1,0,2232184,73,0.0,0
2026-08-01T22:20:38.918,269570,3,ON,1,44,1,0,2232392,69,540.5797119140625,1
2026-08-01T22:20:38.918,269637,4,ON,1,44,2,1,2232646,69,540.5797119140625,1
2026-08-01T22:20:39.078,269842,5,ON,1,18,2,1,2233423,55,0.0,0
2026-08-01T22:20:39.235,269918,6,ON,1,44,2,1,2233709,55,1000.0,1
2026-08-01T22:20:45.349,276077,1,OFF,0,45,1,0,2235479,118,0.0,0
2026-08-01T22:20:45.494,276218,1,ON,1,46,1,0,2236010,122,180.32786560058594,1
2026-08-01T22:20:45.494,276200,2,OFF,0,45,1,0,2235942,122,180.32786560058594,1
2026-08-01T22:20:45.653,276327,2,ON,1,46,1,0,2236423,122,180.32786560058594,1
2026-08-01T22:20:45.972,276707,3,ON,1,46,2,1,2237860,68,548.5294189453125,1
2026-08-01T22:20:45.972,276722,4,OFF,0,45,1,0,2237918,68,548.5294189453125,1
2026-08-01T22:20:46.116,276776,4,ON,1,46,1,0,2238121,68,548.5294189453125,1
2026-08-01T22:20:46.276,277018,6,OFF,0,45,1,0,2239037,55,1000.0,1
2026-08-01T22:20:46.436,277055,6,ON,1,46,1,0,2239177,55,1000.0,1
2026-08-01T22:20:48.785,279516,1,ON,1,48,2,1,2248493,67,328.35821533203125,1
2026-08-01T22:20:48.785,279497,2,OFF,0,47,1,0,2248421,67,328.35821533203125,1
2026-08-01T22:20:48.929,279621,2,ON,1,48,1,0,2248889,67,328.35821533203125,1
2026-08-01T22:20:49.249,279971,3,ON,1,48,2,1,2250214,62,601.6129150390625,1
2026-08-01T22:20:49.249,279985,4,OFF,0,47,1,0,2250267,62,601.6129150390625,1
2026-08-01T22:20:49.409,280034,4,ON,1,48,1,0,2250453,62,601.6129150390625,1
2026-08-01T22:20:49.570,280305,6,ON,1,48,2,1,2251478,55,1000.0,1
2026-08-01T22:20:54.426,285085,1,OFF,0,49,1,0,2251881,67,0.0,0
2026-08-01T22:20:54.570,285222,1,ON,1,50,1,0,2252399,116,189.65516662597656,1
2026-08-01T22:20:54.570,285329,2,ON,1,50,2,1,2252803,116,189.65516662597656,1
2026-08-01T22:20:54.889,285658,3,OFF,0,49,1,0,2254047,62,0.0,0
2026-08-01T22:20:55.050,285715,3,ON,1,50,1,0,2254263,71,525.3521118164062,1
2026-08-01T22:20:55.050,285784,4,ON,1,50,2,1,2254524,71,525.3521118164062,1
2026-08-01T22:20:55.353,286071,6,ON,1,50,2,1,2255609,55,1000.0,1
2026-08-01T22:20:55.976,286689,1,OFF,0,51,1,0,2257948,116,0.0,0
2026-08-01T22:20:56.134,286817,1,ON,1,52,1,0,2258433,105,209.5238037109375,1
2026-08-01T22:20:56.134,286795,2,OFF,0,51,1,0,2258349,105,209.5238037109375,1
2026-08-01T22:20:56.295,286923,2,ON,1,52,1,0,2258835,105,209.5238037109375,1
2026-08-01T22:20:56.614,287296,3,ON,1,52,2,1,2260245,67,556.7164306640625,1
2026-08-01T22:20:56.614,287360,4,ON,1,52,2,1,2260488,67,556.7164306640625,1
2026-08-01T22:20:56.915,287628,6,ON,1,52,2,1,2261502,55,1000.0,1
2026-08-01T22:20:57.394,288140,1,OFF,0,53,1,0,2263440,105,0.0,0
2026-08-01T22:20:57.553,288271,1,ON,1,54,1,0,2263937,108,203.70370483398438,1
2026-08-01T22:20:57.553,288249,2,OFF,0,53,1,0,2263853,108,203.70370483398438,1
2026-08-01T22:20:57.697,288377,2,ON,1,54,1,0,2264337,108,203.70370483398438,1
2026-08-01T22:20:58.016,288745,3,ON,1,54,2,1,2265730,67,556.7164306640625,1
2026-08-01T22:20:58.016,288760,4,OFF,0,53,1,0,2265788,67,556.7164306640625,1
2026-08-01T22:20:58.176,288810,4,ON,1,54,1,0,2265976,67,556.7164306640625,1
2026-08-01T22:20:58.335,288990,5,ON,1,20,2,1,2266657,62,887.0968017578125,1
2026-08-01T22:20:58.335,289078,6,ON,1,54,2,1,2266991,62,887.0968017578125,1
2026-08-01T22:21:07.576,298230,1,OFF,0,55,1,0,2268172,108,0.0,0
2026-08-01T22:21:07.735,298379,1,ON,1,56,1,0,2268735,124,177.4193572998047,1
2026-08-01T22:21:07.735,298504,2,ON,1,56,2,1,2269207,124,177.4193572998047,1
2026-08-01T22:21:08.198,298916,3,ON,1,56,2,1,2270766,71,525.3521118164062,1
2026-08-01T22:21:08.198,298931,4,OFF,0,55,1,0,2270823,71,525.3521118164062,1
2026-08-01T22:21:08.357,298985,4,ON,1,56,1,0,2271026,71,525.3521118164062,1
2026-08-01T22:21:08.517,299289,6,ON,1,56,2,1,2272178,62,887.0968017578125,1
2026-08-01T22:21:08.980,299726,1,OFF,0,57,1,0,2273831,124,0.0,0
2026-08-01T22:21:09.140,299835,1,ON,1,58,1,0,2274243,104,211.53846740722656,1
2026-08-01T22:21:09.140,299831,2,OFF,0,57,1,0,2274228,104,211.53846740722656,1
2026-08-01T22:21:09.301,299957,2,ON,1,58,1,0,2274706,104,211.53846740722656,1
2026-08-01T22:21:09.604,300311,3,ON,1,58,2,1,2276045,66,565.1514892578125,1
2026-08-01T22:21:09.604,300376,4,ON,1,58,2,1,2276291,66,565.1514892578125,1
2026-08-01T22:21:09.923,300647,6,ON,1,58,2,1,2277316,62,887.0968017578125,1
2026-08-01T22:21:10.705,301427,1,ON,1,60,2,1,2280270,66,333.3333435058594,1
2026-08-01T22:21:10.705,301411,2,OFF,0,59,1,0,2280208,66,333.3333435058594,1
2026-08-01T22:21:10.862,301539,2,ON,1,60,1,0,2280693,66,333.3333435058594,1
2026-08-01T22:21:11.165,301898,3,ON,1,60,2,1,2282052,64,582.8125,1
2026-08-01T22:21:11.165,301913,4,OFF,0,59,1,0,2282108,64,582.8125,1
2026-08-01T22:21:11.323,301962,4,ON,1,60,1,0,2282295,64,582.8125,1
2026-08-01T22:21:11.483,302224,6,ON,1,60,2,1,2283286,62,887.0968017578125,1
2026-08-01T22:21:49.813,340594,1,OFF,0,61,1,0,2295959,66,0.0,0
2026-08-01T22:21:50.117,340790,1,ON,1,62,1,0,2296700,170,129.41175842285156,1
2026-08-01T22:21:50.117,340765,2,OFF,1,61,1,0,2296607,170,129.41175842285156,1
2026-08-01T22:21:50.275,340905,2,ON,1,62,1,0,2297136,170,129.41175842285156,1
2026-08-01T22:21:50.596,341351,3,ON,1,62,2,1,2295510,82,454.8780517578125,1
2026-08-01T22:21:50.596,341368,4,OFF,0,61,1,0,2295510,82,454.8780517578125,1
2026-08-01T22:21:50.757,341431,4,ON,1,62,1,0,2295510,82,454.8780517578125,1
2026-08-01T22:21:50.901,341651,5,ON,1,22,2,1,2295510,62,0.0,0
2026-08-01T22:21:51.061,341734,6,ON,1,62,2,1,2295510,70,785.7142944335938,1
2026-08-01T22:21:54.025,344733,1,OFF,0,63,1,0,2299387,170,0.0,0
2026-08-01T22:21:54.185,344888,1,ON,1,64,1,0,2299973,128,171.875,1
2026-08-01T22:21:54.185,344862,2,OFF,0,63,1,0,2299876,128,171.875,1
2026-08-01T22:21:54.345,345012,2,ON,1,64,1,0,2300443,128,171.875,1
2026-08-01T22:21:54.649,345401,3,OFF,0,63,1,0,2301916,82,0.0,0
2026-08-01T22:21:54.809,345464,3,ON,1,64,1,0,2302153,79,472.1518859863281,1
2026-08-01T22:21:54.809,345539,4,ON,1,64,2,1,2302437,79,472.1518859863281,1
2026-08-01T22:21:55.112,345834,6,ON,1,64,2,1,2303554,70,785.7142944335938,1
2026-08-01T22:21:55.591,346369,1,ON,1,66,2,1,2305578,114,192.98245239257812,1
2026-08-01T22:21:55.591,346350,2,OFF,0,65,1,0,2305506,114,192.98245239257812,1
2026-08-01T22:21:55.751,346476,2,ON,1,66,1,0,2305983,114,192.98245239257812,1
2026-08-01T22:21:56.070,346841,3,ON,1,66,2,1,2307366,65,573.8461303710938,1
2026-08-01T22:21:56.070,346855,4,OFF,0,65,1,0,2307419,65,573.8461303710938,1
2026-08-01T22:21:56.214,346905,4,ON,1,66,1,0,2307607,65,573.8461303710938,1
2026-08-01T22:21:56.374,347142,6,OFF,0,65,1,0,2308504,70,785.7142944335938,1
2026-08-01T22:21:56.534,347178,6,ON,1,66,1,0,2308641,70,785.7142944335938,1
2026-08-01T22:21:57.013,347788,1,OFF,0,67,1,0,2308232,114,0.0,0
2026-08-01T22:21:57.172,347938,1,ON,1,68,1,0,2308232,129,170.54263305664062,1
2026-08-01T22:21:57.172,347918,2,OFF,0,67,1,0,2308232,129,170.54263305664062,1
2026-08-01T22:21:57.331,348051,2,ON,1,68,1,0,2308232,129,170.54263305664062,1
2026-08-01T22:21:57.633,348378,3,OFF,0,67,1,0,2308232,65,0.0,0
2026-08-01T22:21:57.792,348433,3,ON,1,68,1,0,2308232,70,532.8571166992188,1
2026-08-01T22:21:57.792,348503,4,ON,1,68,2,1,2308232,70,532.8571166992188,1
2026-08-01T22:21:58.110,348782,6,ON,1,68,2,1,2308232,70,785.7142944335938,1
2026-08-01T22:22:07.810,358547,1,OFF,0,69,1,0,2314909,129,0.0,0
2026-08-01T22:22:07.971,358682,1,ON,1,70,1,0,2315420,113,194.6902618408203,1
2026-08-01T22:22:07.971,358661,2,OFF,0,69,1,0,2315342,113,194.6902618408203,1
2026-08-01T22:22:08.130,358787,2,ON,1,70,1,0,2315818,113,194.6902618408203,1
2026-08-01T22:22:08.447,359181,3,ON,1,70,2,1,2317310,70,532.8571166992188,1
2026-08-01T22:22:08.447,359195,4,OFF,0,69,1,0,2317363,70,532.8571166992188,1
2026-08-01T22:22:08.608,359247,4,ON,1,70,1,0,2317559,70,532.8571166992188,1
2026-08-01T22:22:08.768,359522,6,ON,1,70,2,1,2318599,70,785.7142944335938,1
2026-08-01T22:22:09.391,360161,1,ON,1,72,2,1,2318018,108,203.70370483398438,1
2026-08-01T22:22:09.391,360158,2,OFF,0,71,1,0,2318018,108,203.70370483398438,1
2026-08-01T22:22:09.551,360287,2,ON,1,72,1,0,2318018,108,203.70370483398438,1
2026-08-01T22:22:09.855,360641,3,ON,1,72,2,1,2318018,70,0.0,0
2026-08-01T22:22:10.016,360706,4,ON,1,72,2,1,2318018,65,573.8461303710938,1
2026-08-01T22:22:10.173,360940,6,OFF,0,71,1,0,2318018,70,785.7142944335938,1
2026-08-01T22:22:10.332,360975,6,ON,1,72,1,0,2318018,70,785.7142944335938,1
2026-08-01T22:22:16.282,367066,1,ON,1,74,2,1,2325533,118,186.440673828125,1
2026-08-01T22:22:16.282,367042,2,OFF,0,73,1,0,2325442,118,186.440673828125,1
2026-08-01T22:22:16.442,367178,2,ON,1,74,1,0,2325956,118,186.440673828125,1
2026-08-01T22:22:16.745,367500,3,OFF,0,73,1,0,2327174,65,0.0,0
2026-08-01T22:22:16.905,367554,3,ON,1,74,1,0,2327379,67,556.7164306640625,1
2026-08-01T22:22:16.905,367620,4,ON,1,74,2,1,2327628,67,556.7164306640625,1
2026-08-01T22:22:17.221,367888,6,ON,1,74,2,1,2328644,70,785.7142944335938,1
2026-08-01T22:22:17.700,368474,1,OFF,0,75,1,0,2330862,118,0.0,0
2026-08-01T22:22:17.860,368599,1,ON,1,78,3,2,2331335,64,343.75,1
2026-08-01T22:22:17.860,368581,2,OFF,0,75,1,0,2331267,64,343.75,1
2026-08-01T22:22:18.019,368711,2,ON,1,76,1,0,2331759,64,343.75,1
2026-08-01T22:22:18.324,369069,3,ON,1,76,2,1,2333114,63,592.0634765625,1
2026-08-01T22:22:18.324,369084,4,OFF,0,75,1,0,2333171,63,592.0634765625,1
2026-08-01T22:22:18.483,369133,4,ON,1,76,1,0,2333355,63,592.0634765625,1
2026-08-01T22:22:18.642,369394,6,ON,1,76,2,1,2334343,70,785.7142944335938,1
2026-08-01T22:22:19.263,370005,1,OFF,0,79,1,0,2336657,64,0.0,0
2026-08-01T22:22:19.423,370146,1,ON,1,80,1,0,2337190,117,188.03419494628906,1
2026-08-01T22:22:19.423,370123,2,OFF,0,77,1,0,2337103,117,188.03419494628906,1
2026-08-01T22:22:19.584,370261,2,ON,1,78,1,0,2337626,117,188.03419494628906,1
2026-08-01T22:22:19.903,370639,3,ON,1,78,2,1,2339057,65,573.8461303710938,1
2026-08-01T22:22:19.903,370653,4,OFF,0,77,1,0,2339110,65,573.8461303710938,1
2026-08-01T22:22:20.063,370705,4,ON,1,78,1,0,2339306,65,573.8461303710938,1
2026-08-01T22:22:20.223,370997,6,ON,1,78,2,1,2340412,70,785.7142944335938,1
2026-08-01T22:22:20.989,371674,1,OFF,0,81,1,0,2342973,117,0.0,0
2026-08-01T22:22:21.165,371841,1,ON,1,82,1,0,2343606,144,152.77777099609375,1
2026-08-01T22:22:21.165,371819,2,OFF,0,79,1,0,2343522,144,152.77777099609375,1
2026-08-01T22:22:21.307,371965,2,ON,1,80,1,0,2344076,144,152.77777099609375,1
2026-08-01T22:22:21.626,372368,3,OFF,0,79,1,0,2345600,65,0.0,0
2026-08-01T22:22:21.785,372435,3,ON,1,80,1,0,2345855,84,444.047607421875,1
2026-08-01T22:22:21.785,372516,4,ON,1,80,2,1,2346161,84,444.047607421875,1
2026-08-01T22:22:21.945,372726,5,OFF,0,23,1,0,2346955,70,0.0,0
2026-08-01T22:22:22.089,372743,5,ON,1,24,1,0,2347021,54,1018.5184936523438,1
2026-08-01T22:22:22.089,372818,6,ON,1,80,2,1,2347304,54,1018.5184936523438,1
2026-08-01T22:22:41.003,391778,1,OFF,0,83,1,0,2368923,144,0.0,0
2026-08-01T22:22:41.161,391903,1,ON,1,84,1,0,2369397,106,207.5471649169922,1
2026-08-01T22:22:41.161,391885,2,OFF,0,81,1,0,2369328,106,207.5471649169922,1
2026-08-01T22:22:41.321,392002,2,ON,1,82,1,0,2369770,106,207.5471649169922,1
2026-08-01T22:22:41.625,392342,3,ON,1,82,2,1,2371057,60,621.6666870117188,1
2026-08-01T22:22:41.625,392402,4,ON,1,82,2,1,2371285,60,621.6666870117188,1
2026-08-01T22:22:41.943,392661,6,ON,1,82,2,1,2372266,54,1018.5184936523438,1
2026-08-01T22:22:45.374,396162,1,OFF,0,85,1,0,2385518,106,0.0,0
2026-08-01T22:22:45.532,396307,1,ON,1,86,1,0,2386066,123,178.86178588867188,1
2026-08-01T22:22:45.532,396286,2,OFF,0,83,1,0,2385986,123,178.86178588867188,1
2026-08-01T22:22:45.691,396424,2,ON,1,84,1,0,2386508,123,178.86178588867188,1
2026-08-01T22:22:46.008,396799,3,ON,1,84,2,1,2387929,60,0.0,0
2026-08-01T22:22:46.152,396864,4,ON,1,84,2,1,2388175,66,565.1514892578125,1
2026-08-01T22:22:46.311,397101,6,OFF,0,83,1,0,2389072,54,1018.5184936523438,1
2026-08-01T22:22:46.469,397138,6,ON,1,84,1,0,2389212,54,1018.5184936523438,1
2026-08-01T22:22:59.302,410042,1,OFF,0,87,1,0,2401632,123,0.0,0
2026-08-01T22:22:59.461,410180,1,ON,1,88,1,0,2402155,113,194.6902618408203,1
2026-08-01T22:22:59.461,410156,2,OFF,0,85,1,0,2402063,113,194.6902618408203,1
2026-08-01T22:22:59.605,410291,2,ON,1,86,1,0,2402574,113,194.6902618408203,1
2026-08-01T22:22:59.925,410673,3,ON,1,86,2,1,2404021,69,540.5797119140625,1
2026-08-01T22:22:59.925,410688,4,OFF,0,85,1,0,2404078,69,540.5797119140625,1
2026-08-01T22:23:00.084,410741,4,ON,1,86,1,0,2404277,69,540.5797119140625,1
2026-08-01T22:23:00.244,411034,6,ON,1,86,2,1,2405386,54,1018.5184936523438,1
2026-08-01T22:23:01.950,412734,1,OFF,0,89,1,0,2411821,113,0.0,0
2026-08-01T22:23:02.109,412868,1,ON,1,90,1,0,2412328,114,192.98245239257812,1
2026-08-01T22:23:02.109,412849,2,OFF,0,87,1,0,2412257,114,192.98245239257812,1
2026-08-01T22:23:02.269,412972,2,ON,1,88,1,0,2412722,114,192.98245239257812,1
2026-08-01T22:23:02.588,413350,3,ON,1,88,2,1,2414154,68,548.5294189453125,1
2026-08-01T22:23:02.588,413364,4,OFF,0,87,1,0,2414207,68,548.5294189453125,1
2026-08-01T22:23:02.732,413417,4,ON,1,88,1,0,2414406,68,548.5294189453125,1
2026-08-01T22:23:02.891,413660,6,OFF,0,87,1,0,2415326,54,1018.5184936523438,1
2026-08-01T22:23:03.035,413696,6,ON,1,88,1,0,2415463,54,1018.5184936523438,1
2026-08-01T22:23:13.374,424122,1,OFF,0,91,1,0,2419103,114,0.0,0
2026-08-01T22:23:13.534,424242,1,ON,1,92,1,0,2419556,103,213.5922393798828,1
2026-08-01T22:23:13.534,424226,2,OFF,0,89,1,0,2419497,103,213.5922393798828,1
2026-08-01T22:23:13.694,424345,2,ON,1,90,1,0,2419946,103,213.5922393798828,1
2026-08-01T22:23:13.853,424639,3,OFF,0,89,1,0,2421060,68,0.0,0
2026-08-01T22:23:13.996,424687,3,ON,1,90,1,0,2421241,61,611.4754028320312,1
2026-08-01T22:23:13.996,424748,4,ON,1,90,2,1,2421471,61,611.4754028320312,1
2026-08-01T22:23:14.317,425007,6,ON,1,90,2,1,2422452,54,1018.5184936523438,1
2026-08-01T22:23:15.255,426054,1,ON,1,94,2,1,2426414,105,209.5238037109375,1
2026-08-01T22:23:15.255,426037,2,OFF,0,91,1,0,2426351,105,209.5238037109375,1
2026-08-01T22:23:15.413,426159,2,ON,1,92,1,0,2426813,105,209.5238037109375,1
2026-08-01T22:23:15.715,426497,3,ON,1,92,2,1,2428091,61,611.4754028320312,1
2026-08-01T22:23:15.715,426511,4,OFF,0,91,1,0,2428144,61,611.4754028320312,1
2026-08-01T22:23:15.874,426558,4,ON,1,92,1,0,2428323,61,611.4754028320312,1
2026-08-01T22:23:16.033,426816,6,ON,1,92,2,1,2429299,54,1018.5184936523438,1
2026-08-01T22:23:20.584,431346,1,OFF,0,95,1,0,2446445,105,0.0,0
2026-08-01T22:23:20.744,431477,1,ON,1,96,1,0,2446941,113,194.6902618408203,1
2026-08-01T22:23:20.744,431460,2,OFF,0,93,1,0,2446878,113,194.6902618408203,1
2026-08-01T22:23:20.888,431583,2,ON,1,94,1,0,2447342,113,194.6902618408203,1
2026-08-01T22:23:21.208,431943,3,ON,1,94,2,1,2448706,66,565.1514892578125,1
2026-08-01T22:23:21.208,432007,4,ON,1,94,2,1,2448947,66,565.1514892578125,1
2026-08-01T22:23:21.526,432202,5,ON,1,26,2,1,2449685,63,873.015869140625,1
2026-08-01T22:23:21.526,432276,6,ON,1,94,2,1,2449966,63,873.015869140625,1
2026-08-01T22:23:23.580,434295,1,OFF,0,97,1,0,2457609,113,0.0,0
2026-08-01T22:23:23.740,434426,1,ON,1,98,1,0,2458104,111,198.1981964111328,1
2026-08-01T22:23:23.740,434535,2,ON,1,96,2,1,2458516,111,198.1981964111328,1
2026-08-01T22:23:24.203,434898,3,ON,1,96,2,1,2459890,66,565.1514892578125,1
2026-08-01T22:23:24.203,434963,4,ON,1,96,2,1,2460136,66,565.1514892578125,1
2026-08-01T22:23:24.523,435232,6,ON,1,96,2,1,2461154,63,873.015869140625,1
2026-08-01T22:23:37.187,447916,1,OFF,0,99,1,0,2468484,111,0.0,0
2026-08-01T22:23:37.344,448050,1,ON,1,100,1,0,2468991,114,192.98245239257812,1
2026-08-01T22:23:37.344,448031,2,OFF,0,97,1,0,2468918,114,192.98245239257812,1
2026-08-01T22:23:37.503,448159,2,ON,1,98,1,0,2469402,114,192.98245239257812,1
2026-08-01T22:23:37.821,448540,3,ON,1,98,2,1,2470844,69,540.5797119140625,1
2026-08-01T22:23:37.821,448608,4,ON,1,98,2,1,2471103,69,540.5797119140625,1
2026-08-01T22:23:38.123,448887,6,ON,1,98,2,1,2472159,63,873.015869140625,1
2026-08-01T22:23:40.629,451382,1,ON,1,102,2,1,2481603,70,314.28570556640625,1
2026-08-01T22:23:40.629,451362,2,OFF,0,99,1,0,2481526,70,314.28570556640625,1
2026-08-01T22:23:40.789,451488,2,ON,1,100,1,0,2482003,70,314.28570556640625,1
2026-08-01T22:23:41.092,451821,3,ON,1,100,2,1,2483264,59,632.203369140625,1
2026-08-01T22:23:41.092,451880,4,ON,1,100,2,1,2483488,59,632.203369140625,1
2026-08-01T22:23:41.410,452136,6,ON,1,100,2,1,2484457,63,873.015869140625,1
2026-08-01T22:24:40.857,511586,1,OFF,0,103,1,0,2597690,70,0.0,0
2026-08-01T22:24:41.017,511722,1,ON,1,104,1,0,2598206,117,188.03419494628906,1
2026-08-01T22:24:41.017,511704,2,OFF,1,101,1,0,2598138,117,188.03419494628906,1
2026-08-01T22:24:41.176,511833,2,ON,1,102,1,0,2598626,117,188.03419494628906,1
2026-08-01T22:24:41.495,512206,3,ON,1,102,2,1,2600037,68,548.5294189453125,1
2026-08-01T22:24:41.495,512273,4,ON,1,102,2,1,2600290,68,548.5294189453125,1
2026-08-01T22:24:41.798,512547,6,ON,1,102,2,1,2601327,63,873.015869140625,1
2026-08-01T22:24:42.422,513226,1,OFF,0,105,1,0,2603898,117,0.0,0
2026-08-01T22:24:42.581,513373,1,ON,1,106,1,0,2604453,123,178.86178588867188,1
2026-08-01T22:24:42.581,513350,2,OFF,0,103,1,0,2604366,123,178.86178588867188,1
2026-08-01T22:24:42.741,513500,2,ON,1,104,1,0,2604934,123,178.86178588867188,1
2026-08-01T22:24:43.215,513960,3,ON,1,104,2,1,2606675,78,478.20513916015625,1
2026-08-01T22:24:43.215,513977,4,OFF,0,103,1,0,2606740,78,478.20513916015625,1
2026-08-01T22:24:43.376,514037,4,ON,1,104,1,0,2606968,78,478.20513916015625,1
2026-08-01T22:24:43.534,514338,6,ON,1,104,2,1,2608106,63,873.015869140625,1
2026-08-01T22:24:43.853,514659,1,OFF,0,107,1,0,2609321,123,0.0,0
2026-08-01T22:24:43.997,514798,1,ON,1,108,1,0,2609847,115,191.30435180664062,1
2026-08-01T22:24:43.997,514775,2,OFF,0,105,1,0,2609760,115,191.30435180664062,1
2026-08-01T22:24:44.157,514906,2,ON,1,106,1,0,2610257,115,191.30435180664062,1
2026-08-01T22:24:44.477,515293,3,ON,1,106,2,1,2611722,78,0.0,0
2026-08-01T22:24:44.637,515362,4,ON,1,106,2,1,2611982,71,525.3521118164062,1
2026-08-01T22:24:44.798,515605,6,OFF,0,105,1,0,2612903,63,873.015869140625,1
2026-08-01T22:24:44.955,515642,6,ON,1,106,1,0,2613043,63,873.015869140625,1
2026-08-01T22:24:57.808,528570,1,OFF,0,109,1,0,2613580,115,0.0,0
2026-08-01T22:24:57.951,528695,1,ON,1,110,1,0,2614052,108,203.70370483398438,1
2026-08-01T22:24:57.951,528679,2,OFF,0,107,1,0,2613993,108,203.70370483398438,1
2026-08-01T22:24:58.111,528800,2,ON,1,108,1,0,2614449,108,203.70370483398438,1
2026-08-01T22:24:58.432,529154,3,ON,1,108,2,1,2615789,63,592.0634765625,1
2026-08-01T22:24:58.432,529217,4,ON,1,108,2,1,2616028,63,592.0634765625,1
2026-08-01T22:24:58.736,529479,6,ON,1,108,2,1,2617019,63,873.015869140625,1
2026-08-01T22:24:59.358,530160,1,OFF,0,111,1,0,2619597,108,0.0,0
2026-08-01T22:24:59.518,530310,1,ON,1,112,1,0,2620164,126,174.60317993164062,1
2026-08-01T22:24:59.518,530287,2,OFF,0,109,1,0,2620077,126,174.60317993164062,1
2026-08-01T22:24:59.678,530424,2,ON,1,110,1,0,2620595,126,174.60317993164062,1
2026-08-01T22:24:59.982,530755,3,OFF,0,109,1,0,2621849,63,0.0,0
2026-08-01T22:25:00.142,530811,3,ON,1,110,1,0,2622061,69,540.5797119140625,1
2026-08-01T22:25:00.142,530877,4,ON,1,110,2,1,2622310,69,540.5797119140625,1
2026-08-01T22:25:00.301,531114,6,OFF,0,109,1,0,2623207,63,873.015869140625,1
2026-08-01T22:25:00.446,531150,6,ON,1,110,1,0,2623344,63,873.015869140625,1
2026-08-01T22:25:00.924,531716,1,ON,1,114,2,1,2625485,68,323.5294189453125,1
2026-08-01T22:25:00.924,531697,2,OFF,0,111,1,0,2625413,68,323.5294189453125,1
2026-08-01T22:25:01.082,531820,2,ON,1,112,1,0,2625880,68,323.5294189453125,1
2026-08-01T22:25:01.402,532154,3,ON,1,112,2,1,2627143,59,632.203369140625,1
2026-08-01T22:25:01.402,532213,4,ON,1,112,2,1,2627367,59,632.203369140625,1
2026-08-01T22:25:01.707,532466,6,ON,1,112,2,1,2628324,63,873.015869140625,1
2026-08-01T22:25:02.331,533102,1,OFF,0,115,1,0,2630732,68,0.0,0
2026-08-01T22:25:02.491,533237,1,ON,1,116,1,0,2631243,114,192.98245239257812,1
2026-08-01T22:25:02.492,533217,2,OFF,0,113,1,0,2631168,114,192.98245239257812,1
2026-08-01T22:25:02.651,533344,2,ON,1,114,1,0,2631648,114,192.98245239257812,1
2026-08-01T22:25:02.953,533766,3,ON,1,114,2,1,2633246,59,0.0,0
2026-08-01T22:25:03.113,533843,4,ON,1,114,2,1,2633536,78,478.20513916015625,1
2026-08-01T22:25:03.431,534146,6,ON,1,114,2,1,2634683,63,873.015869140625,1
2026-08-01T22:25:16.549,547319,4,OFF,0,115,1,0,2634074,78,478.20513916015625,1
2026-08-01T22:25:16.708,547490,4,OFF,0,117,2,1,2634074,78,478.20513916015625,1
2026-08-01T22:25:17.330,548037,4,ON,1,118,1,0,2634074,78,478.20513916015625,1
2026-08-01T22:25:18.114,548809,4,OFF,0,119,1,0,2634074,78,478.20513916015625,1
2026-08-01T22:25:18.272,549018,4,ON,1,120,1,0,2634074,78,478.20513916015625,1
2026-08-01T22:25:21.421,552166,4,OFF,0,121,1,0,2634074,78,478.20513916015625,1
2026-08-01T22:25:21.738,552553,4,ON,1,122,1,0,2634074,78,478.20513916015625,1
2026-08-01T22:25:21.897,552663,4,OFF,0,123,1,0,2634074,78,478.20513916015625,1
2026-08-01T22:25:22.057,552832,4,ON,1,124,1,0,2634074,78,478.20513916015625,1
2026-08-01T22:25:22.201,552908,4,OFF,0,125,1,0,2634074,78,478.20513916015625,1
2026-08-01T22:25:22.681,553371,4,ON,1,126,1,0,2634074,78,478.20513916015625,1
2026-08-01T22:25:22.840,553636,4,OFF,0,127,1,0,2634074,78,478.20513916015625,1
2026-08-01T22:25:23.462,554172,4,ON,1,128,1,0,2634074,78,478.20513916015625,1
2026-08-01T22:25:23.924,554640,4,OFF,0,129,1,0,2634074,78,478.20513916015625,1
2026-08-01T22:25:24.084,554837,4,ON,1,130,1,0,2634074,78,478.20513916015625,1
2026-08-01T22:25:28.011,558795,3,OFF,0,115,1,0,2634074,78,0.0,0
2026-08-01T22:25:28.012,558772,4,OFF,0,131,1,0,2634074,78,0.0,0
2026-08-01T22:25:28.156,558976,4,ON,1,132,1,0,2634074,78,0.0,0
2026-08-01T22:25:28.315,559014,3,ON,1,116,1,0,2634074,78,0.0,0
2026-08-01T22:25:54.305,585083,3,OFF,0,117,1,0,2634074,78,0.0,0
2026-08-01T22:25:54.770,585540,3,ON,1,118,1,0,2634074,78,0.0,0
2026-08-01T22:25:54.929,585636,3,OFF,0,119,1,0,2634074,78,0.0,0
2026-08-01T22:25:55.392,586203,3,ON,1,120,1,0,2634074,581,64.19965362548828,1
2026-08-01T22:25:55.392,586218,4,OFF,0,133,1,0,2634074,581,64.19965362548828,1
2026-08-01T22:25:55.552,586285,3,ON,1,122,2,1,2634074,581,0.0,0
2026-08-01T22:25:55.712,586460,4,OFF,0,135,2,1,2634074,208,179.32691955566406,1
2026-08-01T22:25:55.871,586589,4,ON,1,136,1,0,2634074,208,179.32691955566406,1
2026-08-01T22:25:58.365,589154,3,OFF,0,123,1,0,2634074,208,0.0,0
2026-08-01T22:25:58.365,589062,4,OFF,0,137,1,0,2634074,208,0.0,0
2026-08-01T22:25:58.988,589783,3,ON,1,124,1,0,2634074,208,0.0,0
2026-08-01T22:25:59.307,589984,4,ON,1,138,1,0,2634074,208,0.0,0
2026-08-01T22:25:59.611,590393,4,ON,1,140,2,1,2634074,1180,31.610170364379883,1
2026-08-01T22:25:59.772,590597,3,OFF,0,125,1,0,2634074,1180,0.0,0
2026-08-01T22:25:59.772,590473,4,OFF,0,141,1,0,2634074,1180,0.0,0
2026-08-01T22:25:59.932,590739,3,ON,1,126,1,0,2634074,1180,0.0,0
2026-08-01T22:25:59.932,590762,4,ON,1,142,1,0,2634074,1180,0.0,0
2026-08-01T22:26:00.091,590793,3,OFF,0,127,1,0,2634074,1180,0.0,0
2026-08-01T22:26:00.393,591146,3,ON,1,128,1,0,2634074,273,136.63003540039062,1
2026-08-01T22:26:00.393,591067,4,OFF,0,143,1,0,2634074,273,136.63003540039062,1
2026-08-01T22:26:00.553,591361,4,ON,1,144,1,0,2634074,273,136.63003540039062,1
2026-08-01T22:26:24.371,615192,4,OFF,0,145,1,0,2634074,273,136.63003540039062,1
2026-08-01T22:26:24.530,615304,3,OFF,0,129,1,0,2634074,273,0.0,0
2026-08-01T22:26:24.674,615487,4,ON,1,146,1,0,2634074,273,0.0,0
2026-08-01T22:26:24.833,615593,3,ON,1,130,1,0,2634074,228,163.59649658203125,1
2026-08-01T22:26:24.833,615619,4,ON,1,148,2,1,2634074,228,163.59649658203125,1
2026-08-01T22:26:24.993,615705,4,OFF,0,149,1,0,2634074,228,163.59649658203125,1
2026-08-01T22:26:25.153,615923,3,OFF,0,131,1,0,2634074,1,37300.0,1
2026-08-01T22:26:25.153,615925,4,OFF,0,151,2,1,2634074,1,37300.0,1
2026-08-01T22:26:25.457,616171,4,ON,1,152,1,0,2634074,1,37300.0,1
2026-08-01T22:26:25.616,616382,3,ON,1,132,1,0,2634074,1,37300.0,1
2026-08-01T22:26:25.775,616543,3,OFF,0,133,1,0,2634074,1,0.0,0
2026-08-01T22:26:25.934,616676,4,OFF,0,153,1,0,2634074,132,282.57574462890625,1
2026-08-01T22:26:26.091,616923,4,ON,1,154,1,0,2634074,132,282.57574462890625,1
2026-08-01T22:26:26.236,616946,3,ON,1,134,1,0,2634074,132,282.57574462890625,1
2026-08-01T22:26:42.686,633523,1,OFF,0,117,1,0,2634074,114,0.0,0
2026-08-01T22:26:42.829,633649,1,ON,1,118,1,0,2634074,103,213.5922393798828,1
2026-08-01T22:26:42.829,633627,2,OFF,0,115,1,0,2634074,103,213.5922393798828,1
2026-08-01T22:26:42.989,633755,2,ON,1,116,1,0,2634074,103,213.5922393798828,1
2026-08-01T22:26:43.308,634138,3,ON,1,136,2,1,2634074,132,0.0,0
2026-08-01T22:26:43.469,634208,4,ON,1,156,2,1,2634074,72,518.0555419921875,1
2026-08-01T22:26:43.789,634530,6,ON,1,116,2,1,2634074,63,873.015869140625,1
2026-08-01T22:27:00.402,651223,1,ON,1,120,2,1,2640007,108,203.70370483398438,1
2026-08-01T22:27:00.402,651220,2,OFF,0,117,1,0,2639994,108,203.70370483398438,1
2026-08-01T22:27:00.562,651344,2,ON,1,118,1,0,2640465,108,203.70370483398438,1
2026-08-01T22:27:00.881,651706,3,ON,1,138,2,1,2641835,72,0.0,0
2026-08-01T22:27:01.040,651774,4,ON,1,158,2,1,2642091,67,556.7164306640625,1
2026-08-01T22:27:01.200,652040,6,OFF,0,117,1,0,2640405,63,873.015869140625,1
2026-08-01T22:27:01.358,652079,6,ON,1,118,1,0,2640405,63,873.015869140625,1
2026-08-01T22:27:10.097,660938,1,ON,1,122,2,1,2643673,99,222.22222900390625,1
2026-08-01T22:27:10.097,660918,2,OFF,0,119,1,0,2643597,99,222.22222900390625,1
2026-08-01T22:27:10.257,661039,2,ON,1,120,1,0,2644055,99,222.22222900390625,1
2026-08-01T22:27:10.575,661390,3,ON,1,140,2,1,2645383,64,582.8125,1
2026-08-01T22:27:10.575,661404,4,OFF,0,159,1,0,2645437,64,582.8125,1
2026-08-01T22:27:10.719,661452,4,ON,1,160,1,0,2645619,64,582.8125,1
2026-08-01T22:27:10.877,661633,5,ON,1,28,2,1,2646304,59,932.203369140625,1
2026-08-01T22:27:10.877,661700,6,ON,1,120,2,1,2646556,59,932.203369140625,1
2026-08-01T22:27:11.510,662332,1,OFF,0,123,1,0,2646115,99,0.0,0
2026-08-01T22:27:11.669,662474,1,ON,1,124,1,0,2646115,119,184.8739471435547,1
2026-08-01T22:27:11.669,662452,2,OFF,0,121,1,0,2646115,119,184.8739471435547,1
2026-08-01T22:27:11.826,662581,2,ON,1,122,1,0,2646115,119,184.8739471435547,1
2026-08-01T22:27:12.143,662959,3,ON,1,142,2,1,2646115,68,548.5294189453125,1
2026-08-01T22:27:12.144,662973,4,OFF,0,161,1,0,2646115,68,548.5294189453125,1
2026-08-01T22:27:12.304,663023,4,ON,1,162,1,0,2646115,68,548.5294189453125,1
2026-08-01T22:27:12.465,663210,5,ON,1,30,2,1,2646115,60,916.6666870117188,1
2026-08-01T22:27:12.465,663277,6,ON,1,122,2,1,2646115,60,916.6666870117188,1
2026-08-01T22:27:21.369,672181,1,OFF,0,125,1,0,2654291,119,0.0,0
2026-08-01T22:27:21.529,672285,1,ON,1,126,1,0,2654685,85,258.8235168457031,1
2026-08-01T22:27:21.529,672267,2,OFF,0,123,1,0,2654617,85,258.8235168457031,1
2026-08-01T22:27:21.673,672385,2,ON,1,124,1,0,2655063,85,258.8235168457031,1
2026-08-01T22:27:21.833,672663,3,OFF,0,143,1,0,2656115,68,0.0,0
2026-08-01T22:27:21.993,672709,3,ON,1,144,1,0,2656289,58,643.1034545898438,1
2026-08-01T22:27:21.993,672767,4,ON,1,164,2,1,2656510,58,643.1034545898438,1
2026-08-01T22:27:22.153,672957,5,ON,1,32,2,1,2657228,67,820.8955078125,1
2026-08-01T22:27:22.153,672991,6,OFF,0,123,1,0,2657358,67,820.8955078125,1
2026-08-01T22:27:22.312,673027,6,ON,1,124,1,0,2657494,67,820.8955078125,1
2026-08-01T22:27:22.918,673651,1,OFF,0,127,1,0,2657989,85,0.0,0
2026-08-01T22:27:23.074,673787,1,ON,1,128,1,0,2657463,116,189.65516662597656,1
2026-08-01T22:27:23.074,673893,2,ON,1,126,2,1,2657463,116,189.65516662597656,1
2026-08-01T22:27:23.410,674219,3,OFF,0,145,1,0,2657463,58,0.0,0
2026-08-01T22:27:23.554,674276,3,ON,1,146,1,0,2657463,71,525.3521118164062,1
2026-08-01T22:27:23.554,674346,4,ON,1,166,2,1,2657463,71,525.3521118164062,1
2026-08-01T22:27:23.729,674546,5,ON,1,34,2,1,2657463,67,0.0,0
2026-08-01T22:27:23.888,674617,6,ON,1,126,2,1,2657463,64,859.375,1
2026-08-01T22:27:29.815,680610,1,OFF,0,129,1,0,2664110,116,0.0,0
2026-08-01T22:27:29.976,680727,1,ON,1,130,1,0,2664554,99,222.22222900390625,1
2026-08-01T22:27:29.976,680710,2,OFF,0,127,1,0,2664489,99,222.22222900390625,1
2026-08-01T22:27:30.136,680833,2,ON,1,128,1,0,2664954,99,222.22222900390625,1
2026-08-01T22:27:30.295,681136,3,OFF,0,147,1,0,2666102,71,0.0,0
2026-08-01T22:27:30.454,681186,3,ON,1,148,1,0,2666290,63,592.0634765625,1
2026-08-01T22:27:30.454,681249,4,ON,1,168,2,1,2666528,63,592.0634765625,1
2026-08-01T22:27:30.614,681442,5,ON,1,38,4,3,2667260,64,0.0,0
2026-08-01T22:27:30.774,681511,6,ON,1,128,2,1,2667520,39,1410.2564697265625,1
2026-08-01T22:27:31.395,682195,1,OFF,0,131,1,0,2667888,99,0.0,0
2026-08-01T22:27:31.540,682332,1,ON,1,132,1,0,2667529,116,189.65516662597656,1
2026-08-01T22:27:31.540,682312,2,OFF,0,129,1,0,2667529,116,189.65516662597656,1
2026-08-01T22:27:31.698,682443,2,ON,1,130,1,0,2667529,116,189.65516662597656,1
2026-08-01T22:27:32.020,682812,3,ON,1,150,2,1,2667529,66,565.1514892578125,1
2026-08-01T22:27:32.020,682826,4,OFF,0,169,1,0,2667529,66,565.1514892578125,1
2026-08-01T22:27:32.181,682878,4,ON,1,170,1,0,2667529,66,565.1514892578125,1
2026-08-01T22:27:32.341,683138,6,ON,1,130,2,1,2667529,39,1410.2564697265625,1
2026-08-01T22:28:04.575,715410,1,ON,1,134,2,1,2670544,102,215.686279296875,1
2026-08-01T22:28:04.575,715389,2,OFF,0,131,1,0,2670464,102,215.686279296875,1
2026-08-01T22:28:04.715,715512,2,ON,1,132,1,0,2670930,102,215.686279296875,1
2026-08-01T22:28:05.034,715873,3,ON,1,152,2,1,2672295,66,0.0,0
2026-08-01T22:28:05.194,715939,4,ON,1,172,2,1,2672546,66,565.1514892578125,1
2026-08-01T22:28:05.354,716128,5,ON,1,40,2,1,2673260,48,1145.8333740234375,1
2026-08-01T22:28:05.354,716203,6,ON,1,132,2,1,2673544,48,1145.8333740234375,1
2026-08-01T22:28:10.665,721489,1,ON,1,136,2,1,2675084,106,207.5471649169922,1
2026-08-01T22:28:10.665,721472,2,OFF,0,133,1,0,2675020,106,207.5471649169922,1
2026-08-01T22:28:10.825,721595,2,ON,1,134,1,0,2675486,106,207.5471649169922,1
2026-08-01T22:28:11.129,721943,3,ON,1,154,2,1,2676803,62,601.6129150390625,1
2026-08-01T22:28:11.129,721957,4,OFF,0,173,1,0,2676856,62,601.6129150390625,1
2026-08-01T22:28:11.290,722005,4,ON,1,174,1,0,2677037,62,601.6129150390625,1
2026-08-01T22:28:11.450,722187,5,ON,1,42,2,1,2677725,46,1195.6522216796875,1
2026-08-01T22:28:11.450,722261,6,ON,1,134,2,1,2678005,46,1195.6522216796875,1
2026-08-01T22:28:12.231,722964,1,OFF,0,137,1,0,2680665,118,186.440673828125,1
2026-08-01T22:28:12.231,723083,2,OFF,0,135,1,0,2679563,118,186.440673828125,1
2026-08-01T22:28:12.374,723103,1,ON,1,138,1,0,2679307,118,186.440673828125,1
2026-08-01T22:28:12.374,723206,2,ON,1,136,1,0,2678793,118,186.440673828125,1
2026-08-01T22:28:12.678,723509,3,OFF,0,155,1,0,2678793,62,0.0,0
2026-08-01T22:28:12.837,723561,3,ON,1,156,1,0,2678793,65,573.8461303710938,1
2026-08-01T22:28:12.837,723625,4,ON,1,176,2,1,2678793,65,573.8461303710938,1
2026-08-01T22:28:13.009,723817,5,ON,1,44,2,1,2678793,59,932.203369140625,1
2026-08-01T22:28:13.009,723848,6,OFF,0,135,1,0,2678793,59,932.203369140625,1
2026-08-01T22:28:13.169,723881,6,ON,1,136,1,0,2678793,59,932.203369140625,1
2026-08-01T22:28:18.966,729759,1,OFF,0,139,1,0,2685020,118,0.0,0
2026-08-01T22:28:19.125,729855,1,ON,1,140,1,0,2685383,77,285.71429443359375,1
2026-08-01T22:28:19.125,729971,2,ON,1,138,2,1,2685822,77,285.71429443359375,1
2026-08-01T22:28:19.589,730339,3,ON,1,158,2,1,2687215,65,573.8461303710938,1
2026-08-01T22:28:19.589,730404,4,ON,1,178,2,1,2687461,65,573.8461303710938,1
2026-08-01T22:28:19.894,730667,6,ON,1,138,2,1,2688456,59,932.203369140625,1
2026-08-01T22:28:20.533,731262,1,OFF,0,141,1,0,2690709,113,194.6902618408203,1
2026-08-01T22:28:20.533,731376,2,OFF,0,139,1,0,2691141,113,194.6902618408203,1
2026-08-01T22:28:20.693,731396,1,ON,1,142,1,0,2691217,113,194.6902618408203,1
2026-08-01T22:28:20.693,731512,2,ON,1,140,1,0,2691656,113,194.6902618408203,1
2026-08-01T22:28:21.010,731865,3,OFF,0,159,1,0,2692992,65,0.0,0
2026-08-01T22:28:21.168,731924,3,ON,1,160,1,0,2693214,73,510.9588928222656,1
2026-08-01T22:28:21.168,731994,4,ON,1,180,2,1,2693479,73,510.9588928222656,1
2026-08-01T22:28:21.327,732170,5,OFF,0,45,1,0,2694145,59,0.0,0
2026-08-01T22:28:21.472,732197,5,ON,1,46,1,0,2694248,64,859.375,1
2026-08-01T22:28:21.472,732271,6,ON,1,140,2,1,2694529,64,859.375,1
2026-08-01T22:28:22.109,732865,1,OFF,0,143,1,0,2695471,113,0.0,0
2026-08-01T22:28:22.252,733012,1,ON,1,144,1,0,2694393,123,178.86178588867188,1
2026-08-01T22:28:22.252,732989,2,OFF,0,141,1,0,2694393,123,178.86178588867188,1
2026-08-01T22:28:22.412,733135,2,ON,1,142,1,0,2694393,123,178.86178588867188,1
2026-08-01T22:28:22.733,733573,3,ON,1,162,2,1,2694393,79,472.1518859863281,1
2026-08-01T22:28:22.733,733590,4,OFF,0,181,1,0,2694393,79,472.1518859863281,1
2026-08-01T22:28:22.877,733651,4,ON,1,182,1,0,2694393,79,472.1518859863281,1
2026-08-01T22:28:23.197,733938,6,ON,1,142,2,1,2694393,64,859.375,1
2026-08-01T22:28:31.971,742781,1,OFF,0,145,1,0,2700707,123,0.0,0
2026-08-01T22:28:32.131,742923,1,ON,1,146,1,0,2701244,121,181.81817626953125,1
2026-08-01T22:28:32.131,742903,2,OFF,0,143,1,0,2701170,121,181.81817626953125,1
2026-08-01T22:28:32.290,743043,2,ON,1,144,1,0,2701699,121,181.81817626953125,1
2026-08-01T22:28:32.607,743447,3,ON,1,164,2,1,2703228,72,518.0555419921875,1
2026-08-01T22:28:32.607,743463,4,OFF,0,183,1,0,2703288,72,518.0555419921875,1
2026-08-01T22:28:32.767,743520,4,ON,1,184,1,0,2703505,72,518.0555419921875,1
2026-08-01T22:28:32.911,743769,6,OFF,0,143,1,0,2704446,64,859.375,1
2026-08-01T22:28:33.071,743806,6,ON,1,144,1,0,2704586,64,859.375,1
2026-08-01T22:28:33.695,744546,1,ON,1,148,2,1,2707387,117,188.03419494628906,1
2026-08-01T22:28:33.695,744523,2,OFF,0,145,1,0,2707300,117,188.03419494628906,1
2026-08-01T22:28:33.854,744666,2,ON,1,146,1,0,2707842,117,188.03419494628906,1
2026-08-01T22:28:34.173,745022,3,OFF,0,165,1,0,2709190,72,0.0,0
2026-08-01T22:28:34.316,745083,3,ON,1,166,1,0,2709421,76,490.7894592285156,1
2026-08-01T22:28:34.316,745155,4,ON,1,186,2,1,2709692,76,490.7894592285156,1
2026-08-01T22:28:34.635,745366,5,ON,1,48,2,1,2710491,67,820.8955078125,1
2026-08-01T22:28:34.635,745442,6,ON,1,146,2,1,2710780,67,820.8955078125,1
2026-08-01T22:28:35.097,745938,1,OFF,0,149,1,0,2712656,117,0.0,0
2026-08-01T22:28:35.258,746083,1,ON,1,150,1,0,2713205,126,174.60317993164062,1
2026-08-01T22:28:35.258,746065,2,OFF,0,147,1,0,2713138,126,174.60317993164062,1
2026-08-01T22:28:35.417,746203,2,ON,1,148,1,0,2713659,126,174.60317993164062,1
2026-08-01T22:28:35.721,746571,3,OFF,0,167,1,0,2715052,76,0.0,0
2026-08-01T22:28:35.881,746631,3,ON,1,168,1,0,2715279,78,478.20513916015625,1
2026-08-01T22:28:35.881,746708,4,ON,1,188,2,1,2715572,78,478.20513916015625,1
2026-08-01T22:28:36.041,746897,5,OFF,0,49,1,0,2716286,67,0.0,0
2026-08-01T22:28:36.201,746921,5,ON,1,50,1,0,2716378,62,887.0968017578125,1
2026-08-01T22:28:36.201,746997,6,ON,1,148,2,1,2716666,62,887.0968017578125,1
2026-08-01T22:28:36.823,747562,1,OFF,0,151,1,0,2718803,126,0.0,0
2026-08-01T22:28:36.982,747723,1,ON,1,152,1,0,2719414,136,161.76470947265625,1
2026-08-01T22:28:36.982,747699,2,OFF,0,149,1,0,2719323,136,161.76470947265625,1
2026-08-01T22:28:37.142,747856,2,ON,1,150,1,0,2718867,136,161.76470947265625,1
2026-08-01T22:28:37.446,748252,3,OFF,0,169,1,0,2717711,78,0.0,0
2026-08-01T22:28:37.605,748316,3,ON,1,170,1,0,2717711,79,472.1518859863281,1
2026-08-01T22:28:37.605,748393,4,ON,1,190,2,1,2717711,79,472.1518859863281,1
2026-08-01T22:28:37.923,748711,6,ON,1,150,2,1,2717711,62,887.0968017578125,1
2026-08-01T22:28:54.368,765208,1,ON,1,154,2,1,2717711,78,282.05126953125,1
2026-08-01T22:28:54.368,765209,2,OFF,0,151,1,0,2717711,78,282.05126953125,1
2026-08-01T22:28:54.528,765285,1,OFF,0,155,1,0,2717711,78,0.0,0
2026-08-01T22:28:54.528,765319,2,ON,1,152,1,0,2717711,78,0.0,0
2026-08-01T22:28:54.687,765394,1,ON,1,156,1,0,2717711,78,0.0,0
2026-08-01T22:28:54.830,765674,3,ON,1,172,2,1,2717711,79,0.0,0
2026-08-01T22:28:54.989,765797,4,ON,1,192,2,1,2717711,74,504.0540466308594,1
2026-08-01T22:28:55.307,766114,6,ON,1,152,2,1,2717711,62,887.0968017578125,1
2026-08-01T22:29:15.183,785899,1,OFF,0,157,1,0,2727590,132,166.6666717529297,1
2026-08-01T22:29:15.183,786032,2,OFF,0,153,1,0,2728094,132,166.6666717529297,1
2026-08-01T22:29:15.344,786060,1,ON,1,158,1,0,2728200,132,166.6666717529297,1
2026-08-01T22:29:15.344,786192,2,ON,1,154,1,0,2728699,132,166.6666717529297,1
2026-08-01T22:29:15.806,786628,3,ON,1,174,2,1,2730350,76,490.7894592285156,1
2026-08-01T22:29:15.806,786644,4,OFF,0,193,1,0,2730411,76,490.7894592285156,1
2026-08-01T22:29:15.964,786701,4,ON,1,194,1,0,2730627,76,490.7894592285156,1
2026-08-01T22:29:16.106,786905,5,ON,1,52,2,1,2731399,66,833.3333129882812,1
2026-08-01T22:29:16.106,786950,6,OFF,0,153,1,0,2731568,66,833.3333129882812,1
2026-08-01T22:29:16.280,786987,6,ON,1,154,1,0,2731708,66,833.3333129882812,1
2026-08-01T22:29:23.473,794266,1,OFF,0,159,1,0,2734123,132,0.0,0
2026-08-01T22:29:23.633,794404,1,ON,1,160,1,0,2734645,113,194.6902618408203,1
2026-08-01T22:29:23.633,794380,2,OFF,0,155,1,0,2734554,113,194.6902618408203,1
2026-08-01T22:29:23.793,794520,2,ON,1,156,1,0,2735083,113,194.6902618408203,1
2026-08-01T22:29:24.112,794942,3,ON,1,176,2,1,2736680,81,460.49383544921875,1
2026-08-01T22:29:24.112,794960,4,OFF,0,195,1,0,2736747,81,460.49383544921875,1
2026-08-01T22:29:24.255,795021,4,ON,1,196,1,0,2736979,81,460.49383544921875,1
2026-08-01T22:29:24.558,795373,6,ON,1,156,2,1,2738310,66,833.3333129882812,1
2026-08-01T22:29:25.055,795918,1,ON,1,162,2,1,2740374,110,200.0,1
2026-08-01T22:29:25.055,795895,2,OFF,0,157,1,0,2740287,110,200.0,1
2026-08-01T22:29:25.215,796028,2,ON,1,158,1,0,2740789,110,200.0,1
2026-08-01T22:29:25.519,796364,3,OFF,0,177,1,0,2742062,81,0.0,0
2026-08-01T22:29:25.679,796421,3,ON,1,178,1,0,2742276,72,518.0555419921875,1
2026-08-01T22:29:25.679,796490,4,ON,1,198,2,1,2742538,72,518.0555419921875,1
2026-08-01T22:29:25.839,796685,5,ON,1,54,2,1,2743277,66,0.0,0
2026-08-01T22:29:25.998,796773,6,ON,1,158,2,1,2743610,67,820.8955078125,1
2026-08-01T22:29:26.623,797454,1,OFF,0,163,1,0,2746187,110,0.0,0
2026-08-01T22:29:26.783,797565,1,ON,1,164,1,0,2746607,88,250.0,1
2026-08-01T22:29:26.783,797543,2,OFF,0,159,1,0,2746523,88,250.0,1
2026-08-01T22:29:26.927,797683,2,ON,1,160,1,0,2747053,88,250.0,1
2026-08-01T22:29:27.245,798056,3,ON,1,180,2,1,2748465,66,565.1514892578125,1
2026-08-01T22:29:27.245,798070,4,OFF,0,199,1,0,2748518,66,565.1514892578125,1
2026-08-01T22:29:27.405,798121,4,ON,1,200,1,0,2748711,66,565.1514892578125,1
2026-08-01T22:29:27.565,798424,6,ON,1,160,2,1,2749858,67,820.8955078125,1
2026-08-01T22:29:28.189,798901,1,OFF,1,165,1,0,2751664,130,169.23077392578125,1
2026-08-01T22:29:28.189,799032,2,OFF,0,161,1,0,2752160,130,169.23077392578125,1
2026-08-01T22:29:28.332,799059,1,ON,1,166,1,0,2752263,130,169.23077392578125,1
2026-08-01T22:29:28.332,799192,2,ON,1,162,1,0,2752765,130,169.23077392578125,1
2026-08-01T22:29:28.812,799675,3,ON,1,182,2,1,2754593,66,0.0,0
2026-08-01T22:29:28.956,799760,4,ON,1,202,2,1,2754915,87,428.7356262207031,1
2026-08-01T22:29:29.275,800068,6,ON,1,162,2,1,2756082,67,820.8955078125,1
2026-08-01T22:29:29.738,800601,1,ON,1,168,2,1,2758098,117,188.03419494628906,1
2026-08-01T22:29:29.738,800583,2,OFF,0,163,1,0,2758030,117,188.03419494628906,1
2026-08-01T22:29:29.898,800717,2,ON,1,164,1,0,2758496,117,188.03419494628906,1
2026-08-01T22:29:30.218,801055,3,OFF,0,183,1,0,2756577,87,0.0,0
2026-08-01T22:29:30.378,801111,3,ON,1,184,1,0,2756577,72,518.0555419921875,1
2026-08-01T22:29:30.378,801183,4,ON,1,204,2,1,2756577,72,518.0555419921875,1
2026-08-01T22:29:30.523,801382,5,OFF,0,55,1,0,2756577,67,0.0,0
2026-08-01T22:29:30.683,801400,5,ON,1,56,1,0,2756577,57,964.9122924804688,1
2026-08-01T22:29:30.683,801480,6,ON,1,164,2,1,2756577,57,964.9122924804688,1
2026-08-01T22:29:36.320,807181,1,ON,1,170,2,1,2762018,121,181.81817626953125,1
2026-08-01T22:29:36.320,807164,2,OFF,0,165,1,0,2761952,121,181.81817626953125,1
2026-08-01T22:29:36.479,807300,2,ON,1,166,1,0,2762467,121,181.81817626953125,1
2026-08-01T22:29:36.797,807650,3,OFF,0,185,1,0,2763793,72,0.0,0
2026-08-01T22:29:36.941,807707,3,ON,1,186,1,0,2764007,74,504.0540466308594,1
2026-08-01T22:29:36.941,807781,4,ON,1,206,2,1,2764288,74,504.0540466308594,1
2026-08-01T22:29:37.260,807997,5,ON,1,58,2,1,2765105,61,901.6393432617188,1
2026-08-01T22:29:37.260,808081,6,ON,1,166,2,1,2765424,61,901.6393432617188,1
2026-08-01T22:29:44.627,815415,1,OFF,0,171,1,0,2765916,121,0.0,0
2026-08-01T22:29:44.770,815566,1,ON,1,172,1,0,2766487,125,176.0,1
2026-08-01T22:29:44.770,815541,2,OFF,0,167,1,0,2766392,125,176.0,1
2026-08-01T22:29:44.930,815683,2,ON,1,168,1,0,2766929,125,176.0,1
2026-08-01T22:29:45.250,816070,3,OFF,0,187,1,0,2768393,74,0.0,0
2026-08-01T22:29:45.395,816138,3,ON,1,188,1,0,2768651,85,438.8235168457031,1
2026-08-01T22:29:45.395,816220,4,ON,1,208,2,1,2768962,85,438.8235168457031,1
2026-08-01T22:29:45.554,816420,5,OFF,0,59,1,0,2769719,61,0.0,0
2026-08-01T22:29:45.714,816444,5,ON,1,60,1,0,2769809,71,774.6478881835938,1
2026-08-01T22:29:45.714,816531,6,ON,1,168,2,1,2770139,71,774.6478881835938,1
2026-08-01T22:29:46.176,816970,1,OFF,0,173,1,0,2771799,125,0.0,0
2026-08-01T22:29:46.336,817113,1,ON,1,174,1,0,2772341,120,183.3333282470703,1
2026-08-01T22:29:46.336,817091,2,OFF,0,169,1,0,2772257,120,183.3333282470703,1
2026-08-01T22:29:46.496,817253,2,ON,1,170,1,0,2772870,120,183.3333282470703,1
2026-08-01T22:29:46.975,817840,3,ON,1,190,2,1,2775092,85,0.0,0
2026-08-01T22:29:47.136,817930,4,ON,1,210,2,1,2775434,96,388.5416564941406,1
2026-08-01T22:29:47.455,818249,6,ON,1,170,2,1,2776640,71,774.6478881835938,1
2026-08-01T22:30:06.115,836888,1,OFF,0,175,1,0,2776421,120,0.0,0
2026-08-01T22:30:06.739,837592,1,ON,1,176,1,0,2776421,120,0.0,0
2026-08-01T22:30:07.217,838017,1,OFF,0,177,1,0,2776421,120,0.0,0
2026-08-01T22:30:07.841,838674,1,ON,1,178,1,0,2776421,120,0.0,0
2026-08-01T22:30:24.582,855388,1,OFF,0,179,1,0,2782793,120,0.0,0
2026-08-01T22:30:24.725,855543,1,ON,1,180,1,0,2783378,133,165.4135284423828,1
2026-08-01T22:30:24.725,855522,2,OFF,0,171,1,0,2783300,133,165.4135284423828,1
2026-08-01T22:30:24.884,855674,2,ON,1,172,1,0,2783874,133,165.4135284423828,1
2026-08-01T22:30:25.204,856076,3,OFF,0,191,1,0,2785396,96,0.0,0
2026-08-01T22:30:25.364,856141,3,ON,1,192,1,0,2785642,83,449.3975830078125,1
2026-08-01T22:30:25.364,856223,4,ON,1,212,2,1,2785953,83,449.3975830078125,1
2026-08-01T22:30:25.682,856453,5,ON,1,62,2,1,2786822,62,887.0968017578125,1
2026-08-01T22:30:25.682,856550,6,ON,1,172,2,1,2787190,62,887.0968017578125,1
2026-08-01T22:30:26.146,856959,1,OFF,0,181,1,0,2788739,133,0.0,0
2026-08-01T22:30:26.306,857106,1,ON,1,182,1,0,2789294,123,178.86178588867188,1
2026-08-01T22:30:26.306,857083,2,OFF,0,173,1,0,2789207,123,178.86178588867188,1
2026-08-01T22:30:26.466,857234,2,ON,1,174,1,0,2789779,123,178.86178588867188,1
2026-08-01T22:30:26.785,857618,3,OFF,0,193,1,0,2791232,83,0.0,0
2026-08-01T22:30:26.930,857680,3,ON,1,194,1,0,2791468,77,484.41558837890625,1
2026-08-01T22:30:26.930,857756,4,ON,1,214,2,1,2791755,77,484.41558837890625,1
2026-08-01T22:30:27.249,857984,5,ON,1,64,2,1,2792618,65,846.1538696289062,1
2026-08-01T22:30:27.249,858084,6,ON,1,174,2,1,2792997,65,846.1538696289062,1
2026-08-01T22:30:27.711,858479,1,OFF,0,183,1,0,2792240,123,0.0,0
2026-08-01T22:30:27.853,858624,1,ON,1,184,1,0,2791908,123,178.86178588867188,1
2026-08-01T22:30:27.853,858603,2,OFF,0,175,1,0,2791908,123,178.86178588867188,1
2026-08-01T22:30:28.012,858739,2,ON,1,176,1,0,2791908,123,178.86178588867188,1
2026-08-01T22:30:28.330,859138,3,ON,1,196,2,1,2791908,72,518.0555419921875,1
2026-08-01T22:30:28.330,859209,4,ON,1,216,2,1,2791908,72,518.0555419921875,1
2026-08-01T22:30:28.648,859510,6,ON,1,176,2,1,2791908,65,846.1538696289062,1
2026-08-01T22:30:34.428,865228,1,OFF,0,185,1,0,2798666,123,0.0,0
2026-08-01T22:30:34.587,865414,1,ON,1,186,1,0,2799370,166,132.53012084960938,1
2026-08-01T22:30:34.587,865395,2,OFF,0,177,1,0,2799298,166,132.53012084960938,1
2026-08-01T22:30:34.748,865531,2,ON,1,178,1,0,2799812,166,132.53012084960938,1
2026-08-01T22:30:35.052,865881,3,OFF,0,197,1,0,2801136,72,0.0,0
2026-08-01T22:30:35.211,865938,3,ON,1,198,1,0,2801353,73,510.9588928222656,1
2026-08-01T22:30:35.211,866010,4,ON,1,218,2,1,2801624,73,510.9588928222656,1
2026-08-01T22:30:35.515,866299,6,ON,1,178,2,1,2802718,65,846.1538696289062,1
2026-08-01T22:30:38.181,868924,1,OFF,1,187,1,0,2802908,117,188.03419494628906,1
2026-08-01T22:30:38.181,869042,2,OFF,0,179,1,0,2803354,117,188.03419494628906,1
2026-08-01T22:30:38.341,869063,1,ON,1,188,1,0,2803433,117,188.03419494628906,1
2026-08-01T22:30:38.341,869187,2,ON,1,180,1,0,2803902,117,188.03419494628906,1
2026-08-01T22:30:38.804,869674,3,ON,1,200,2,1,2805745,73,0.0,0
2026-08-01T22:30:38.964,869755,4,ON,1,220,2,1,2806050,86,433.7209167480469,1
2026-08-01T22:30:39.123,869991,5,ON,1,66,2,1,2806944,65,0.0,0
2026-08-01T22:30:39.266,870073,6,ON,1,180,2,1,2807255,64,859.375,1
2026-08-01T22:30:39.762,870553,1,OFF,0,189,1,0,2809071,117,0.0,0
2026-08-01T22:30:39.921,870722,1,ON,1,190,1,0,2807794,141,156.0283660888672,1
2026-08-01T22:30:39.921,870695,2,OFF,0,181,1,0,2808167,141,156.0283660888672,1
2026-08-01T22:30:40.081,870845,2,ON,1,182,1,0,2807199,141,156.0283660888672,1
2026-08-01T22:30:40.385,871226,3,OFF,0,201,1,0,2807199,86,0.0,0
2026-08-01T22:30:40.545,871290,3,ON,1,202,1,0,2807199,81,460.49383544921875,1
2026-08-01T22:30:40.545,871369,4,ON,1,222,2,1,2807199,81,460.49383544921875,1
2026-08-01T22:30:40.849,871677,6,ON,1,182,2,1,2807199,64,859.375,1
2026-08-01T22:30:47.277,878130,1,OFF,0,191,1,0,2813082,141,0.0,0
2026-08-01T22:30:47.437,878254,1,ON,1,192,1,0,2813552,120,183.3333282470703,1
2026-08-01T22:30:47.437,878251,2,OFF,0,183,1,0,2813540,120,183.3333282470703,1
2026-08-01T22:30:47.595,878397,2,ON,1,184,1,0,2814092,120,183.3333282470703,1
2026-08-01T22:30:47.916,878779,3,OFF,0,203,1,0,2815539,81,0.0,0
2026-08-01T22:30:48.075,878841,3,ON,1,204,1,0,2815772,82,454.8780517578125,1
2026-08-01T22:30:48.075,878921,4,ON,1,224,2,1,2816075,82,454.8780517578125,1
2026-08-01T22:30:48.395,879162,5,ON,1,68,2,1,2816987,60,916.6666870117188,1
2026-08-01T22:30:48.395,879247,6,ON,1,184,2,1,2817309,60,916.6666870117188,1
2026-08-01T22:30:49.014,879777,1,OFF,0,193,1,0,2819315,120,0.0,0
2026-08-01T22:30:49.174,879928,1,ON,1,194,1,0,2819887,126,174.60317993164062,1
2026-08-01T22:30:49.174,880055,2,ON,1,186,2,1,2820367,126,174.60317993164062,1
2026-08-01T22:30:49.637,880481,3,OFF,0,205,1,0,2821981,82,0.0,0
2026-08-01T22:30:49.796,880552,3,ON,1,206,1,0,2822249,89,419.10113525390625,1
2026-08-01T22:30:49.796,880639,4,ON,1,226,2,1,2822579,89,419.10113525390625,1
2026-08-01T22:30:50.100,880979,6,ON,1,186,2,1,2823866,60,916.6666870117188,1
2026-08-01T22:30:51.520,882276,1,OFF,0,195,1,0,2828774,126,0.0,0
2026-08-01T22:30:51.663,882498,1,ON,1,196,1,0,2829615,195,112.82051086425781,1
2026-08-01T22:30:51.664,882472,2,OFF,0,187,1,0,2829516,195,112.82051086425781,1
2026-08-01T22:30:51.822,882654,2,ON,1,188,1,0,2830206,195,112.82051086425781,1
2026-08-01T22:30:52.604,883460,3,ON,1,208,2,1,2833257,89,0.0,0
2026-08-01T22:30:52.764,883591,4,ON,1,228,2,1,2833753,144,259.02777099609375,1
2026-08-01T22:30:53.068,883951,6,OFF,0,187,1,0,2835114,60,916.6666870117188,1
2026-08-01T22:30:53.227,884003,6,ON,1,188,1,0,2835311,60,916.6666870117188,1
2026-08-01T22:30:53.545,884315,1,OFF,0,197,1,0,2836492,195,0.0,0
2026-08-01T22:30:53.705,884498,1,ON,1,198,1,0,2837186,156,141.025634765625,1
2026-08-01T22:30:53.705,884472,2,OFF,0,189,1,0,2837086,156,141.025634765625,1
2026-08-01T22:30:53.850,884622,2,ON,1,190,1,0,2837654,156,141.025634765625,1
2026-08-01T22:30:54.169,885016,3,OFF,0,209,1,0,2839146,144,0.0,0
2026-08-01T22:30:54.329,885084,3,ON,1,210,1,0,2839404,86,433.7209167480469,1
2026-08-01T22:30:54.329,885167,4,ON,1,230,2,1,2839717,86,433.7209167480469,1
2026-08-01T22:30:54.633,885393,5,ON,1,70,2,1,2840573,72,763.888916015625,1
2026-08-01T22:30:54.633,885492,6,ON,1,190,2,1,2840947,72,763.888916015625,1
2026-08-01T22:31:05.261,896145,3,OFF,0,211,1,0,2881271,86,0.0,0
2026-08-01T22:31:05.419,896283,3,ON,1,212,1,0,2881794,86,0.0,0
2026-08-01T22:31:05.579,896417,4,ON,1,232,2,1,2882300,169,220.71005249023438,1
2026-08-01T22:31:05.882,896685,5,ON,1,72,2,1,2883315,76,723.6842041015625,1
2026-08-01T22:31:05.882,896731,6,OFF,0,191,1,0,2883489,76,723.6842041015625,1
2026-08-01T22:31:06.042,896773,6,ON,1,192,1,0,2883648,76,723.6842041015625,1
2026-08-01T22:31:15.585,906400,3,OFF,0,213,1,0,2920087,169,0.0,0
2026-08-01T22:31:15.744,906529,3,ON,1,214,1,0,2920576,158,236.07594299316406,1
2026-08-01T22:31:15.744,906559,4,OFF,0,233,1,0,2920689,158,236.07594299316406,1
2026-08-01T22:31:15.902,906663,4,ON,1,234,1,0,2921084,158,236.07594299316406,1
2026-08-01T22:31:16.222,907049,6,ON,1,194,2,1,2922545,76,723.6842041015625,1
2026-08-01T22:31:18.405,909211,3,OFF,0,215,1,0,2930727,158,0.0,0
2026-08-01T22:31:18.565,909301,3,ON,1,216,1,0,2931068,113,330.0885009765625,1
2026-08-01T22:31:18.565,909404,4,ON,1,236,2,1,2931459,113,330.0885009765625,1
2026-08-01T22:31:18.867,909719,6,OFF,0,195,1,0,2932650,76,723.6842041015625,1
2026-08-01T22:31:19.028,909763,6,ON,1,196,1,0,2932818,76,723.6842041015625,1
2026-08-01T22:31:22.626,913488,1,OFF,0,199,1,0,2946917,156,0.0,0
2026-08-01T22:31:22.930,913800,1,OFF,0,201,2,1,2948098,253,0.0,0
2026-08-01T22:31:22.930,913742,2,OFF,0,191,1,0,2947879,253,0.0,0
2026-08-01T22:31:23.554,914411,1,ON,1,202,1,0,2950410,253,0.0,0
2026-08-01T22:31:23.713,914473,2,ON,1,192,1,0,2950646,253,0.0,0
2026-08-01T22:31:23.873,914687,3,ON,1,218,2,1,2951456,50,746.0,1
2026-08-01T22:31:23.873,914739,4,ON,1,238,2,1,2951653,50,746.0,1
2026-08-01T22:31:24.192,914985,6,ON,1,198,2,1,2952584,76,723.6842041015625,1
2026-08-01T22:31:25.771,916565,1,OFF,0,203,1,0,2958563,253,0.0,0
2026-08-01T22:31:25.915,916787,2,OFF,0,193,1,0,2959405,221,99.5475082397461,1
2026-08-01T22:31:26.393,917269,1,ON,1,204,1,0,2961228,221,99.5475082397461,1
2026-08-01T22:31:26.552,917336,2,ON,1,194,1,0,2961483,221,99.5475082397461,1
2026-08-01T22:31:26.695,917546,3,ON,1,220,2,1,2962278,51,731.37255859375,1
2026-08-01T22:31:26.695,917557,4,OFF,0,239,1,0,2962318,51,731.37255859375,1
2026-08-01T22:31:26.855,917598,4,ON,1,240,1,0,2962474,51,731.37255859375,1
2026-08-01T22:31:27.014,917770,5,ON,1,74,2,1,2963125,57,964.9122924804688,1
2026-08-01T22:31:27.014,917837,6,ON,1,200,2,1,2963378,57,964.9122924804688,1
2026-08-01T22:31:28.417,919263,2,OFF,0,195,1,0,2968777,221,99.5475082397461,1
2026-08-01T22:31:28.576,919346,1,ON,1,206,2,1,2969091,221,0.0,0
2026-08-01T22:31:28.736,919572,1,OFF,0,207,1,0,2969945,221,0.0,0
2026-08-01T22:31:29.216,920045,1,ON,1,208,1,0,2971737,221,0.0,0
2026-08-01T22:31:29.216,920071,2,ON,1,196,1,0,2971834,221,0.0,0
2026-08-01T22:31:29.376,920262,3,OFF,0,221,1,0,2972557,51,0.0,0
2026-08-01T22:31:29.536,920301,3,ON,1,222,1,0,2972706,49,761.2244873046875,1
2026-08-01T22:31:29.536,920351,4,ON,1,242,2,1,2972894,49,761.2244873046875,1
2026-08-01T22:31:29.680,920558,6,OFF,0,201,1,0,2973678,57,964.9122924804688,1
2026-08-01T22:31:29.839,920593,6,ON,1,202,1,0,2973810,57,964.9122924804688,1
2026-08-01T22:31:49.742,940561,1,OFF,0,209,1,0,3049392,6,3666.666748046875,1
2026-08-01T22:31:49.742,940568,2,OFF,0,197,1,0,3049419,6,3666.666748046875,1
2026-08-01T22:31:49.902,940745,1,ON,1,210,1,0,3050089,6,3666.666748046875,1
2026-08-01T22:31:50.060,940854,1,OFF,0,211,1,0,3050501,6,0.0,0
2026-08-01T22:31:50.380,941232,1,ON,1,212,1,0,3051933,6,0.0,0
2026-08-01T22:31:50.524,941276,2,ON,1,198,1,0,3052098,6,0.0,0
2026-08-01T22:31:50.682,941452,3,ON,1,224,2,1,3052765,37,1008.1080932617188,1
2026-08-01T22:31:50.682,941491,4,ON,1,244,2,1,3052912,37,1008.1080932617188,1
2026-08-01T22:31:50.826,941683,6,ON,1,204,2,1,3053640,57,964.9122924804688,1
2026-08-01T22:31:52.089,942922,1,OFF,0,213,1,0,3058330,6,0.0,0
2026-08-01T22:31:52.249,943121,2,OFF,0,199,1,0,3059082,198,111.11111450195312,1
2026-08-01T22:31:52.713,943600,1,ON,1,214,1,0,3060895,198,111.11111450195312,1
2026-08-01T22:31:52.873,943648,2,ON,1,200,1,0,3061078,198,111.11111450195312,1
2026-08-01T22:31:53.033,943906,3,ON,1,226,2,1,3062053,56,666.0714111328125,1
2026-08-01T22:31:53.033,943918,4,OFF,0,245,1,0,3062100,56,666.0714111328125,1
2026-08-01T22:31:53.178,943963,4,ON,1,246,1,0,3062269,56,666.0714111328125,1
2026-08-01T22:31:53.338,944224,6,OFF,0,205,1,0,3063257,57,964.9122924804688,1
2026-08-01T22:31:53.497,944258,6,ON,1,206,1,0,3063387,57,964.9122924804688,1
2026-08-01T22:31:54.743,945580,2,OFF,0,201,1,0,3068391,198,111.11111450195312,1
2026-08-01T22:31:54.903,945770,1,OFF,0,217,3,2,3069110,198,0.0,0
2026-08-01T22:31:55.366,946156,1,ON,1,218,1,0,3070571,198,0.0,0
2026-08-01T22:31:55.366,946182,2,ON,1,202,1,0,3070668,198,0.0,0
2026-08-01T22:31:55.526,946348,3,ON,1,228,2,1,3071298,38,981.5789184570312,1
2026-08-01T22:31:55.526,946389,4,ON,1,248,2,1,3071453,38,981.5789184570312,1
2026-08-01T22:31:55.686,946560,6,OFF,0,207,1,0,3072099,57,964.9122924804688,1
2026-08-01T22:31:55.830,946589,6,ON,1,208,1,0,3072210,57,964.9122924804688,1
2026-08-01T22:31:57.247,948113,1,OFF,0,219,1,0,3077978,2314,0.0,0
2026-08-01T22:31:57.247,948085,2,OFF,0,203,1,0,3077872,2314,0.0,0
2026-08-01T22:31:57.406,948229,1,OFF,0,221,2,1,3078417,2314,0.0,0
2026-08-01T22:31:57.870,948691,1,ON,1,222,1,0,3080165,2314,0.0,0
2026-08-01T22:31:57.870,948693,2,ON,1,204,1,0,3080174,2314,0.0,0
2026-08-01T22:31:58.189,949002,3,ON,1,230,2,1,3081343,62,601.6129150390625,1
2026-08-01T22:31:58.189,949067,4,ON,1,250,2,1,3081589,62,601.6129150390625,1
2026-08-01T22:31:58.494,949341,6,ON,1,210,2,1,3082627,57,964.9122924804688,1
2026-08-01T22:32:00.522,951317,1,OFF,0,223,1,0,3090105,3081,0.0,0
2026-08-01T22:32:00.522,951311,2,OFF,0,205,1,0,3090083,3081,0.0,0
2026-08-01T22:32:00.998,951877,1,ON,1,224,1,0,3092226,3081,0.0,0
2026-08-01T22:32:01.157,951947,2,ON,1,206,1,0,3092491,3081,0.0,0
2026-08-01T22:32:01.318,952181,3,OFF,0,231,1,0,3093376,62,0.0,0
2026-08-01T22:32:01.462,952230,3,ON,1,232,1,0,3093562,64,582.8125,1
2026-08-01T22:32:01.462,952295,4,ON,1,252,2,1,3093807,64,582.8125,1
2026-08-01T22:32:01.621,952492,5,ON,1,76,2,1,3094554,57,0.0,0
2026-08-01T22:32:01.779,952572,6,ON,1,212,2,1,3094856,53,1037.73583984375,1
2026-08-01T22:32:07.111,957948,1,OFF,0,225,1,0,3115205,4,5500.0,1
2026-08-01T22:32:07.111,957953,2,OFF,0,207,1,0,3115224,4,5500.0,1
2026-08-01T22:32:07.270,958152,1,ON,1,226,1,0,3115978,4,5500.0,1
2026-08-01T22:32:07.414,958228,1,OFF,0,227,1,0,3116264,4,0.0,0
2026-08-01T22:32:07.735,958617,1,ON,1,228,1,0,3117738,4,0.0,0
2026-08-01T22:32:08.357,959112,2,ON,1,208,1,0,3119611,4,0.0,0
2026-08-01T22:32:08.516,959392,3,ON,1,234,2,1,3120670,56,666.0714111328125,1
2026-08-01T22:32:08.516,959405,4,OFF,0,253,1,0,3120720,56,666.0714111328125,1
2026-08-01T22:32:08.676,959450,4,ON,1,254,1,0,3120891,56,666.0714111328125,1
2026-08-01T22:32:08.820,959705,6,ON,1,214,2,1,3121855,53,1037.73583984375,1
2026-08-01T22:32:10.402,961282,2,OFF,0,209,1,0,3127824,3053,7.206027030944824,1
2026-08-01T22:32:10.561,961313,1,OFF,0,229,1,0,3127942,3053,0.0,0
2026-08-01T22:32:10.880,961658,1,ON,1,230,1,0,3129248,3053,0.0,0
2026-08-01T22:32:11.183,961949,2,ON,1,210,1,0,3130350,3053,0.0,0
2026-08-01T22:32:11.343,962198,3,OFF,0,235,1,0,3131292,56,0.0,0
2026-08-01T22:32:11.486,962254,3,ON,1,236,1,0,3131503,70,532.8571166992188,1
2026-08-01T22:32:11.486,962324,4,ON,1,256,2,1,3131768,70,532.8571166992188,1
2026-08-01T22:32:11.660,962541,5,ON,1,78,2,1,3132591,53,0.0,0
2026-08-01T22:32:11.805,962612,6,ON,1,216,2,1,3132859,63,873.015869140625,1
2026-08-01T22:32:13.532,964419,2,OFF,0,211,1,0,3139698,3105,7.085346221923828,1
2026-08-01T22:32:13.850,964661,1,ON,1,232,2,1,3140614,3105,0.0,0
2026-08-01T22:32:14.314,965147,1,OFF,0,233,1,0,3142455,3105,0.0,0
2026-08-01T22:32:14.475,965236,1,ON,1,234,1,0,3142792,3105,0.0,0
2026-08-01T22:32:14.618,965421,2,ON,1,212,1,0,3143492,3105,0.0,0
2026-08-01T22:32:14.939,965766,1,OFF,0,235,1,0,3144798,3105,0.0,0
2026-08-01T22:32:15.098,965939,1,ON,1,236,1,0,3145453,3105,0.0,0
2026-08-01T22:32:15.562,966373,3,OFF,0,237,1,0,3147095,70,0.0,0
2026-08-01T22:32:15.721,966480,3,ON,1,238,1,0,3147500,131,284.7328186035156,1
2026-08-01T22:32:15.721,966590,4,ON,1,258,2,1,3147917,131,284.7328186035156,1
2026-08-01T22:32:16.025,966846,5,ON,1,80,2,1,3148886,81,679.0123291015625,1
2026-08-01T22:32:16.025,966895,6,OFF,0,217,1,0,3149070,81,679.0123291015625,1
2026-08-01T22:32:16.185,966943,6,ON,1,218,1,0,3149252,81,679.0123291015625,1
2026-08-01T22:32:18.055,968869,2,OFF,0,213,1,0,3156542,3102,7.092198371887207,1
2026-08-01T22:32:18.214,969021,1,OFF,0,237,1,0,3157118,3102,0.0,0
2026-08-01T22:32:19.941,970733,2,ON,1,214,1,0,3163599,3102,0.0,0
2026-08-01T22:32:20.086,970861,2,OFF,0,215,1,0,3164082,1839,11.96302318572998,1
2026-08-01T22:32:20.246,971027,1,ON,1,238,1,0,3164711,1839,11.96302318572998,1
2026-08-01T22:32:20.246,971011,2,ON,1,216,1,0,3164650,1839,11.96302318572998,1
2026-08-01T22:32:20.406,971223,3,ON,1,240,2,1,3165453,52,717.3076782226562,1
2026-08-01T22:32:20.406,971275,4,ON,1,260,2,1,3165649,52,717.3076782226562,1
2026-08-01T22:32:20.724,971514,6,ON,1,220,2,1,3166555,81,679.0123291015625,1
2026-08-01T22:33:13.591,1024432,2,OFF,0,217,1,0,3366858,1839,11.96302318572998,1
2026-08-01T22:33:13.750,1024572,1,OFF,0,239,1,0,3367388,1839,0.0,0
2026-08-01T22:33:13.911,1024701,2,ON,1,218,1,0,3367875,1839,0.0,0
2026-08-01T22:33:14.070,1024919,1,ON,1,240,1,0,3368700,276,79.71014404296875,1
2026-08-01T22:33:14.070,1024849,2,OFF,0,219,1,0,3368435,276,79.71014404296875,1
2026-08-01T22:33:14.214,1025050,2,ON,1,220,1,0,3369196,276,79.71014404296875,1
2026-08-01T22:33:14.374,1025240,2,OFF,0,221,1,0,3369915,276,79.71014404296875,1
2026-08-01T22:33:14.534,1025294,2,ON,1,222,1,0,3370121,276,79.71014404296875,1
2026-08-01T22:33:14.678,1025529,3,ON,1,242,2,1,3371009,81,460.49383544921875,1
2026-08-01T22:33:14.679,1025547,4,OFF,0,261,1,0,3371077,81,460.49383544921875,1
2026-08-01T22:33:14.838,1025607,4,ON,1,262,1,0,3371305,81,460.49383544921875,1
2026-08-01T22:33:14.999,1025896,6,OFF,0,221,1,0,3372398,81,679.0123291015625,1
2026-08-01T22:33:15.157,1025940,6,ON,1,222,1,0,3372566,81,679.0123291015625,1
2026-08-01T22:33:15.461,1026245,2,OFF,0,223,1,0,3373719,276,79.71014404296875,1
2026-08-01T22:33:15.940,1026808,1,OFF,0,241,1,0,3375850,276,0.0,0
2026-08-01T22:33:16.244,1027030,1,ON,1,242,1,0,3376692,276,0.0,0
2026-08-01T22:33:16.244,1027043,2,ON,1,224,1,0,3376741,276,0.0,0
2026-08-01T22:33:16.402,1027260,2,OFF,0,225,1,0,3377561,451,48.780487060546875,1
2026-08-01T22:33:16.562,1027449,3,ON,1,244,2,1,3378278,90,414.4444580078125,1
2026-08-01T22:33:16.562,1027468,4,OFF,0,263,1,0,3378349,90,414.4444580078125,1
2026-08-01T22:33:16.722,1027538,4,ON,1,264,1,0,3378614,90,414.4444580078125,1
2026-08-01T22:33:16.881,1027726,2,ON,1,226,1,0,3379325,451,48.780487060546875,1
2026-08-01T22:33:17.025,1027930,6,ON,1,224,2,1,3380097,81,679.0123291015625,1
2026-08-01T22:33:17.185,1028000,2,OFF,0,227,1,0,3380362,451,48.780487060546875,1
2026-08-01T22:33:17.345,1028211,2,OFF,0,229,2,1,3381162,451,48.780487060546875,1
2026-08-01T22:33:17.969,1028748,1,OFF,0,243,1,0,3383194,451,0.0,0
2026-08-01T22:33:18.128,1028961,1,ON,1,244,1,0,3384001,451,0.0,0
2026-08-01T22:33:18.432,1029334,1,OFF,0,245,1,0,3385413,451,0.0,0
2026-08-01T22:33:18.432,1029322,2,ON,1,230,1,0,3385366,451,0.0,0
2026-08-01T22:33:18.592,1029430,1,ON,1,246,1,0,3385775,451,0.0,0
2026-08-01T22:33:18.752,1029581,1,OFF,0,247,1,0,3386348,451,0.0,0
2026-08-01T22:33:18.752,1029616,3,ON,1,246,2,1,3386479,70,532.8571166992188,1
2026-08-01T22:33:18.752,1029632,4,OFF,0,265,1,0,3386541,70,532.8571166992188,1
2026-08-01T22:33:18.912,1029687,4,ON,1,266,1,0,3386749,70,532.8571166992188,1
2026-08-01T22:33:19.056,1029841,1,ON,1,248,1,0,3387332,451,0.0,0
2026-08-01T22:33:19.056,1029911,5,ON,1,82,2,1,3387597,49,1122.448974609375,1
2026-08-01T22:33:19.056,1029956,6,OFF,0,225,1,0,3387766,49,1122.448974609375,1
2026-08-01T22:33:19.216,1029999,6,ON,1,226,1,0,3387930,49,1122.448974609375,1
2026-08-01T22:33:27.820,1038648,1,OFF,0,249,1,0,3420668,9045,0.0,0
2026-08-01T22:33:27.820,1038627,2,OFF,0,231,1,0,3420587,9045,0.0,0
2026-08-01T22:33:28.139,1038899,1,ON,1,250,1,0,3421618,9045,0.0,0
2026-08-01T22:33:28.300,1039086,2,ON,1,232,1,0,3422325,9045,0.0,0
2026-08-01T22:33:28.604,1039477,3,ON,1,248,2,1,3423805,96,388.5416564941406,1
2026-08-01T22:33:28.604,1039497,4,OFF,0,267,1,0,3423880,96,388.5416564941406,1
2026-08-01T22:33:28.764,1039569,4,ON,1,268,1,0,3424154,96,388.5416564941406,1
2026-08-01T22:33:29.083,1039942,6,ON,1,228,2,1,3425566,49,1122.448974609375,1
2026-08-01T22:33:30.011,1040923,2,OFF,0,233,1,0,3429279,2274,9.674582481384277,1
2026-08-01T22:33:30.172,1040982,1,OFF,0,251,1,0,3429501,2274,0.0,0
2026-08-01T22:33:30.491,1041334,2,ON,1,234,1,0,3430834,2274,0.0,0
2026-08-01T22:33:30.635,1041434,1,ON,1,252,1,0,3431212,2274,0.0,0
2026-08-01T22:33:30.795,1041681,3,ON,1,250,2,1,3432147,81,460.49383544921875,1
2026-08-01T22:33:30.795,1041699,4,OFF,0,269,1,0,3432215,81,460.49383544921875,1
2026-08-01T22:33:30.954,1041787,1,OFF,0,253,1,0,3432548,2274,0.0,0
2026-08-01T22:33:30.954,1041764,4,ON,1,270,1,0,3432461,81,460.49383544921875,1
2026-08-01T22:33:31.273,1042174,1,ON,1,254,1,0,3434013,2274,0.0,0
2026-08-01T22:33:31.273,1042176,6,ON,1,230,2,1,3434022,49,1122.448974609375,1
2026-08-01T22:33:34.551,1045459,1,OFF,0,255,1,0,3446447,3614,0.0,0
2026-08-01T22:33:34.551,1045402,2,OFF,0,235,1,0,3446232,3614,0.0,0
2026-08-01T22:33:35.015,1045895,2,ON,1,236,1,0,3448099,3614,0.0,0
2026-08-01T22:33:35.174,1046056,1,ON,1,256,1,0,3448707,3614,0.0,0
2026-08-01T22:33:35.335,1046143,1,OFF,0,257,1,0,3449036,3614,0.0,0
2026-08-01T22:33:35.335,1046211,3,ON,1,252,2,1,3449295,66,565.1514892578125,1
2026-08-01T22:33:35.335,1046225,4,OFF,0,271,1,0,3449348,66,565.1514892578125,1
2026-08-01T22:33:35.479,1046277,4,ON,1,272,1,0,3449544,66,565.1514892578125,1
2026-08-01T22:33:35.639,1046523,6,OFF,0,231,1,0,3450476,49,1122.448974609375,1
2026-08-01T22:33:35.797,1046556,1,ON,1,258,1,0,3450600,3614,0.0,0
2026-08-01T22:33:35.797,1046562,6,ON,1,232,1,0,3450622,49,1122.448974609375,1
2026-08-01T22:33:37.052,1047835,2,OFF,0,237,1,0,3455442,1691,13.010053634643555,1
2026-08-01T22:33:37.207,1048003,1,OFF,0,259,1,0,3456078,1691,0.0,0
2026-08-01T22:33:37.367,1048233,1,ON,1,260,1,0,3456947,1691,0.0,0
2026-08-01T22:33:37.512,1048364,2,ON,1,238,1,0,3457443,1691,0.0,0
2026-08-01T22:33:37.670,1048553,3,OFF,0,253,1,0,3458159,66,0.0,0
2026-08-01T22:33:37.830,1048606,3,ON,1,254,1,0,3458359,69,540.5797119140625,1
2026-08-01T22:33:37.830,1048678,4,ON,1,274,2,1,3458633,69,540.5797119140625,1
2026-08-01T22:33:38.132,1048971,6,ON,1,234,2,1,3459742,49,1122.448974609375,1
2026-08-01T22:33:39.541,1050384,2,OFF,0,239,1,0,3465089,2380,9.243697166442871,1
2026-08-01T22:33:40.335,1051172,2,ON,1,240,1,0,3468073,2380,9.243697166442871,1
2026-08-01T22:33:40.638,1051483,3,ON,1,256,2,1,3469249,71,525.3521118164062,1
2026-08-01T22:33:40.638,1051551,4,ON,1,276,2,1,3469507,71,525.3521118164062,1
2026-08-01T22:33:40.957,1051844,6,ON,1,236,2,1,3470616,49,1122.448974609375,1
2026-08-01T22:33:42.521,1053428,2,OFF,0,241,1,0,3476611,2380,9.243697166442871,1
2026-08-01T22:33:42.666,1053447,1,OFF,0,261,1,0,3476683,2380,0.0,0
2026-08-01T22:33:43.145,1053957,1,ON,1,262,1,0,3478614,2380,0.0,0
2026-08-01T22:33:43.145,1053962,2,ON,1,242,1,0,3478633,2380,0.0,0
2026-08-01T22:33:43.466,1054349,3,ON,1,258,2,1,3480097,85,438.8235168457031,1
2026-08-01T22:33:43.466,1054370,4,OFF,0,277,1,0,3480178,85,438.8235168457031,1
2026-08-01T22:33:43.625,1054434,4,ON,1,278,1,0,3480419,85,438.8235168457031,1
2026-08-01T22:33:43.785,1054690,5,ON,1,84,2,1,3481388,49,0.0,0
2026-08-01T22:33:43.945,1054792,6,ON,1,238,2,1,3481774,86,639.534912109375,1
2026-08-01T22:34:00.219,1070987,1,OFF,0,263,1,0,3543076,33,666.6666870117188,1
2026-08-01T22:34:00.219,1071021,2,OFF,0,243,1,0,3543204,33,666.6666870117188,1
2026-08-01T22:34:00.537,1071409,1,ON,1,264,1,0,3544672,33,666.6666870117188,1
2026-08-01T22:34:00.999,1071792,2,ON,1,244,1,0,3546123,33,666.6666870117188,1
2026-08-01T22:34:01.157,1071998,3,ON,1,260,2,1,3546902,43,867.4418334960938,1
2026-08-01T22:34:01.157,1072042,4,ON,1,280,2,1,3547068,43,867.4418334960938,1
2026-08-01T22:34:01.300,1072187,5,ON,1,86,2,1,3547618,86,0.0,0
2026-08-01T22:34:01.475,1072258,6,ON,1,240,2,1,3547887,44,1250.0,1
2026-08-01T22:34:02.094,1072912,2,OFF,0,245,1,0,3550361,33,666.6666870117188,1
2026-08-01T22:34:02.557,1073452,2,ON,1,246,1,0,3552405,33,666.6666870117188,1
2026-08-01T22:34:02.874,1073723,3,ON,1,262,2,1,3553432,57,654.385986328125,1
2026-08-01T22:34:02.874,1073782,4,ON,1,282,2,1,3553654,57,654.385986328125,1
2026-08-01T22:34:03.194,1074043,6,ON,1,242,2,1,3554642,44,1250.0,1
2026-08-01T22:34:03.493,1074333,2,OFF,0,247,1,0,3555741,33,666.6666870117188,1
2026-08-01T22:34:04.594,1075433,1,ON,1,266,2,1,3559904,33,0.0,0
2026-08-01T22:34:04.914,1075823,2,ON,1,248,1,0,3561381,33,0.0,0
2026-08-01T22:34:05.374,1076219,3,ON,1,264,2,1,3562880,73,510.9588928222656,1
2026-08-01T22:34:05.374,1076293,4,ON,1,284,2,1,3563160,73,510.9588928222656,1
2026-08-01T22:34:05.677,1076586,6,ON,1,244,2,1,3564269,44,1250.0,1
2026-08-01T22:34:06.780,1077657,1,OFF,0,267,1,0,3568323,2251,0.0,0
2026-08-01T22:34:06.780,1077627,2,OFF,0,249,1,0,3568208,2251,0.0,0
2026-08-01T22:34:07.244,1078060,1,ON,1,268,1,0,3569847,2251,0.0,0
2026-08-01T22:34:07.244,1078118,2,ON,1,250,1,0,3570068,2251,0.0,0
2026-08-01T22:34:07.403,1078322,3,OFF,0,265,1,0,3570840,73,0.0,0
2026-08-01T22:34:07.563,1078366,3,ON,1,266,1,0,3571006,57,654.385986328125,1
2026-08-01T22:34:07.563,1078425,4,ON,1,286,2,1,3571230,57,654.385986328125,1
2026-08-01T22:34:07.724,1078603,5,ON,1,88,2,1,3571903,44,0.0,0
2026-08-01T22:34:07.883,1078674,6,ON,1,246,2,1,3572171,56,982.1428833007812,1
2026-08-01T22:34:10.243,1081106,1,OFF,0,269,1,0,3581378,3417,0.0,0
2026-08-01T22:34:10.243,1081075,2,OFF,0,251,1,0,3581260,3417,0.0,0
2026-08-01T22:34:10.387,1081181,1,ON,1,270,1,0,3581662,3417,0.0,0
2026-08-01T22:34:10.547,1081322,2,ON,1,252,1,0,3582194,3417,0.0,0
2026-08-01T22:34:11.170,1082045,4,OFF,0,287,1,0,3584931,57,654.385986328125,1
2026-08-01T22:34:11.331,1082103,4,ON,1,288,1,0,3585151,57,654.385986328125,1
2026-08-01T22:34:11.489,1082395,5,OFF,0,89,1,0,3586257,56,0.0,0
2026-08-01T22:34:11.649,1082436,5,ON,1,90,1,0,3586411,91,604.3956298828125,1
2026-08-01T22:34:11.649,1082536,6,ON,1,248,2,1,3586790,91,604.3956298828125,1
2026-08-01T22:34:12.272,1083068,1,OFF,0,271,1,0,3588803,99,222.22222900390625,1
2026-08-01T22:34:12.272,1083168,2,OFF,0,253,1,0,3589183,99,222.22222900390625,1
2026-08-01T22:34:12.731,1083624,2,ON,1,254,1,0,3590909,99,222.22222900390625,1
2026-08-01T22:34:13.048,1083918,1,ON,1,272,1,0,3592022,99,222.22222900390625,1
2026-08-01T22:34:13.671,1084505,3,OFF,0,267,1,0,3594243,57,0.0,0
2026-08-01T22:34:13.831,1084653,3,ON,1,268,1,0,3594804,185,201.6216278076172,1
2026-08-01T22:34:13.831,1084691,4,OFF,0,289,1,0,3594947,185,201.6216278076172,1
2026-08-01T22:34:13.991,1084810,4,ON,1,290,1,0,3595398,185,201.6216278076172,1
2026-08-01T22:34:14.452,1085324,6,ON,1,250,2,1,3597343,91,604.3956298828125,1
2026-08-01T22:34:15.699,1086529,1,OFF,0,273,1,0,3601905,18,1222.22216796875,1
2026-08-01T22:34:15.699,1086548,2,OFF,0,255,1,0,3601976,18,1222.22216796875,1
2026-08-01T22:34:15.859,1086647,1,ON,1,274,1,0,3602350,18,1222.22216796875,1
2026-08-01T22:34:16.019,1086823,2,ON,1,256,1,0,3603017,18,1222.22216796875,1
2026-08-01T22:34:16.324,1087194,3,ON,1,270,2,1,3604422,83,449.3975830078125,1
2026-08-01T22:34:16.324,1087211,4,OFF,0,291,1,0,3604485,83,449.3975830078125,1
2026-08-01T22:34:16.483,1087274,4,ON,1,292,1,0,3604724,83,449.3975830078125,1
2026-08-01T22:34:16.784,1087623,6,ON,1,252,2,1,3606046,91,604.3956298828125,1
2026-08-01T22:34:18.209,1089080,1,OFF,0,275,1,0,3611560,18,0.0,0
2026-08-01T22:34:18.209,1089043,2,OFF,0,257,1,0,3611420,18,0.0,0
2026-08-01T22:34:18.688,1089496,1,ON,1,276,1,0,3613134,18,0.0,0
2026-08-01T22:34:18.688,1089591,2,ON,1,258,1,0,3613495,18,0.0,0
2026-08-01T22:34:19.005,1089888,3,OFF,0,271,1,0,3614618,83,0.0,0
2026-08-01T22:34:19.165,1089956,3,ON,1,272,1,0,3614875,85,438.8235168457031,1
2026-08-01T22:34:19.165,1090037,4,ON,1,294,2,1,3615182,85,438.8235168457031,1
2026-08-01T22:34:19.486,1090270,5,ON,1,92,2,1,3616065,59,932.203369140625,1
2026-08-01T22:34:19.487,1090356,6,ON,1,254,2,1,3616390,59,932.203369140625,1
2026-08-01T22:34:38.309,1109207,1,OFF,0,277,1,0,3687744,21,1047.6190185546875,1
2026-08-01T22:34:38.309,1109229,2,OFF,0,259,1,0,3687828,21,1047.6190185546875,1
2026-08-01T22:34:38.789,1109635,1,ON,1,278,1,0,3689364,21,1047.6190185546875,1
2026-08-01T22:34:38.789,1109656,2,ON,1,260,1,0,3689444,21,1047.6190185546875,1
2026-08-01T22:34:39.398,1110263,3,ON,1,274,2,1,3691741,93,401.07525634765625,1
2026-08-01T22:34:39.398,1110285,4,OFF,0,295,1,0,3691825,93,401.07525634765625,1
2026-08-01T22:34:39.557,1110354,4,ON,1,296,1,0,3692085,93,401.07525634765625,1
2026-08-01T22:34:39.874,1110692,6,ON,1,256,2,1,3693364,59,932.203369140625,1
2026-08-01T22:34:41.313,1112107,2,OFF,0,261,1,0,3698720,21,1047.6190185546875,1
2026-08-01T22:34:41.473,1112282,1,OFF,0,279,1,0,3699384,21,0.0,0
2026-08-01T22:34:41.473,1112360,2,ON,1,262,1,0,3699678,21,0.0,0
2026-08-01T22:34:41.634,1112547,2,OFF,0,263,1,0,3700387,264,83.33333587646484,1
2026-08-01T22:34:41.776,1112696,1,ON,1,280,1,0,3700951,264,83.33333587646484,1
2026-08-01T22:34:41.938,1112719,2,ON,1,264,1,0,3701038,264,83.33333587646484,1
2026-08-01T22:34:42.401,1113261,3,OFF,0,275,1,0,3703089,93,0.0,0
2026-08-01T22:34:42.561,1113353,3,ON,1,276,1,0,3703438,114,327.1929931640625,1
2026-08-01T22:34:42.561,1113459,4,ON,1,298,2,1,3703839,114,327.1929931640625,1
2026-08-01T22:34:42.880,1113793,6,OFF,0,257,1,0,3705102,59,932.203369140625,1
2026-08-01T22:34:43.025,1113844,6,ON,1,258,1,0,3705295,59,932.203369140625,1
2026-08-01T22:34:44.746,1115612,1,OFF,0,281,1,0,3711987,264,0.0,0
2026-08-01T22:34:44.746,1115577,2,OFF,0,265,1,0,3711856,264,0.0,0
2026-08-01T22:34:45.224,1116015,1,ON,1,282,1,0,3713514,264,0.0,0
2026-08-01T22:34:45.224,1116013,2,ON,1,266,1,0,3713505,264,0.0,0
2026-08-01T22:34:45.527,1116413,3,ON,1,278,2,1,3715019,77,484.41558837890625,1
2026-08-01T22:34:45.527,1116429,4,OFF,0,299,1,0,3715081,77,484.41558837890625,1
2026-08-01T22:34:45.688,1116488,4,ON,1,300,1,0,3715303,77,484.41558837890625,1
2026-08-01T22:34:45.847,1116712,5,ON,1,94,2,1,3716151,69,797.1014404296875,1
2026-08-01T22:34:45.847,1116752,6,OFF,0,259,1,0,3716303,69,797.1014404296875,1
2026-08-01T22:34:46.006,1116792,6,ON,1,260,1,0,3716455,69,797.1014404296875,1
2026-08-01T22:34:47.093,1117963,1,OFF,0,283,1,0,3720886,11,2000.0,1
2026-08-01T22:34:47.093,1117975,2,OFF,0,267,1,0,3720933,11,2000.0,1
2026-08-01T22:34:47.716,1118603,1,OFF,0,285,2,1,3723310,11,0.0,0
2026-08-01T22:34:48.178,1119081,2,ON,1,268,1,0,3725118,11,0.0,0
2026-08-01T22:34:48.674,1119570,1,ON,1,286,1,0,3726969,963,22.84527587890625,1
2026-08-01T22:34:48.674,1119567,2,OFF,0,269,1,0,3726959,963,22.84527587890625,1
2026-08-01T22:34:48.834,1119692,1,OFF,0,289,3,2,3727432,963,0.0,0
2026-08-01T22:34:48.993,1119913,2,ON,1,270,1,0,3728267,963,0.0,0
2026-08-01T22:34:49.138,1120038,2,ON,1,272,2,1,3728741,267,82.39700317382812,1
2026-08-01T22:34:49.297,1120223,1,ON,1,290,1,0,3729442,267,82.39700317382812,1
2026-08-01T22:34:49.297,1120138,2,OFF,0,273,1,0,3729120,267,82.39700317382812,1
2026-08-01T22:34:49.297,1120189,3,OFF,0,279,1,0,3729312,77,0.0,0
2026-08-01T22:34:49.457,1120292,2,ON,1,274,1,0,3729703,267,82.39700317382812,1
2026-08-01T22:34:49.457,1120230,3,ON,1,280,1,0,3729467,52,717.3076782226562,1
2026-08-01T22:34:49.457,1120285,4,ON,1,302,2,1,3729675,52,717.3076782226562,1
2026-08-01T22:34:49.617,1120537,6,ON,1,262,2,1,3730629,69,797.1014404296875,1
2026-08-01T22:34:51.178,1122106,1,ON,1,292,2,1,3736568,66,333.3333435058594,1
2026-08-01T22:34:51.178,1122032,2,OFF,0,275,1,0,3736288,66,333.3333435058594,1
2026-08-01T22:34:51.480,1122350,1,OFF,0,293,1,0,3737493,66,0.0,0
2026-08-01T22:34:51.959,1122790,1,ON,1,294,1,0,3739157,66,0.0,0
2026-08-01T22:34:52.422,1123338,1,ON,1,296,2,1,3741232,66,0.0,0
2026-08-01T22:34:52.582,1123508,1,OFF,0,297,1,0,3741876,66,0.0,0
2026-08-01T22:34:52.741,1123653,1,ON,1,298,1,0,3742425,66,0.0,0
2026-08-01T22:34:52.884,1123793,2,ON,1,276,1,0,3742955,66,0.0,0
2026-08-01T22:34:53.524,1124391,3,ON,1,282,2,1,3745217,102,365.686279296875,1
2026-08-01T22:34:53.524,1124412,4,OFF,0,303,1,0,3745298,102,365.686279296875,1
2026-08-01T22:34:53.668,1124488,4,ON,1,304,1,0,3745585,102,365.686279296875,1
2026-08-01T22:34:53.987,1124835,6,ON,1,264,2,1,3746899,69,797.1014404296875,1
2026-08-01T22:34:55.084,1125978,1,OFF,0,299,1,0,3751224,2456,0.0,0
2026-08-01T22:34:55.084,1125965,2,OFF,0,277,1,0,3751175,2456,0.0,0
2026-08-01T22:34:55.564,1126461,2,ON,1,278,1,0,3753053,2456,0.0,0
2026-08-01T22:34:55.723,1126501,1,ON,1,300,1,0,3753205,2456,0.0,0
2026-08-01T22:34:56.028,1126921,3,ON,1,284,2,1,3754795,84,444.047607421875,1
2026-08-01T22:34:56.028,1126939,4,OFF,0,305,1,0,3754863,84,444.047607421875,1
2026-08-01T22:34:56.188,1127056,1,OFF,0,301,1,0,3755306,2456,0.0,0
2026-08-01T22:34:56.188,1127003,4,ON,1,306,1,0,3755104,84,444.047607421875,1
2026-08-01T22:34:56.348,1127241,1,ON,1,302,1,0,3756006,2456,0.0,0
2026-08-01T22:34:56.348,1127230,5,ON,1,96,2,1,3755963,74,743.2432250976562,1
2026-08-01T22:34:56.348,1127275,6,OFF,0,265,1,0,3756135,74,743.2432250976562,1
2026-08-01T22:34:56.507,1127317,6,ON,1,266,1,0,3756293,74,743.2432250976562,1
2026-08-01T22:34:57.753,1128660,1,OFF,0,303,1,0,3761376,2456,0.0,0
2026-08-01T22:34:58.073,1128910,2,OFF,0,279,1,0,3762322,249,88.3534164428711,1
2026-08-01T22:34:58.232,1129056,1,ON,1,304,1,0,3762875,249,88.3534164428711,1
2026-08-01T22:34:58.232,1129045,2,ON,1,280,1,0,3762833,249,88.3534164428711,1
2026-08-01T22:34:58.552,1129430,3,ON,1,286,2,1,3764292,73,510.9588928222656,1
2026-08-01T22:34:58.552,1129446,4,OFF,0,307,1,0,3764351,73,510.9588928222656,1
2026-08-01T22:34:58.712,1129501,4,ON,1,308,1,0,3764559,73,510.9588928222656,1
2026-08-01T22:34:58.856,1129707,5,ON,1,98,2,1,3765339,51,1078.431396484375,1
2026-08-01T22:34:58.856,1129752,6,OFF,1,267,1,0,3765510,51,1078.431396484375,1
2026-08-01T22:34:59.015,1129788,6,ON,1,268,1,0,3765647,51,1078.431396484375,1
2026-08-01T22:35:00.738,1131645,2,OFF,0,281,1,0,3772676,249,88.3534164428711,1
2026-08-01T22:35:01.041,1131900,1,OFF,0,305,1,0,3773641,249,0.0,0
2026-08-01T22:35:01.521,1132398,2,ON,1,282,1,0,3775525,249,0.0,0
2026-08-01T22:35:01.680,1132536,2,OFF,0,283,1,0,3776047,635,34.645668029785156,1
2026-08-01T22:35:02.285,1133095,2,ON,1,284,1,0,3778163,635,34.645668029785156,1
2026-08-01T22:35:02.605,1133469,3,ON,1,288,2,1,3779580,77,484.41558837890625,1
2026-08-01T22:35:02.605,1133486,4,OFF,0,309,1,0,3779643,77,484.41558837890625,1
2026-08-01T22:35:02.765,1133543,4,ON,1,310,1,0,3779859,77,484.41558837890625,1
2026-08-01T22:35:02.925,1133763,5,ON,1,100,2,1,3780693,65,846.1538696289062,1
2026-08-01T22:35:02.925,1133840,6,ON,1,270,2,1,3780983,65,846.1538696289062,1
2026-08-01T22:35:03.242,1134015,1,ON,1,306,1,0,3781646,635,34.645668029785156,1
2026-08-01T22:35:04.646,1135527,1,OFF,0,307,1,0,3787370,635,0.0,0
2026-08-01T22:35:04.805,1135725,1,OFF,0,309,2,1,3788118,635,0.0,0
2026-08-01T22:35:04.805,1135726,2,OFF,0,285,1,0,3788122,635,0.0,0
2026-08-01T22:35:04.949,1135796,2,ON,1,286,1,0,3788388,635,0.0,0
2026-08-01T22:35:05.269,1136104,2,OFF,0,287,1,0,3789554,635,0.0,0
2026-08-01T22:35:05.732,1136600,1,ON,1,310,1,0,3791430,635,0.0,0
2026-08-01T22:35:05.732,1136631,2,ON,1,288,1,0,3791548,635,0.0,0
2026-08-01T22:35:06.052,1136980,3,ON,1,290,2,1,3792869,77,0.0,0
2026-08-01T22:35:06.212,1137055,4,ON,1,312,2,1,3793153,75,497.3333435058594,1
2026-08-01T22:35:06.356,1137270,5,ON,1,102,2,1,3793966,65,0.0,0
2026-08-01T22:35:06.516,1137369,6,ON,1,272,2,1,3794341,69,797.1014404296875,1
2026-08-01T22:35:08.242,1139127,1,OFF,0,311,1,0,3800995,635,0.0,0
2026-08-01T22:35:08.400,1139224,2,OFF,0,289,1,0,3801363,96,229.1666717529297,1
2026-08-01T22:35:08.862,1139687,1,ON,1,312,1,0,3803115,96,229.1666717529297,1
2026-08-01T22:35:08.862,1139738,2,ON,1,290,1,0,3803308,96,229.1666717529297,1
2026-08-01T22:35:09.180,1140065,3,ON,1,292,2,1,3804547,75,497.3333435058594,1
2026-08-01T22:35:09.180,1140081,4,OFF,0,313,1,0,3804606,75,497.3333435058594,1
2026-08-01T22:35:09.324,1140139,4,ON,1,314,1,0,3804827,75,497.3333435058594,1
2026-08-01T22:35:09.483,1140397,6,OFF,0,273,1,0,3805803,69,797.1014404296875,1
2026-08-01T22:35:09.643,1140435,6,ON,1,274,1,0,3805946,69,797.1014404296875,1
2026-08-01T22:35:23.119,1154037,1,OFF,0,313,1,0,3857432,96,0.0,0
2026-08-01T22:35:23.119,1153975,2,OFF,0,291,1,0,3857196,96,0.0,0
2026-08-01T22:35:23.264,1154147,1,OFF,0,315,2,1,3857847,96,0.0,0
2026-08-01T22:35:23.584,1154496,2,ON,1,292,1,0,3859168,96,0.0,0
2026-08-01T22:35:23.743,1154562,1,ON,1,316,1,0,3859418,96,0.0,0
2026-08-01T22:35:23.887,1154781,1,OFF,0,317,1,0,3860248,597,0.0,0
2026-08-01T22:35:23.887,1154745,2,OFF,0,293,1,0,3860112,597,0.0,0
2026-08-01T22:35:23.887,1154783,3,OFF,0,293,1,0,3860255,75,0.0,0
2026-08-01T22:35:24.047,1154837,3,ON,1,294,1,0,3860460,68,548.5294189453125,1
2026-08-01T22:35:24.047,1154903,4,ON,1,316,2,1,3860710,68,548.5294189453125,1
2026-08-01T22:35:24.207,1155102,5,ON,1,106,4,3,3861463,43,1279.06982421875,1
2026-08-01T22:35:24.207,1155138,6,OFF,0,275,1,0,3861598,43,1279.06982421875,1
2026-08-01T22:35:24.366,1155275,1,ON,1,318,1,0,3862118,597,0.0,0
2026-08-01T22:35:24.366,1155174,6,ON,1,276,1,0,3861735,43,1279.06982421875,1
2026-08-01T22:35:24.828,1155749,1,OFF,0,319,1,0,3863912,597,0.0,0
2026-08-01T22:35:25.452,1156354,1,ON,1,320,1,0,3866201,597,0.0,0
2026-08-01T22:35:25.452,1156384,2,ON,1,294,1,0,3866315,597,0.0,0
2026-08-01T22:35:25.613,1156513,3,OFF,0,295,1,0,3866804,68,0.0,0
2026-08-01T22:35:25.772,1156559,3,ON,1,296,1,0,3866978,58,643.1034545898438,1
2026-08-01T22:35:25.773,1156618,4,ON,1,318,2,1,3867200,58,643.1034545898438,1
2026-08-01T22:35:25.917,1156798,5,ON,1,108,2,1,3867882,51,1078.431396484375,1
2026-08-01T22:35:25.917,1156839,6,OFF,0,277,1,0,3868038,51,1078.431396484375,1
2026-08-01T22:35:26.076,1156876,6,ON,1,278,1,0,3868178,51,1078.431396484375,1
2026-08-01T22:35:27.799,1158630,2,OFF,0,295,1,0,3874816,2880,7.638888835906982,1
2026-08-01T22:35:28.421,1159248,1,OFF,0,321,1,0,3877155,2880,0.0,0
2026-08-01T22:35:28.581,1159510,1,ON,1,322,1,0,3878148,2880,0.0,0
2026-08-01T22:35:28.740,1159606,2,ON,1,296,1,0,3878510,2880,0.0,0
2026-08-01T22:35:29.214,1160136,3,ON,1,298,2,1,3880517,58,0.0,0
2026-08-01T22:35:29.374,1160219,4,ON,1,320,2,1,3880832,86,433.7209167480469,1
2026-08-01T22:35:29.694,1160536,6,ON,1,280,2,1,3882031,51,1078.431396484375,1
2026-08-01T22:35:32.189,1163023,3,OFF,0,299,1,0,3891444,86,0.0,0
2026-08-01T22:35:32.348,1163140,3,ON,1,300,1,0,3891887,144,259.02777099609375,1
2026-08-01T22:35:32.348,1163257,4,ON,1,322,2,1,3892331,144,259.02777099609375,1
2026-08-01T22:35:32.653,1163525,5,ON,1,110,2,1,3893344,77,714.2857055664062,1
2026-08-01T22:35:32.653,1163565,6,OFF,0,281,1,0,3893497,77,714.2857055664062,1
2026-08-01T22:35:32.813,1163606,6,ON,1,282,1,0,3893652,77,714.2857055664062,1
2026-08-01T22:35:35.162,1166001,3,OFF,0,301,1,0,3902716,144,0.0,0
2026-08-01T22:35:35.322,1166136,3,ON,1,302,1,0,3903227,164,227.43902587890625,1
2026-08-01T22:35:35.322,1166166,4,OFF,0,323,1,0,3903342,164,227.43902587890625,1
2026-08-01T22:35:35.466,1166267,4,ON,1,324,1,0,3903723,164,227.43902587890625,1
2026-08-01T22:35:35.787,1166660,6,ON,1,284,2,1,3905212,77,714.2857055664062,1
2026-08-01T22:35:37.832,1168758,3,ON,1,304,2,1,3913152,164,0.0,0
2026-08-01T22:35:37.991,1168879,4,ON,1,326,2,1,3913610,134,278.35821533203125,1
2026-08-01T22:35:38.311,1169227,6,OFF,0,285,1,0,3914927,77,714.2857055664062,1
2026-08-01T22:35:38.470,1169279,6,ON,1,286,1,0,3915124,77,714.2857055664062,1
2026-08-01T22:35:44.729,1175625,3,OFF,0,305,1,0,3939146,134,0.0,0
2026-08-01T22:35:44.889,1175711,3,ON,1,306,1,0,3939470,107,348.59814453125,1
2026-08-01T22:35:44.889,1175812,4,ON,1,328,2,1,3939853,107,348.59814453125,1
2026-08-01T22:35:45.367,1176209,6,ON,1,288,2,1,3941355,77,714.2857055664062,1
2026-08-01T22:35:48.022,1178880,3,OFF,0,307,1,0,3951466,107,0.0,0
2026-08-01T22:35:48.804,1179673,3,ON,1,308,1,0,3954467,107,0.0,0
2026-08-01T22:35:48.963,1179881,4,OFF,0,329,1,0,3955254,1000,37.29999923706055,1
2026-08-01T22:35:50.050,1180921,3,OFF,0,309,1,0,3959192,1000,0.0,0
2026-08-01T22:35:50.050,1180836,4,ON,1,330,1,0,3958869,1000,0.0,0
2026-08-01T22:35:50.686,1181608,3,ON,1,310,1,0,3961791,1000,0.0,0
2026-08-01T22:35:50.847,1181747,4,OFF,0,331,1,0,3962318,825,45.212120056152344,1
2026-08-01T22:35:52.091,1182903,4,ON,1,332,1,0,3966693,825,45.212120056152344,1
2026-08-01T22:35:52.251,1183115,3,OFF,0,311,1,0,3967496,825,0.0,0
2026-08-01T22:35:52.716,1183544,3,ON,1,312,1,0,3969119,825,0.0,0
2026-08-01T22:35:52.877,1183767,4,OFF,0,333,1,0,3969964,651,57.29646682739258,1
2026-08-01T22:35:55.843,1186736,3,OFF,0,313,1,0,3981202,651,0.0,0
2026-08-01T22:35:55.843,1186677,4,ON,1,334,1,0,3980978,651,0.0,0
2026-08-01T22:35:56.004,1186850,3,ON,1,314,1,0,3981633,651,0.0,0
2026-08-01T22:35:56.321,1187217,2,OFF,0,297,1,0,3983022,27968,0.7866132855415344,1
2026-08-01T22:35:56.785,1187675,2,ON,1,298,1,0,3984757,27968,0.7866132855415344,1
2026-08-01T22:35:57.568,1188490,3,OFF,0,315,1,0,3987842,651,0.0,0
2026-08-01T22:35:57.728,1188634,3,ON,1,316,1,0,3988387,651,0.0,0
2026-08-01T22:35:57.870,1188804,4,ON,1,336,2,1,3989029,186,200.53762817382812,1
2026-08-01T22:35:58.349,1189180,5,ON,1,112,2,1,3990453,116,474.137939453125,1
2026-08-01T22:35:58.349,1189249,6,OFF,0,289,1,0,3990715,116,474.137939453125,1
2026-08-01T22:35:58.508,1189311,6,ON,1,290,1,0,3990948,116,474.137939453125,1
2026-08-01T22:36:02.436,1193369,3,OFF,0,317,1,0,4006309,186,0.0,0
2026-08-01T22:36:02.596,1193475,3,ON,1,318,1,0,4006711,133,280.4511413574219,1
2026-08-01T22:36:02.596,1193503,4,OFF,0,337,1,0,4006817,133,280.4511413574219,1
2026-08-01T22:36:02.755,1193594,4,ON,1,338,1,0,4007160,133,280.4511413574219,1
2026-08-01T22:36:03.059,1193987,6,ON,1,292,2,1,4008649,116,474.137939453125,1
2026-08-01T22:36:05.723,1196651,3,ON,1,320,2,1,4018732,133,0.0,0
2026-08-01T22:36:05.883,1196789,4,ON,1,340,2,1,4019255,151,247.01986694335938,1
2026-08-01T22:36:06.361,1197211,6,ON,1,294,2,1,4020851,116,474.137939453125,1
2026-08-01T22:36:21.545,1212468,3,ON,1,322,2,1,4078601,151,0.0,0
2026-08-01T22:36:21.704,1212571,4,ON,1,342,2,1,4078991,108,345.370361328125,1
2026-08-01T22:36:22.024,1212910,6,ON,1,296,2,1,4080274,116,474.137939453125,1
2026-08-01T22:36:22.328,1213222,1,OFF,0,323,1,0,4081455,27968,0.0,0
2026-08-01T22:36:22.486,1213366,1,ON,1,324,1,0,4082000,27968,0.0,0
2026-08-01T22:36:22.949,1213875,2,OFF,0,299,1,0,4083928,652,33.742332458496094,1
2026-08-01T22:36:23.109,1213931,1,OFF,0,325,1,0,4084140,652,0.0,0
2026-08-01T22:36:23.427,1214234,1,ON,1,326,1,0,4085287,652,0.0,0
2026-08-01T22:36:23.587,1214488,1,OFF,0,327,1,0,4086247,652,0.0,0
2026-08-01T22:36:23.731,1214646,1,ON,1,328,1,0,4086845,652,0.0,0
2026-08-01T22:36:23.731,1214657,2,ON,1,300,1,0,4086888,652,0.0,0
2026-08-01T22:36:23.891,1214791,1,OFF,0,329,1,0,4087394,652,0.0,0
2026-08-01T22:36:24.051,1214865,2,OFF,0,301,1,0,4087674,73,301.369873046875,1
2026-08-01T22:36:24.370,1215263,3,ON,1,324,2,1,4089182,110,339.0909118652344,1
2026-08-01T22:36:24.370,1215287,4,OFF,0,343,1,0,4089272,110,339.0909118652344,1
2026-08-01T22:36:24.514,1215365,4,ON,1,344,1,0,4089568,110,339.0909118652344,1
2026-08-01T22:36:24.673,1215536,1,ON,1,330,1,0,4090214,73,301.369873046875,1
2026-08-01T22:36:24.832,1215694,6,ON,1,298,2,1,4090812,116,474.137939453125,1
2026-08-01T22:36:24.991,1215803,1,OFF,0,331,1,0,4091226,73,0.0,0
2026-08-01T22:36:24.991,1215847,3,ON,1,326,2,1,4091391,57,654.385986328125,1
2026-08-01T22:36:24.991,1215905,4,ON,1,346,2,1,4091612,57,654.385986328125,1
2026-08-01T22:36:25.295,1216172,1,ON,1,332,1,0,4092622,73,0.0,0
2026-08-01T22:36:25.295,1216175,6,ON,1,300,2,1,4092634,116,474.137939453125,1
2026-08-01T22:36:26.573,1217441,1,OFF,0,333,1,0,4097426,73,0.0,0
2026-08-01T22:36:26.716,1217597,1,ON,1,334,1,0,4098015,73,0.0,0
2026-08-01T22:36:26.875,1217740,2,ON,1,302,1,0,4098557,73,0.0,0
2026-08-01T22:36:27.180,1218062,1,OFF,0,335,1,0,4099776,73,0.0,0
2026-08-01T22:36:27.500,1218395,3,ON,1,328,2,1,4101037,112,333.03570556640625,1
2026-08-01T22:36:27.500,1218419,4,OFF,0,347,1,0,4101128,112,333.03570556640625,1
2026-08-01T22:36:27.659,1218499,4,ON,1,348,1,0,4101430,112,333.03570556640625,1
2026-08-01T22:36:27.979,1218851,6,ON,1,302,2,1,4102763,116,474.137939453125,1
2026-08-01T22:36:28.123,1219032,1,ON,1,336,1,0,4103447,73,0.0,0
2026-08-01T22:36:28.745,1219621,2,OFF,0,303,1,0,4105677,1558,14.120667457580566,1
2026-08-01T22:36:28.905,1219801,1,OFF,0,337,1,0,4106359,1558,0.0,0
2026-08-01T22:36:29.062,1219893,1,ON,1,338,1,0,4106706,1558,0.0,0
2026-08-01T22:36:29.378,1220324,2,ON,1,304,1,0,4108338,1558,0.0,0
2026-08-01T22:36:29.855,1220744,3,OFF,0,329,1,0,4109927,112,0.0,0
2026-08-01T22:36:29.999,1220945,1,OFF,0,339,1,0,4110688,1023,0.0,0
2026-08-01T22:36:29.999,1220825,2,OFF,0,305,1,0,4110235,1023,0.0,0
2026-08-01T22:36:29.999,1220807,3,ON,1,330,1,0,4110167,79,472.1518859863281,1
2026-08-01T22:36:29.999,1220883,4,ON,1,350,2,1,4110453,79,472.1518859863281,1
2026-08-01T22:36:30.156,1221059,1,ON,1,340,1,0,4111120,1023,0.0,0
2026-08-01T22:36:30.156,1221071,5,OFF,1,113,1,0,4111166,116,0.0,0
2026-08-01T22:36:30.315,1221105,5,ON,1,114,1,0,4111295,72,763.888916015625,1
2026-08-01T22:36:30.315,1221186,6,ON,1,304,2,1,4111600,72,763.888916015625,1
2026-08-01T22:36:30.937,1221818,2,ON,1,306,1,0,4113993,1023,0.0,0
2026-08-01T22:36:31.097,1222031,1,OFF,0,341,1,0,4114800,953,0.0,0
2026-08-01T22:36:31.097,1221899,2,OFF,0,307,1,0,4114299,953,0.0,0
2026-08-01T22:36:31.257,1222144,1,ON,1,342,1,0,4115227,953,0.0,0
2026-08-01T22:36:31.561,1222467,2,ON,1,308,1,0,4116449,953,0.0,0
2026-08-01T22:36:32.041,1222936,3,OFF,0,331,1,0,4118224,79,0.0,0
2026-08-01T22:36:32.185,1223005,3,ON,1,332,1,0,4118486,88,423.8636474609375,1
2026-08-01T22:36:32.185,1223091,4,ON,1,352,2,1,4118812,88,423.8636474609375,1
2026-08-01T22:36:32.506,1223392,6,ON,1,306,2,1,4119950,72,763.888916015625,1
2026-08-01T22:36:34.244,1225128,2,OFF,0,309,1,0,4126521,3096,7.105943202972412,1
2026-08-01T22:36:34.401,1225293,1,OFF,0,343,1,0,4127147,3096,0.0,0
2026-08-01T22:36:34.861,1225784,1,ON,1,344,1,0,4129004,3096,0.0,0
2026-08-01T22:36:35.021,1225845,2,ON,1,310,1,0,4129235,3096,0.0,0
2026-08-01T22:36:35.181,1226107,3,OFF,0,333,1,0,4130227,88,0.0,0
2026-08-01T22:36:35.325,1226157,3,ON,1,334,1,0,4130416,63,592.0634765625,1
2026-08-01T22:36:35.325,1226222,4,ON,1,354,2,1,4130662,63,592.0634765625,1
2026-08-01T22:36:35.644,1226498,6,ON,1,308,2,1,4131707,72,763.888916015625,1
2026-08-01T22:36:37.049,1227965,2,OFF,0,311,1,0,4137261,2671,8.236615180969238,1
2026-08-01T22:36:37.209,1228098,2,ON,1,312,1,0,4137763,2671,8.236615180969238,1
2026-08-01T22:36:37.369,1228176,2,OFF,0,313,1,0,4138059,2671,8.236615180969238,1
2026-08-01T22:36:37.672,1228481,1,OFF,0,345,1,0,4139214,2671,0.0,0
2026-08-01T22:36:37.990,1228833,2,ON,1,314,1,0,4140545,2671,0.0,0
2026-08-01T22:36:38.150,1229034,1,ON,1,346,1,0,4141306,531,41.4312629699707,1
2026-08-01T22:36:38.150,1229013,2,OFF,0,315,1,0,4141228,531,41.4312629699707,1
2026-08-01T22:36:38.294,1229177,2,ON,1,316,1,0,4141848,531,41.4312629699707,1
2026-08-01T22:36:38.454,1229306,2,OFF,0,317,1,0,4142337,531,41.4312629699707,1
2026-08-01T22:36:38.454,1229366,3,ON,1,336,2,1,4142564,56,666.0714111328125,1
2026-08-01T22:36:38.454,1229378,4,OFF,0,355,1,0,4142608,56,666.0714111328125,1
2026-08-01T22:36:38.612,1229422,4,ON,1,356,1,0,4142776,56,666.0714111328125,1
2026-08-01T22:36:38.771,1229717,2,ON,1,318,1,0,4143892,531,41.4312629699707,1
2026-08-01T22:36:38.771,1229597,5,ON,1,116,2,1,4143437,50,1100.0,1
2026-08-01T22:36:38.771,1229674,6,ON,1,310,2,1,4143730,50,1100.0,1
2026-08-01T22:36:40.331,1231145,1,OFF,0,347,1,0,4149298,531,0.0,0
2026-08-01T22:36:40.332,1231127,2,OFF,0,319,1,0,4149229,531,0.0,0
2026-08-01T22:36:40.493,1231287,1,ON,1,348,1,0,4149834,531,0.0,0
2026-08-01T22:36:40.972,1231846,2,ON,1,320,1,0,4151950,531,0.0,0
2026-08-01T22:36:42.693,1233585,3,OFF,0,337,1,0,4158533,56,0.0,0
2026-08-01T22:36:42.852,1233717,3,ON,1,338,1,0,4159032,163,228.8343505859375,1
2026-08-01T22:36:42.852,1233749,4,OFF,0,357,1,0,4159153,163,228.8343505859375,1
2026-08-01T22:36:43.012,1233854,4,ON,1,358,1,0,4159551,163,228.8343505859375,1
2026-08-01T22:36:43.332,1234143,5,ON,1,118,2,1,4160645,49,1122.448974609375,1
2026-08-01T22:36:43.332,1234232,6,ON,1,312,2,1,4160981,49,1122.448974609375,1
2026-08-01T22:36:44.738,1235536,2,OFF,0,321,1,0,4165917,4390,5.01138973236084,1
2026-08-01T22:36:44.897,1235734,1,OFF,0,349,1,0,4166668,4390,0.0,0
2026-08-01T22:36:45.681,1236585,1,ON,1,350,1,0,4169889,4390,0.0,0
2026-08-01T22:36:45.681,1236610,2,ON,1,322,1,0,4169983,4390,0.0,0
2026-08-01T22:36:45.983,1236827,3,ON,1,340,2,1,4170805,49,761.2244873046875,1
2026-08-01T22:36:45.983,1236876,4,ON,1,360,2,1,4170989,49,761.2244873046875,1
2026-08-01T22:36:46.142,1237046,5,ON,1,120,2,1,4171634,48,1145.8333740234375,1
2026-08-01T22:36:46.143,1237081,6,OFF,0,313,1,0,4171765,48,1145.8333740234375,1
2026-08-01T22:36:46.302,1237114,6,ON,1,314,1,0,4171890,48,1145.8333740234375,1
2026-08-01T22:36:57.577,1248452,1,OFF,0,351,1,0,4214806,4390,0.0,0
2026-08-01T22:36:57.737,1248601,1,ON,1,352,1,0,4215370,4390,0.0,0
2026-08-01T22:36:57.896,1248702,2,OFF,0,323,1,0,4215753,249,88.3534164428711,1
2026-08-01T22:36:58.841,1249762,2,ON,1,324,1,0,4219766,249,88.3534164428711,1
2026-08-01T22:36:59.000,1249904,3,ON,1,342,2,1,4220302,30,1243.3333740234375,1
2026-08-01T22:36:59.000,1249936,4,ON,1,362,2,1,4220424,30,1243.3333740234375,1
2026-08-01T22:36:59.160,1250052,5,ON,1,122,2,1,4220863,41,1341.46337890625,1
2026-08-01T22:36:59.161,1250101,6,ON,1,316,2,1,4221048,41,1341.46337890625,1
2026-08-01T22:37:00.725,1251644,2,OFF,0,325,1,0,4226889,249,88.3534164428711,1
2026-08-01T22:37:01.812,1252654,2,ON,1,326,1,0,4230712,249,88.3534164428711,1
2026-08-01T22:37:01.972,1252873,3,ON,1,344,2,1,4231541,49,761.2244873046875,1
2026-08-01T22:37:01.972,1252923,4,ON,1,364,2,1,4231731,49,761.2244873046875,1
2026-08-01T22:37:02.131,1253081,5,OFF,0,123,1,0,4232329,41,0.0,0
2026-08-01T22:37:02.291,1253088,5,ON,1,124,1,0,4232354,47,1170.2127685546875,1
2026-08-01T22:37:02.291,1253161,6,ON,1,318,2,1,4232632,47,1170.2127685546875,1
2026-08-01T22:37:03.555,1254467,2,OFF,0,327,1,0,4237574,249,88.3534164428711,1
2026-08-01T22:37:04.195,1255041,2,ON,1,328,1,0,4239748,249,88.3534164428711,1
2026-08-01T22:37:04.353,1255295,3,ON,1,346,2,1,4240708,49,0.0,0
2026-08-01T22:37:04.513,1255362,4,ON,1,366,2,1,4240963,68,548.5294189453125,1
2026-08-01T22:37:04.673,1255566,5,ON,1,126,2,1,4241735,66,833.3333129882812,1
2026-08-01T22:37:04.673,1255602,6,OFF,0,319,1,0,4241870,66,833.3333129882812,1
2026-08-01T22:37:04.834,1255638,6,ON,1,320,1,0,4242007,66,833.3333129882812,1
2026-08-01T22:37:06.236,1257161,2,OFF,0,329,1,0,4247771,249,88.3534164428711,1
2026-08-01T22:37:06.858,1257712,1,OFF,0,353,1,0,4249858,249,0.0,0
2026-08-01T22:37:07.018,1257900,2,ON,1,330,1,0,4250569,249,0.0,0
2026-08-01T22:37:07.177,1258031,1,ON,1,354,1,0,4251064,249,0.0,0
2026-08-01T22:37:07.960,1258818,3,OFF,0,347,1,0,4254043,68,0.0,0
2026-08-01T22:37:08.120,1258922,3,ON,1,348,1,0,4254438,132,282.57574462890625,1
2026-08-01T22:37:08.120,1259037,4,ON,1,368,2,1,4254872,132,282.57574462890625,1
2026-08-01T22:37:08.423,1259342,6,OFF,0,321,1,0,4256028,66,833.3333129882812,1
2026-08-01T22:37:08.581,1259384,6,ON,1,322,1,0,4256187,66,833.3333129882812,1
2026-08-01T22:37:13.419,1264350,1,OFF,0,355,1,0,4274984,249,0.0,0
2026-08-01T22:37:13.576,1264500,2,OFF,0,331,1,0,4275551,149,147.6510009765625,1
2026-08-01T22:37:13.897,1264833,1,ON,1,356,1,0,4276812,149,147.6510009765625,1
2026-08-01T22:37:14.200,1265088,2,ON,1,332,1,0,4277776,149,147.6510009765625,1
2026-08-01T22:37:14.520,1265386,3,ON,1,350,2,1,4278904,62,601.6129150390625,1
2026-08-01T22:37:14.520,1265449,4,ON,1,370,2,1,4279144,62,601.6129150390625,1
2026-08-01T22:37:14.677,1265625,5,ON,0,128,2,1,4279810,66,0.0,0
2026-08-01T22:37:14.837,1265650,5,ON,1,130,2,1,4279904,48,1145.8333740234375,1
2026-08-01T22:37:14.837,1265721,6,ON,1,324,2,1,4280172,48,1145.8333740234375,1
2026-08-01T22:37:15.924,1266793,1,OFF,0,357,1,0,4284231,149,0.0,0
2026-08-01T22:37:15.924,1266737,2,OFF,0,333,1,0,4284019,149,0.0,0
2026-08-01T22:37:16.243,1267161,2,ON,1,334,1,0,4285624,149,0.0,0
2026-08-01T22:37:16.403,1267308,1,ON,1,358,1,0,4286179,149,0.0,0
2026-08-01T22:37:16.403,1267351,3,OFF,0,351,1,0,4286342,62,0.0,0
2026-08-01T22:37:16.563,1267392,3,ON,1,352,1,0,4286497,52,717.3076782226562,1
2026-08-01T22:37:16.563,1267445,4,ON,1,372,2,1,4286699,52,717.3076782226562,1
2026-08-01T22:37:16.724,1267653,6,OFF,0,325,1,0,4287485,48,1145.8333740234375,1
2026-08-01T22:37:16.883,1267686,6,ON,1,326,1,0,4287610,48,1145.8333740234375,1
2026-08-01T22:37:17.979,1268844,1,OFF,0,359,1,0,4291993,2024,0.0,0
2026-08-01T22:37:17.979,1268818,2,OFF,0,335,1,0,4291896,2024,0.0,0
2026-08-01T22:37:18.123,1268994,2,ON,0,336,1,0,4292561,2024,0.0,0
2026-08-01T22:37:18.282,1269079,2,OFF,0,337,1,0,4292884,234,94.01709747314453,1
2026-08-01T22:37:18.759,1269649,1,ON,1,360,1,0,4295040,234,94.01709747314453,1
2026-08-01T22:37:18.759,1269637,2,ON,1,338,1,0,4294996,234,94.01709747314453,1
2026-08-01T22:37:18.919,1269831,3,ON,1,354,2,1,4295729,47,793.6170043945312,1
2026-08-01T22:37:18.919,1269841,4,OFF,0,373,1,0,4295767,47,793.6170043945312,1
2026-08-01T22:37:19.063,1269879,4,ON,1,374,1,0,4295912,47,793.6170043945312,1
2026-08-01T22:37:19.224,1270043,5,ON,1,132,2,1,4296533,46,1195.6522216796875,1
2026-08-01T22:37:19.224,1270108,6,ON,1,328,2,1,4296779,46,1195.6522216796875,1
2026-08-01T22:37:20.788,1271687,2,OFF,0,339,1,0,4302755,234,94.01709747314453,1
2026-08-01T22:37:21.248,1272082,1,OFF,0,361,1,0,4304250,234,0.0,0
2026-08-01T22:37:21.407,1272347,1,OFF,0,363,2,1,4305254,234,0.0,0
2026-08-01T22:37:21.567,1272519,2,ON,1,340,1,0,4305905,234,0.0,0
2026-08-01T22:37:21.726,1272657,1,ON,1,364,1,0,4306426,234,0.0,0
2026-08-01T22:37:21.869,1272760,3,ON,1,356,2,1,4306817,57,654.385986328125,1
2026-08-01T22:37:21.869,1272818,4,ON,1,376,2,1,4307036,57,654.385986328125,1
2026-08-01T22:37:22.043,1272981,5,OFF,1,133,1,0,4307653,46,0.0,0
2026-08-01T22:37:22.203,1273001,5,ON,1,134,1,0,4307728,53,1037.73583984375,1
2026-08-01T22:37:22.203,1273067,6,ON,1,330,2,1,4307979,53,1037.73583984375,1
2026-08-01T22:37:23.638,1274571,1,OFF,0,365,1,0,4313672,2100,0.0,0
2026-08-01T22:37:23.638,1274448,2,OFF,0,341,1,0,4313205,2100,0.0,0
2026-08-01T22:37:23.780,1274665,1,ON,1,366,1,0,4314028,2100,0.0,0
2026-08-01T22:37:23.940,1274884,1,ON,1,368,2,1,4314856,2100,0.0,0
2026-08-01T22:37:23.940,1274816,2,ON,1,342,1,0,4314598,2100,0.0,0
2026-08-01T22:37:24.099,1275040,3,ON,1,358,2,1,4315446,47,793.6170043945312,1
2026-08-01T22:37:24.099,1275051,4,OFF,0,377,1,0,4315489,47,793.6170043945312,1
2026-08-01T22:37:24.259,1275089,4,ON,1,378,1,0,4315632,47,793.6170043945312,1
2026-08-01T22:37:24.403,1275246,5,ON,1,136,2,1,4316227,48,1145.8333740234375,1
2026-08-01T22:37:24.403,1275319,6,ON,1,332,2,1,4316502,48,1145.8333740234375,1
2026-08-01T22:37:25.825,1276740,1,OFF,0,369,1,0,4321882,1886,0.0,0
2026-08-01T22:37:25.825,1276714,2,OFF,0,343,1,0,4321783,1886,0.0,0
2026-08-01T22:37:26.304,1277251,1,ON,1,370,1,0,4323815,1886,0.0,0
2026-08-01T22:37:26.304,1277167,2,ON,1,344,1,0,4323497,1886,0.0,0
2026-08-01T22:37:26.609,1277490,3,ON,1,360,2,1,4324721,70,532.8571166992188,1
2026-08-01T22:37:26.609,1277561,4,ON,1,380,2,1,4324989,70,532.8571166992188,1
2026-08-01T22:37:26.913,1277765,5,ON,1,138,2,1,4325761,53,1037.73583984375,1
2026-08-01T22:37:26.913,1277841,6,ON,1,334,2,1,4326048,53,1037.73583984375,1
2026-08-01T22:37:48.898,1299801,1,OFF,0,373,3,2,4409170,40,0.0,0
2026-08-01T22:37:48.898,1299759,2,OFF,0,345,1,0,4409011,40,0.0,0
2026-08-01T22:37:49.058,1299873,1,ON,1,374,1,0,4409444,40,0.0,0
2026-08-01T22:37:49.200,1300067,2,ON,1,346,1,0,4410177,40,0.0,0
2026-08-01T22:37:49.680,1300612,3,ON,1,362,2,1,4412240,88,423.8636474609375,1
2026-08-01T22:37:49.680,1300631,4,OFF,0,381,1,0,4412312,88,423.8636474609375,1
2026-08-01T22:37:49.838,1300696,4,ON,1,382,1,0,4412558,88,423.8636474609375,1
2026-08-01T22:37:49.982,1300931,5,ON,1,140,2,1,4413448,53,0.0,0
2026-08-01T22:37:50.142,1301023,6,ON,1,336,2,1,4413797,74,743.2432250976562,1
2026-08-01T22:37:51.549,1302508,1,ON,1,376,2,1,4419418,2642,0.0,0
2026-08-01T22:37:51.549,1302444,2,OFF,0,347,1,0,4419175,2642,0.0,0
2026-08-01T22:37:51.710,1302553,1,OFF,0,377,1,0,4419587,2642,0.0,0
2026-08-01T22:37:51.710,1302667,2,ON,1,348,1,0,4420019,2642,0.0,0
2026-08-01T22:37:51.866,1302747,1,ON,1,378,1,0,4420321,178,123.59550476074219,1
2026-08-01T22:37:51.866,1302732,2,OFF,0,349,1,0,4420266,178,123.59550476074219,1
2026-08-01T22:37:52.026,1302960,1,OFF,0,379,1,0,4421129,178,0.0,0
2026-08-01T22:37:52.330,1303193,1,ON,1,380,1,0,4422010,178,0.0,0
2026-08-01T22:37:52.490,1303379,2,ON,1,350,1,0,4422714,178,0.0,0
2026-08-01T22:37:53.114,1304043,3,ON,1,364,2,1,4425228,103,362.13592529296875,1
2026-08-01T22:37:53.114,1304066,4,OFF,0,383,1,0,4425314,103,362.13592529296875,1
2026-08-01T22:37:53.275,1304141,4,ON,1,384,1,0,4425599,103,362.13592529296875,1
2026-08-01T22:37:53.577,1304493,6,ON,1,338,2,1,4426930,74,743.2432250976562,1
2026-08-01T22:37:54.839,1305730,1,OFF,0,381,1,0,4431613,178,0.0,0
2026-08-01T22:37:54.997,1305943,1,ON,1,382,1,0,4432420,82,268.2926940917969,1
2026-08-01T22:37:54.997,1305813,2,OFF,0,351,1,0,4431928,82,268.2926940917969,1
2026-08-01T22:37:55.318,1306191,2,ON,1,352,1,0,4433358,82,268.2926940917969,1
2026-08-01T22:37:55.941,1306890,3,ON,1,366,2,1,4436003,103,0.0,0
2026-08-01T22:37:56.101,1306994,4,ON,1,386,2,1,4436398,110,339.0909118652344,1
2026-08-01T22:37:56.404,1307364,6,ON,1,340,2,1,4437798,74,743.2432250976562,1
2026-08-01T22:37:58.127,1309067,2,OFF,0,353,1,0,4444244,82,268.2926940917969,1
2026-08-01T22:37:58.606,1309537,1,OFF,0,383,1,0,4446023,82,0.0,0
2026-08-01T22:37:58.750,1309575,1,ON,1,384,1,0,4446167,82,0.0,0
2026-08-01T22:37:58.910,1309788,2,ON,1,354,1,0,4446974,82,0.0,0
2026-08-01T22:37:59.374,1310316,3,OFF,0,367,1,0,4448971,110,0.0,0
2026-08-01T22:37:59.533,1310402,3,ON,1,368,1,0,4449298,110,339.0909118652344,1
2026-08-01T22:37:59.533,1310427,4,OFF,0,387,1,0,4449391,110,339.0909118652344,1
2026-08-01T22:37:59.693,1310509,4,ON,1,388,1,0,4449703,110,339.0909118652344,1
2026-08-01T22:37:59.852,1310785,5,ON,1,142,2,1,4450747,74,0.0,0
2026-08-01T22:38:00.012,1310890,6,ON,1,342,2,1,4451145,89,617.9775390625,1
2026-08-01T22:38:04.376,1315216,3,OFF,0,369,1,0,4467519,110,0.0,0
2026-08-01T22:38:04.536,1315414,3,ON,1,370,1,0,4468269,236,158.05084228515625,1
2026-08-01T22:38:04.536,1315453,4,OFF,0,389,1,0,4468416,236,158.05084228515625,1
2026-08-01T22:38:04.695,1315572,4,ON,1,390,1,0,4468866,236,158.05084228515625,1
2026-08-01T22:38:04.999,1315937,6,OFF,0,343,1,0,4470248,89,617.9775390625,1
2026-08-01T22:38:05.159,1315989,6,ON,1,344,1,0,4470444,89,617.9775390625,1
2026-08-01T22:38:08.772,1319644,3,OFF,0,371,1,0,4484279,236,0.0,0
2026-08-01T22:38:08.932,1319795,3,ON,1,372,1,0,4484852,183,203.82513427734375,1
2026-08-01T22:38:08.932,1319828,4,OFF,0,391,1,0,4484976,183,203.82513427734375,1
2026-08-01T22:38:09.092,1319934,4,ON,1,392,1,0,4485378,183,203.82513427734375,1
2026-08-01T22:38:09.412,1320333,6,ON,1,346,2,1,4486887,89,617.9775390625,1
2026-08-01T22:38:14.567,1325529,2,OFF,0,355,1,0,4506556,15991,1.3757739067077637,1
2026-08-01T22:38:14.885,1325781,1,ON,1,386,2,1,4507510,15991,0.0,0
2026-08-01T22:38:16.754,1327626,2,ON,1,356,1,0,4514492,15991,0.0,0
2026-08-01T22:38:17.233,1328147,3,OFF,0,373,1,0,4516464,183,0.0,0
2026-08-01T22:38:17.393,1328227,3,ON,1,374,1,0,4516767,100,373.0,1
2026-08-01T22:38:17.393,1328322,4,ON,1,394,2,1,4517128,100,373.0,1
2026-08-01T22:38:17.713,1328667,6,ON,1,348,2,1,4518433,89,617.9775390625,1
2026-08-01T22:38:32.155,1343070,3,ON,1,376,2,1,4572950,115,324.34783935546875,1
2026-08-01T22:38:32.155,1343093,4,OFF,0,395,1,0,4573037,115,324.34783935546875,1
2026-08-01T22:38:32.315,1343173,4,ON,1,396,1,0,4573340,115,324.34783935546875,1
2026-08-01T22:38:32.635,1343519,6,ON,1,350,2,1,4574651,89,617.9775390625,1
2026-08-01T22:38:34.343,1345210,1,OFF,0,387,1,0,4581051,15991,0.0,0
2026-08-01T22:38:34.503,1345368,2,OFF,0,357,1,0,4581649,157,140.1273956298828,1
2026-08-01T22:38:34.822,1345724,1,ON,1,388,1,0,4582996,157,140.1273956298828,1
2026-08-01T22:38:34.983,1345859,2,ON,1,358,1,0,4583507,157,140.1273956298828,1
2026-08-01T22:38:35.302,1346174,3,ON,1,378,2,1,4584699,68,548.5294189453125,1
2026-08-01T22:38:35.302,1346244,4,ON,1,398,2,1,4584964,68,548.5294189453125,1
2026-08-01T22:38:35.622,1346446,5,ON,1,144,2,1,4585730,60,916.6666870117188,1
2026-08-01T22:38:35.622,1346520,6,ON,1,352,2,1,4586009,60,916.6666870117188,1
2026-08-01T22:38:37.649,1348475,1,OFF,0,389,1,0,4593409,157,0.0,0
2026-08-01T22:38:37.649,1348473,2,OFF,0,359,1,0,4593402,157,0.0,0
2026-08-01T22:38:37.953,1348892,2,ON,1,360,1,0,4594987,157,0.0,0
2026-08-01T22:38:38.112,1348993,1,ON,1,390,1,0,4595371,157,0.0,0
2026-08-01T22:38:38.272,1349204,3,ON,1,380,2,1,4596168,62,601.6129150390625,1
2026-08-01T22:38:38.272,1349218,4,OFF,0,399,1,0,4596221,62,601.6129150390625,1
2026-08-01T22:38:38.432,1349267,4,ON,1,400,1,0,4596408,62,601.6129150390625,1
2026-08-01T22:38:38.592,1349464,5,ON,1,146,2,1,4597153,47,1170.2127685546875,1
2026-08-01T22:38:38.592,1349539,6,ON,1,354,2,1,4597436,47,1170.2127685546875,1
2026-08-01T22:38:52.867,1363786,2,OFF,0,361,1,0,4651364,15310,1.43696928024292,1
2026-08-01T22:38:53.505,1364390,2,ON,1,362,1,0,4653651,15310,1.43696928024292,1
2026-08-01T22:38:53.969,1364916,3,ON,1,382,2,1,4655642,85,438.8235168457031,1
2026-08-01T22:38:53.969,1364935,4,OFF,0,401,1,0,4655714,85,438.8235168457031,1
2026-08-01T22:38:54.128,1364998,4,ON,1,402,1,0,4655951,85,438.8235168457031,1
2026-08-01T22:38:54.289,1365260,6,OFF,0,355,1,0,4656944,47,1170.2127685546875,1
2026-08-01T22:38:54.448,1365297,6,ON,1,356,1,0,4657084,47,1170.2127685546875,1
2026-08-01T22:38:56.159,1367055,1,OFF,0,391,1,0,4663737,15310,0.0,0
2026-08-01T22:38:56.319,1367185,2,OFF,0,363,1,0,4664229,129,170.54263305664062,1
2026-08-01T22:38:56.638,1367519,1,ON,1,392,1,0,4665494,129,170.54263305664062,1
2026-08-01T22:38:56.638,1367609,2,ON,1,364,1,0,4665834,129,170.54263305664062,1
2026-08-01T22:38:57.103,1368071,3,OFF,0,383,1,0,4667584,85,0.0,0
2026-08-01T22:38:57.244,1368133,3,ON,1,384,1,0,4667818,79,472.1518859863281,1
2026-08-01T22:38:57.244,1368210,4,ON,1,404,2,1,4668109,79,472.1518859863281,1
2026-08-01T22:38:57.563,1368417,5,ON,1,148,2,1,4668893,59,932.203369140625,1
2026-08-01T22:38:57.563,1368493,6,ON,1,358,2,1,4669180,59,932.203369140625,1
2026-08-01T22:39:00.069,1370908,1,OFF,0,393,1,0,4678321,35,628.5714111328125,1
2026-08-01T22:39:00.069,1370944,2,OFF,0,365,1,0,4678459,35,628.5714111328125,1
2026-08-01T22:39:00.531,1371460,1,ON,1,394,1,0,4680412,35,628.5714111328125,1
2026-08-01T22:39:00.692,1371651,2,ON,1,366,1,0,4681135,35,628.5714111328125,1
2026-08-01T22:39:01.474,1372378,3,OFF,0,385,1,0,4683886,79,0.0,0
2026-08-01T22:39:01.634,1372465,3,ON,1,386,1,0,4684216,109,342.20184326171875,1
2026-08-01T22:39:01.634,1372566,4,ON,1,406,2,1,4684597,109,342.20184326171875,1
2026-08-01T22:39:01.938,1372800,5,ON,1,150,2,1,4685484,78,705.1282348632812,1
2026-08-01T22:39:01.938,1372906,6,ON,1,360,2,1,4685884,78,705.1282348632812,1
2026-08-01T22:39:14.061,1384993,1,OFF,0,395,1,0,4731635,35,0.0,0
2026-08-01T22:39:14.205,1385044,2,OFF,0,367,1,0,4731828,50,440.0,1
2026-08-01T22:39:14.365,1385341,1,ON,1,396,1,0,4732953,50,440.0,1
2026-08-01T22:39:14.365,1385338,2,ON,1,368,1,0,4732941,50,440.0,1
2026-08-01T22:39:14.988,1385951,3,ON,1,388,2,1,4735262,109,0.0,0
2026-08-01T22:39:15.147,1386048,4,ON,1,408,2,1,4735630,100,373.0,1
2026-08-01T22:39:15.466,1386376,6,ON,1,362,2,1,4736870,78,705.1282348632812,1
2026-08-01T22:39:17.333,1388170,1,OFF,0,397,1,0,4743662,60,366.6666564941406,1
2026-08-01T22:39:17.333,1388231,2,OFF,0,369,1,0,4743893,60,366.6666564941406,1
2026-08-01T22:39:17.493,1388456,1,ON,1,398,1,0,4744743,60,366.6666564941406,1
2026-08-01T22:39:17.653,1388590,2,ON,1,370,1,0,4745251,60,366.6666564941406,1
2026-08-01T22:39:18.275,1389224,3,ON,1,390,2,1,4747650,97,384.53607177734375,1
2026-08-01T22:39:18.275,1389245,4,OFF,0,409,1,0,4747731,97,384.53607177734375,1
2026-08-01T22:39:18.434,1389317,4,ON,1,410,1,0,4748002,97,384.53607177734375,1
2026-08-01T22:39:18.578,1389551,5,ON,1,152,2,1,4748888,78,0.0,0
2026-08-01T22:39:18.737,1389632,6,ON,1,364,2,1,4749196,65,846.1538696289062,1
2026-08-01T22:39:20.767,1391713,1,OFF,0,399,1,0,4757072,60,0.0,0
2026-08-01T22:39:20.767,1391713,2,OFF,0,371,1,0,4757072,60,0.0,0
2026-08-01T22:39:21.086,1391956,2,OFF,0,373,2,1,4757991,60,0.0,0
2026-08-01T22:39:21.549,1392391,1,ON,1,400,1,0,4759639,60,0.0,0
2026-08-01T22:39:21.549,1392442,2,ON,1,374,1,0,4759832,60,0.0,0
2026-08-01T22:39:22.184,1393075,3,ON,1,392,2,1,4762228,89,419.10113525390625,1
2026-08-01T22:39:22.184,1393095,4,OFF,1,411,1,0,4762304,89,419.10113525390625,1
2026-08-01T22:39:22.343,1393163,4,ON,1,412,1,0,4762560,89,419.10113525390625,1
2026-08-01T22:39:22.503,1393401,5,ON,1,154,2,1,4763462,60,916.6666870117188,1
2026-08-01T22:39:22.503,1393477,6,ON,1,366,2,1,4763749,60,916.6666870117188,1
2026-08-01T22:39:24.066,1394946,1,OFF,0,401,1,0,4769310,60,0.0,0
2026-08-01T22:39:24.066,1394920,2,OFF,0,375,1,0,4769211,60,0.0,0
2026-08-01T22:39:24.847,1395697,2,ON,1,376,1,0,4772153,60,0.0,0
2026-08-01T22:39:25.481,1396441,3,ON,1,394,2,1,4774969,89,0.0,0
2026-08-01T22:39:25.625,1396553,4,ON,1,414,2,1,4775393,121,308.26446533203125,1
2026-08-01T22:39:25.945,1396820,5,ON,1,156,2,1,4776402,79,696.2025146484375,1
2026-08-01T22:39:25.945,1396907,6,ON,1,368,2,1,4776733,79,696.2025146484375,1
2026-08-01T22:39:26.106,1397017,1,ON,1,402,1,0,4777148,60,0.0,0
2026-08-01T22:39:27.192,1398166,1,OFF,0,403,1,0,4781497,60,0.0,0
2026-08-01T22:39:27.511,1398401,2,OFF,0,377,1,0,4782388,234,94.01709747314453,1
2026-08-01T22:39:27.671,1398621,1,ON,1,404,1,0,4783220,234,94.01709747314453,1
2026-08-01T22:39:27.814,1398672,2,ON,1,378,1,0,4783413,234,94.01709747314453,1
2026-08-01T22:39:28.290,1399193,3,ON,1,396,2,1,4785385,90,414.4444580078125,1
2026-08-01T22:39:28.290,1399215,4,OFF,0,415,1,0,4785469,90,414.4444580078125,1
2026-08-01T22:39:28.446,1399281,4,ON,1,416,1,0,4785719,90,414.4444580078125,1
2026-08-01T22:39:28.603,1399552,6,OFF,0,369,1,0,4786744,79,696.2025146484375,1
2026-08-01T22:39:28.760,1399591,6,ON,1,370,1,0,4786891,79,696.2025146484375,1
2026-08-01T22:39:30.004,1400974,1,OFF,0,405,1,0,4792127,234,0.0,0
2026-08-01T22:39:30.797,1401762,2,OFF,0,379,1,0,4795109,787,27.954256057739258,1
2026-08-01T22:39:32.840,1403665,2,ON,1,380,1,0,4802313,787,27.954256057739258,1
2026-08-01T22:39:33.305,1404230,3,ON,1,398,2,1,4804450,89,419.10113525390625,1
2026-08-01T22:39:33.305,1404249,4,OFF,0,417,1,0,4804522,89,419.10113525390625,1
2026-08-01T22:39:33.463,1404314,4,ON,1,418,1,0,4804768,89,419.10113525390625,1
2026-08-01T22:39:33.624,1404524,1,ON,1,406,1,0,4805563,787,27.954256057739258,1
2026-08-01T22:39:33.624,1404550,5,ON,1,158,2,1,4805663,77,714.2857055664062,1
2026-08-01T22:39:33.624,1404592,6,OFF,0,371,1,0,4805821,77,714.2857055664062,1
2026-08-01T22:39:33.767,1404634,6,ON,1,372,1,0,4805980,77,714.2857055664062,1
2026-08-01T22:39:35.173,1406027,2,OFF,0,381,1,0,4811253,787,27.954256057739258,1
2026-08-01T22:39:35.333,1406311,1,OFF,0,407,1,0,4812328,787,0.0,0
2026-08-01T22:39:35.333,1406287,2,ON,0,382,1,0,4812236,787,0.0,0
2026-08-01T22:39:35.490,1406315,2,OFF,0,383,1,0,4812342,3,7333.33349609375,1
2026-08-01T22:39:35.650,1406475,1,ON,1,408,1,0,4812948,3,7333.33349609375,1
2026-08-01T22:39:35.809,1406656,2,ON,1,384,1,0,4813633,3,7333.33349609375,1
2026-08-01T22:39:36.433,1407395,3,ON,1,400,2,1,4816429,89,0.0,0
2026-08-01T22:39:36.592,1407493,4,ON,1,420,2,1,4816800,104,358.6538391113281,1
2026-08-01T22:39:36.895,1407726,5,ON,1,160,2,1,4817682,79,696.2025146484375,1
2026-08-01T22:39:36.895,1407846,6,ON,1,374,2,1,4818136,79,696.2025146484375,1
2026-08-01T22:39:48.193,1419163,2,OFF,0,385,1,0,4860974,3,7333.33349609375,1
2026-08-01T22:39:48.671,1419645,2,ON,1,386,1,0,4862797,3,7333.33349609375,1
2026-08-01T22:39:48.973,1419916,3,ON,1,402,2,1,4863823,84,444.047607421875,1
2026-08-01T22:39:48.973,1419934,4,OFF,0,421,1,0,4863891,84,444.047607421875,1
2026-08-01T22:39:49.133,1419999,4,ON,1,422,1,0,4864137,84,444.047607421875,1
2026-08-01T22:39:49.290,1420271,6,OFF,0,375,1,0,4865168,79,696.2025146484375,1
2026-08-01T22:39:49.449,1420309,6,ON,1,376,1,0,4865312,79,696.2025146484375,1
2026-08-01T22:39:50.703,1421667,2,OFF,0,387,1,0,4870452,3,7333.33349609375,1
2026-08-01T22:39:51.004,1421891,2,ON,1,388,1,0,4871300,3,7333.33349609375,1
2026-08-01T22:39:51.482,1422415,3,OFF,0,403,1,0,4873282,84,0.0,0
2026-08-01T22:39:51.626,1422484,3,ON,1,404,1,0,4873544,87,428.7356262207031,1
2026-08-01T22:39:51.626,1422566,4,ON,1,424,2,1,4873855,87,428.7356262207031,1
2026-08-01T22:39:51.946,1422789,5,ON,1,162,2,1,4874699,63,873.015869140625,1
2026-08-01T22:39:51.946,1422865,6,ON,1,378,2,1,4874986,63,873.015869140625,1
2026-08-01T22:39:53.351,1424214,2,OFF,0,389,1,0,4880093,3,7333.33349609375,1
2026-08-01T22:39:53.512,1424484,1,ON,1,410,2,1,4881115,3,0.0,0
2026-08-01T22:39:53.512,1424482,2,ON,1,390,1,0,4881106,3,0.0,0
2026-08-01T22:39:54.151,1425049,3,OFF,1,405,1,0,4883252,87,0.0,0
2026-08-01T22:39:54.310,1425137,3,ON,1,406,1,0,4883586,109,342.20184326171875,1
2026-08-01T22:39:54.310,1425234,4,ON,1,426,2,1,4883953,109,342.20184326171875,1
2026-08-01T22:39:54.614,1425492,5,ON,1,164,2,1,4884929,78,705.1282348632812,1
2026-08-01T22:39:54.614,1425577,6,ON,1,380,2,1,4885252,78,705.1282348632812,1
2026-08-01T22:39:57.266,1428245,3,OFF,0,407,1,0,4895351,109,0.0,0
2026-08-01T22:39:57.427,1428312,3,ON,1,408,1,0,4895603,83,449.3975830078125,1
2026-08-01T22:39:57.427,1428393,4,ON,1,428,2,1,4895911,83,449.3975830078125,1
2026-08-01T22:39:57.743,1428633,5,ON,1,166,2,1,4896818,74,743.2432250976562,1
2026-08-01T22:39:57.743,1428727,6,ON,1,382,2,1,4897174,74,743.2432250976562,1
2026-08-01T22:39:59.310,1430274,1,OFF,0,411,1,0,4903031,3,0.0,0
2026-08-01T22:39:59.454,1430401,1,OFF,0,413,2,1,4903511,3,0.0,0
2026-08-01T22:40:00.090,1430974,2,OFF,0,391,1,0,4905679,572,38.46154022216797,1
2026-08-01T22:40:00.570,1431551,1,ON,1,414,1,0,4907864,572,38.46154022216797,1
2026-08-01T22:40:00.570,1431539,2,ON,1,392,1,0,4907818,572,38.46154022216797,1
2026-08-01T22:40:01.034,1432008,3,OFF,0,409,1,0,4909593,83,0.0,0
2026-08-01T22:40:01.194,1432093,3,ON,1,410,1,0,4909916,107,348.59814453125,1
2026-08-01T22:40:01.194,1432116,4,OFF,0,429,1,0,4910002,107,348.59814453125,1
2026-08-01T22:40:01.353,1432195,4,ON,1,430,1,0,4910301,107,348.59814453125,1
2026-08-01T22:40:01.510,1432430,5,ON,1,168,2,1,4911191,74,0.0,0
2026-08-01T22:40:01.668,1432544,6,ON,1,384,2,1,4911622,76,723.6842041015625,1
2026-08-01T22:40:03.235,1434126,2,OFF,0,393,1,0,4917610,572,38.46154022216797,1
2026-08-01T22:40:04.030,1434874,2,ON,1,394,1,0,4920442,572,38.46154022216797,1
2026-08-01T22:40:04.174,1435151,3,OFF,0,411,1,0,4921490,107,0.0,0
2026-08-01T22:40:04.335,1435208,3,ON,1,412,1,0,4921707,75,497.3333435058594,1
2026-08-01T22:40:04.335,1435284,4,ON,1,432,2,1,4921994,75,497.3333435058594,1
2026-08-01T22:40:04.653,1435589,6,ON,1,386,2,1,4923149,76,723.6842041015625,1
2026-08-01T22:40:06.062,1436997,1,OFF,0,415,1,0,4928477,572,0.0,0
2026-08-01T22:40:06.062,1436970,2,OFF,0,395,1,0,4928375,572,0.0,0
2026-08-01T22:40:06.204,1437133,1,ON,1,416,1,0,4928992,572,0.0,0
2026-08-01T22:40:06.985,1437903,2,ON,1,396,1,0,4931908,572,0.0,0
2026-08-01T22:40:08.549,1439486,3,ON,1,414,2,1,4937900,94,396.8085021972656,1
2026-08-01T22:40:08.549,1439506,4,OFF,0,433,1,0,4937974,94,396.8085021972656,1
2026-08-01T22:40:08.708,1439576,4,ON,1,434,1,0,4938239,94,396.8085021972656,1
2026-08-01T22:40:09.027,1439911,6,ON,1,388,2,1,4939507,76,723.6842041015625,1
2026-08-01T22:40:10.132,1441046,2,OFF,0,397,1,0,4943804,4048,5.4347825050354,1
2026-08-01T22:40:10.292,1441164,2,ON,1,398,1,0,4944250,4048,5.4347825050354,1
2026-08-01T22:40:10.595,1441574,3,ON,1,416,2,1,4945802,94,0.0,0
2026-08-01T22:40:10.756,1441639,4,ON,1,436,2,1,4946048,63,592.0634765625,1
2026-08-01T22:40:10.914,1441883,6,OFF,0,389,1,0,4946973,76,723.6842041015625,1
2026-08-01T22:40:11.074,1441921,6,ON,1,390,1,0,4947116,76,723.6842041015625,1
2026-08-01T22:40:12.323,1443305,1,OFF,0,417,1,0,4952354,4048,0.0,0
2026-08-01T22:40:12.323,1443272,2,OFF,0,399,1,0,4952229,4048,0.0,0
2026-08-01T22:40:12.628,1443532,1,ON,1,418,1,0,4953213,4048,0.0,0
2026-08-01T22:40:12.787,1443769,2,ON,1,400,1,0,4954111,4048,0.0,0
2026-08-01T22:40:13.266,1444174,3,ON,1,418,2,1,4955644,100,373.0,1
2026-08-01T22:40:13.266,1444195,4,OFF,0,437,1,0,4955724,100,373.0,1
2026-08-01T22:40:13.426,1444270,4,ON,1,438,1,0,4956008,100,373.0,1
2026-08-01T22:40:13.586,1444525,5,ON,1,170,2,1,4956972,62,887.0968017578125,1
2026-08-01T22:40:13.586,1444566,6,OFF,0,391,1,0,4957127,62,887.0968017578125,1
2026-08-01T22:40:13.745,1444608,6,ON,1,392,1,0,4957286,62,887.0968017578125,1
2026-08-01T22:40:14.994,1445865,2,OFF,0,401,1,0,4962044,2559,8.597107887268066,1
2026-08-01T22:40:15.298,1446219,2,ON,1,402,1,0,4963384,2559,8.597107887268066,1
2026-08-01T22:40:15.776,1446679,3,OFF,0,419,1,0,4965125,100,0.0,0
2026-08-01T22:40:15.935,1446770,3,ON,1,420,1,0,4965471,113,330.0885009765625,1
2026-08-01T22:40:15.935,1446874,4,ON,1,440,2,1,4965863,113,330.0885009765625,1
2026-08-01T22:40:16.238,1447186,6,OFF,0,393,1,0,4967044,62,887.0968017578125,1
2026-08-01T22:40:16.398,1447235,6,ON,1,394,1,0,4967231,62,887.0968017578125,1
2026-08-01T22:40:43.653,1474606,1,OFF,0,419,1,0,5070833,2559,0.0,0
2026-08-01T22:40:43.813,1474794,2,OFF,0,403,1,0,5071546,187,117.64705657958984,1
2026-08-01T22:40:43.957,1474846,1,ON,1,420,1,0,5071743,187,117.64705657958984,1
2026-08-01T22:40:43.957,1474906,2,ON,1,404,1,0,5071970,187,117.64705657958984,1
2026-08-01T22:40:44.277,1475194,1,OFF,0,421,1,0,5073059,187,0.0,0
2026-08-01T22:40:44.277,1475218,3,OFF,1,421,1,0,5073151,113,0.0,0
2026-08-01T22:40:44.437,1475272,3,ON,1,422,1,0,5073354,69,540.5797119140625,1
2026-08-01T22:40:44.437,1475343,4,ON,1,442,2,1,5073623,69,540.5797119140625,1
2026-08-01T22:40:44.581,1475538,5,ON,1,172,2,1,5074361,62,0.0,0
2026-08-01T22:40:44.740,1475639,6,ON,1,396,2,1,5074743,69,797.1014404296875,1
2026-08-01T22:40:44.900,1475849,2,ON,1,406,2,1,5075538,626,35.143768310546875,1
2026-08-01T22:40:45.061,1475990,1,OFF,0,423,2,1,5076072,626,0.0,0
2026-08-01T22:40:45.362,1476237,2,OFF,0,407,1,0,5077008,246,89.43089294433594,1
2026-08-01T22:40:45.523,1476420,1,ON,1,424,1,0,5077700,246,89.43089294433594,1
2026-08-01T22:40:45.523,1476461,2,OFF,0,409,2,1,5077856,246,89.43089294433594,1
2026-08-01T22:40:45.681,1476573,1,OFF,0,425,1,0,5078280,246,0.0,0
2026-08-01T22:40:45.681,1476602,2,ON,1,410,1,0,5078389,246,0.0,0
2026-08-01T22:40:45.841,1476822,1,ON,1,426,1,0,5079221,246,0.0,0
2026-08-01T22:40:46.000,1476906,1,OFF,0,427,1,0,5079539,299,0.0,0
2026-08-01T22:40:46.000,1476937,2,ON,1,412,2,1,5079657,299,0.0,0
2026-08-01T22:40:46.143,1477096,2,OFF,0,413,1,0,5080258,189,116.40211486816406,1
2026-08-01T22:40:46.302,1477217,1,ON,1,428,1,0,5080716,189,116.40211486816406,1
2026-08-01T22:40:46.462,1477376,1,OFF,0,429,1,0,5081318,189,0.0,0
2026-08-01T22:40:46.622,1477533,2,ON,1,414,1,0,5081913,189,0.0,0
2026-08-01T22:40:46.781,1477756,1,ON,1,430,1,0,5082757,339,64.8967514038086,1
2026-08-01T22:40:46.781,1477716,2,OFF,0,415,1,0,5082605,339,64.8967514038086,1
2026-08-01T22:40:47.085,1478054,2,ON,1,416,1,0,5083885,339,64.8967514038086,1
2026-08-01T22:40:47.229,1478214,1,OFF,0,431,1,0,5084490,339,0.0,0
2026-08-01T22:40:47.549,1478515,3,OFF,0,423,1,0,5085630,69,0.0,0
2026-08-01T22:40:47.708,1478590,3,ON,1,424,1,0,5085913,97,384.53607177734375,1
2026-08-01T22:40:47.708,1478685,4,ON,1,444,2,1,5086273,97,384.53607177734375,1
2026-08-01T22:40:48.029,1478933,5,ON,1,174,2,1,5087213,72,763.888916015625,1
2026-08-01T22:40:48.029,1478988,6,OFF,1,397,1,0,5087421,72,763.888916015625,1
2026-08-01T22:40:48.188,1479025,6,ON,1,398,1,0,5087561,72,763.888916015625,1
2026-08-01T22:40:48.653,1479513,2,OFF,0,417,1,0,5089407,1298,16.94915199279785,1
2026-08-01T22:40:49.115,1479975,1,ON,1,432,1,0,5091157,1298,16.94915199279785,1
2026-08-01T22:40:49.274,1480111,2,ON,1,418,1,0,5091672,1298,16.94915199279785,1
2026-08-01T22:40:49.897,1480865,3,ON,1,426,2,1,5094526,128,291.40625,1
2026-08-01T22:40:49.897,1480892,4,OFF,0,445,1,0,5094628,128,291.40625,1
2026-08-01T22:40:50.058,1480990,4,ON,1,446,1,0,5094999,128,291.40625,1
2026-08-01T22:40:50.520,1481426,6,ON,1,400,2,1,5096648,72,763.888916015625,1
2026-08-01T22:40:51.462,1482378,1,OFF,0,433,1,0,5100252,4,5500.0,1
2026-08-01T22:40:51.462,1482383,2,OFF,0,419,1,0,5100271,4,5500.0,1
2026-08-01T22:40:51.937,1482931,1,ON,1,434,1,0,5102346,4,5500.0,1
2026-08-01T22:40:51.937,1482883,2,ON,1,420,1,0,5102163,4,5500.0,1
2026-08-01T22:40:52.241,1483154,1,OFF,0,435,1,0,5103190,4,0.0,0
2026-08-01T22:40:52.241,1483228,3,OFF,0,427,1,0,5103470,128,0.0,0
2026-08-01T22:40:52.401,1483297,3,ON,1,428,1,0,5103730,86,433.7209167480469,1
2026-08-01T22:40:52.401,1483379,4,ON,1,448,2,1,5104041,86,433.7209167480469,1
2026-08-01T22:40:52.719,1483616,1,ON,1,436,1,0,5104938,4,0.0,0
2026-08-01T22:40:52.719,1483606,5,ON,1,176,2,1,5104901,71,774.6478881835938,1
2026-08-01T22:40:52.719,1483691,6,ON,1,402,2,1,5105222,71,774.6478881835938,1
2026-08-01T22:40:54.272,1485143,1,OFF,0,437,1,0,5110718,1976,0.0,0
2026-08-01T22:40:54.272,1485131,2,OFF,0,421,1,0,5110672,1976,0.0,0
2026-08-01T22:40:54.592,1485505,2,ON,1,422,1,0,5112089,1976,0.0,0
2026-08-01T22:40:54.751,1485614,1,ON,1,438,1,0,5112500,1976,0.0,0
2026-08-01T22:40:54.894,1485834,3,ON,1,430,2,1,5113333,72,518.0555419921875,1
2026-08-01T22:40:54.894,1485850,4,OFF,0,449,1,0,5113395,72,518.0555419921875,1
2026-08-01T22:40:55.053,1485922,1,OFF,1,439,1,0,5113666,1976,0.0,0
2026-08-01T22:40:55.053,1485906,4,ON,1,450,1,0,5113606,72,518.0555419921875,1
2026-08-01T22:40:55.214,1486051,1,ON,1,440,1,0,5114155,1976,0.0,0
2026-08-01T22:40:55.214,1486116,5,ON,1,178,2,1,5114401,66,833.3333129882812,1
2026-08-01T22:40:55.214,1486208,6,ON,1,404,2,1,5114750,66,833.3333129882812,1
2026-08-01T22:40:56.620,1487458,1,OFF,0,441,1,0,5119480,1976,0.0,0
2026-08-01T22:40:57.098,1487988,2,OFF,0,423,1,0,5121486,529,41.5879020690918,1
2026-08-01T22:40:57.418,1488300,1,ON,1,442,1,0,5122667,529,41.5879020690918,1
2026-08-01T22:40:57.418,1488333,2,ON,1,424,1,0,5122792,529,41.5879020690918,1
2026-08-01T22:40:57.881,1488805,3,ON,1,432,2,1,5124580,93,401.07525634765625,1
2026-08-01T22:40:57.881,1488826,4,OFF,0,451,1,0,5124658,93,401.07525634765625,1
2026-08-01T22:40:58.041,1488896,4,ON,1,452,1,0,5124923,93,401.07525634765625,1
2026-08-01T22:40:58.200,1489183,6,OFF,0,405,1,0,5126010,66,833.3333129882812,1
2026-08-01T22:40:58.360,1489223,6,ON,1,406,1,0,5126162,66,833.3333129882812,1
2026-08-01T22:40:59.766,1490604,1,OFF,0,443,1,0,5131388,89,247.19100952148438,1
2026-08-01T22:40:59.766,1490694,2,OFF,0,425,1,0,5131730,89,247.19100952148438,1
2026-08-01T22:41:00.228,1491206,2,ON,1,426,1,0,5133668,89,247.19100952148438,1
2026-08-01T22:41:00.849,1491776,3,ON,1,434,2,1,5135825,92,405.4347839355469,1
2026-08-01T22:41:00.849,1491796,4,OFF,0,453,1,0,5135900,92,405.4347839355469,1
2026-08-01T22:41:01.010,1491863,4,ON,1,454,1,0,5136155,92,405.4347839355469,1
2026-08-01T22:41:01.170,1492108,5,ON,1,180,2,1,5137081,49,1122.448974609375,1
2026-08-01T22:41:01.170,1492152,6,OFF,0,407,1,0,5137249,49,1122.448974609375,1
2026-08-01T22:41:01.315,1492195,6,ON,1,408,1,0,5137411,49,1122.448974609375,1
2026-08-01T22:41:01.632,1492597,1,ON,1,444,1,0,5138932,89,247.19100952148438,1
2026-08-01T22:41:02.895,1493852,1,OFF,0,445,1,0,5143683,89,0.0,0
2026-08-01T22:41:02.895,1493837,2,OFF,0,427,1,0,5143627,89,0.0,0
2026-08-01T22:41:03.055,1493998,2,OFF,0,429,2,1,5144235,145,151.72413635253906,1
2026-08-01T22:41:03.376,1494369,1,ON,1,446,1,0,5145639,145,151.72413635253906,1
2026-08-01T22:41:03.376,1494354,2,ON,1,430,1,0,5145583,145,151.72413635253906,1
2026-08-01T22:41:03.982,1494926,1,OFF,0,447,1,0,5147749,145,0.0,0
2026-08-01T22:41:04.154,1495096,3,ON,1,436,2,1,5148391,132,282.57574462890625,1
2026-08-01T22:41:04.154,1495123,4,OFF,0,455,1,0,5148493,132,282.57574462890625,1
2026-08-01T22:41:04.313,1495218,4,ON,1,456,1,0,5148854,132,282.57574462890625,1
2026-08-01T22:41:04.616,1495543,1,ON,1,448,1,0,5150083,145,0.0,0
2026-08-01T22:41:04.616,1495564,6,OFF,1,409,1,0,5150164,49,1122.448974609375,1
2026-08-01T22:41:04.774,1495616,6,ON,1,410,1,0,5150360,49,1122.448974609375,1
2026-08-01T22:41:05.873,1496870,2,OFF,0,431,1,0,5155106,1943,11.322696685791016,1
2026-08-01T22:41:06.017,1496897,1,OFF,0,449,1,0,5155208,1943,0.0,0
2026-08-01T22:41:06.497,1497407,2,ON,1,432,1,0,5157140,1943,0.0,0
2026-08-01T22:41:06.960,1497924,3,ON,1,438,2,1,5159096,88,423.8636474609375,1
2026-08-01T22:41:06.960,1497943,4,OFF,0,457,1,0,5159168,88,423.8636474609375,1
2026-08-01T22:41:07.120,1498009,4,ON,1,458,1,0,5159417,88,423.8636474609375,1
2026-08-01T22:41:07.437,1498346,6,ON,1,412,2,1,5160694,49,1122.448974609375,1
2026-08-01T22:41:07.580,1498576,1,ON,1,450,1,0,5161564,1943,0.0,0
2026-08-01T22:41:08.985,1499963,1,OFF,0,451,1,0,5166814,1943,0.0,0
2026-08-01T22:41:09.465,1500345,2,OFF,0,433,1,0,5168260,381,57.74278259277344,1
2026-08-01T22:41:09.768,1500729,1,ON,1,452,1,0,5169714,381,57.74278259277344,1
2026-08-01T22:41:09.928,1500773,2,ON,1,434,1,0,5169880,381,57.74278259277344,1
2026-08-01T22:41:10.708,1501669,3,ON,1,440,2,1,5173271,122,305.7377014160156,1
2026-08-01T22:41:10.709,1501695,4,OFF,0,459,1,0,5173370,122,305.7377014160156,1
2026-08-01T22:41:10.867,1501780,4,ON,1,460,1,0,5173691,122,305.7377014160156,1
2026-08-01T22:41:11.187,1502042,5,ON,1,182,2,1,5174684,66,833.3333129882812,1
2026-08-01T22:41:11.187,1502145,6,ON,1,414,2,1,5175074,66,833.3333129882812,1
2026-08-01T22:41:32.189,1523111,2,OFF,0,435,1,0,5254432,381,57.74278259277344,1
2026-08-01T22:41:32.651,1523606,2,ON,1,436,1,0,5256306,381,57.74278259277344,1
2026-08-01T22:41:33.114,1523994,2,OFF,0,437,1,0,5257776,381,57.74278259277344,1
2026-08-01T22:41:33.114,1524075,3,OFF,0,441,1,0,5258081,122,0.0,0
2026-08-01T22:41:33.274,1524227,2,ON,1,438,1,0,5258657,381,57.74278259277344,1
2026-08-01T22:41:33.274,1524147,3,ON,1,442,1,0,5258355,90,414.4444580078125,1
2026-08-01T22:41:33.274,1524232,4,ON,1,462,2,1,5258676,90,414.4444580078125,1
2026-08-01T22:41:33.433,1524368,2,OFF,0,439,1,0,5259190,381,57.74278259277344,1
2026-08-01T22:41:33.433,1524436,5,OFF,0,183,1,0,5259449,66,0.0,0
2026-08-01T22:41:33.592,1524466,5,ON,1,186,3,2,5259561,57,964.9122924804688,1
2026-08-01T22:41:33.592,1524550,6,ON,1,416,2,1,5259879,57,964.9122924804688,1
2026-08-01T22:41:33.750,1524721,2,ON,1,440,1,0,5260527,381,57.74278259277344,1
2026-08-01T22:41:34.391,1525279,2,OFF,0,441,1,0,5262639,381,57.74278259277344,1
2026-08-01T22:41:34.694,1525615,2,ON,1,442,1,0,5263910,381,57.74278259277344,1
2026-08-01T22:41:34.854,1525845,2,OFF,0,443,1,0,5264782,381,57.74278259277344,1
2026-08-01T22:41:35.158,1526157,2,ON,1,444,1,0,5265963,381,57.74278259277344,1
2026-08-01T22:41:35.317,1526218,2,OFF,0,445,1,0,5266194,381,57.74278259277344,1
2026-08-01T22:41:35.477,1526478,2,ON,1,446,1,0,5267178,381,57.74278259277344,1
2026-08-01T22:41:35.941,1526916,3,ON,1,444,2,1,5268836,87,428.7356262207031,1
2026-08-01T22:41:35.941,1526934,4,OFF,0,463,1,0,5268903,87,428.7356262207031,1
2026-08-01T22:41:36.100,1527001,4,ON,1,464,1,0,5269157,87,428.7356262207031,1
2026-08-01T22:41:36.259,1527254,5,ON,1,188,2,1,5270114,57,0.0,0
2026-08-01T22:41:36.419,1527348,6,ON,1,418,2,1,5270470,77,714.2857055664062,1
2026-08-01T22:41:38.016,1528866,2,OFF,0,447,1,0,5276217,381,57.74278259277344,1
2026-08-01T22:41:38.320,1529180,2,ON,1,448,1,0,5277405,381,57.74278259277344,1
2026-08-01T22:41:38.797,1529742,3,ON,1,446,2,1,5279533,78,478.20513916015625,1
2026-08-01T22:41:38.797,1529760,4,OFF,0,465,1,0,5279601,78,478.20513916015625,1
2026-08-01T22:41:38.942,1529819,4,ON,1,466,1,0,5279823,78,478.20513916015625,1
2026-08-01T22:41:39.101,1530081,6,OFF,0,419,1,0,5280816,77,714.2857055664062,1
2026-08-01T22:41:39.261,1530120,6,ON,1,420,1,0,5280963,77,714.2857055664062,1
2026-08-01T22:41:40.665,1531554,2,OFF,0,449,1,0,5286391,381,57.74278259277344,1
2026-08-01T22:41:40.824,1531722,1,OFF,0,453,1,0,5287026,381,0.0,0
2026-08-01T22:41:40.984,1531933,1,ON,1,454,1,0,5287826,381,0.0,0
2026-08-01T22:41:41.128,1532075,2,ON,1,450,1,0,5288363,381,0.0,0
2026-08-01T22:41:41.447,1532439,3,ON,1,448,2,1,5289740,78,0.0,0
2026-08-01T22:41:41.607,1532518,4,ON,1,468,2,1,5290039,80,466.25,1
2026-08-01T22:41:41.909,1532828,6,ON,1,422,2,1,5291214,77,714.2857055664062,1
2026-08-01T22:41:43.484,1534440,1,OFF,0,455,1,0,5297314,2713,0.0,0
2026-08-01T22:41:43.484,1534436,2,OFF,0,451,1,0,5297299,2713,0.0,0
2026-08-01T22:41:43.627,1534615,2,OFF,0,453,2,1,5297978,174,126.43678283691406,1
2026-08-01T22:41:43.786,1534635,1,ON,1,456,1,0,5298053,174,126.43678283691406,1
2026-08-01T22:41:44.263,1535161,2,ON,1,454,1,0,5300044,174,126.43678283691406,1
2026-08-01T22:41:44.423,1535423,3,OFF,0,449,1,0,5301035,80,0.0,0
2026-08-01T22:41:44.567,1535480,3,ON,1,450,1,0,5301252,71,525.3521118164062,1
2026-08-01T22:41:44.567,1535548,4,ON,1,470,2,1,5301508,71,525.3521118164062,1
2026-08-01T22:41:44.886,1535850,6,ON,1,424,2,1,5302652,77,714.2857055664062,1
2026-08-01T22:41:46.141,1537114,1,OFF,0,457,1,0,5307437,174,0.0,0
2026-08-01T22:41:46.141,1537055,2,OFF,0,455,1,0,5307213,174,0.0,0
2026-08-01T22:41:46.284,1537251,1,ON,1,458,1,0,5307955,174,0.0,0
2026-08-01T22:41:46.604,1537595,2,ON,1,456,1,0,5309257,174,0.0,0
2026-08-01T22:41:47.385,1538352,3,OFF,0,451,1,0,5312123,71,0.0,0
2026-08-01T22:41:47.543,1538451,3,ON,1,452,1,0,5312498,124,300.80645751953125,1
2026-08-01T22:41:47.543,1538477,4,OFF,0,471,1,0,5312595,124,300.80645751953125,1
2026-08-01T22:41:47.701,1538570,4,ON,1,472,1,0,5312947,124,300.80645751953125,1
2026-08-01T22:41:48.005,1538966,6,ON,1,426,2,1,5314446,77,714.2857055664062,1
2026-08-01T22:41:49.411,1540315,1,OFF,0,459,1,0,5319552,174,0.0,0
2026-08-01T22:41:49.571,1540543,1,ON,1,460,1,0,5320415,192,114.58333587646484,1
2026-08-01T22:41:49.572,1540508,2,OFF,0,457,1,0,5320284,192,114.58333587646484,1
2026-08-01T22:41:49.730,1540694,2,ON,1,458,1,0,5320988,192,114.58333587646484,1
2026-08-01T22:41:50.194,1541118,3,ON,1,454,2,1,5322593,73,510.9588928222656,1
2026-08-01T22:41:50.194,1541191,4,ON,1,474,2,1,5322869,73,510.9588928222656,1
2026-08-01T22:41:50.498,1541482,6,ON,1,428,2,1,5323970,77,714.2857055664062,1
2026-08-01T22:41:53.945,1544856,3,OFF,0,455,1,0,5336741,73,0.0,0
2026-08-01T22:41:54.105,1544986,3,ON,1,456,1,0,5337234,161,231.67701721191406,1
2026-08-01T22:41:54.105,1545018,4,OFF,0,475,1,0,5337355,161,231.67701721191406,1
2026-08-01T22:41:54.264,1545117,4,ON,1,476,1,0,5337729,161,231.67701721191406,1
2026-08-01T22:41:54.568,1545506,6,ON,1,430,2,1,5339202,77,714.2857055664062,1
2026-08-01T22:41:57.538,1548459,3,OFF,0,457,1,0,5350379,161,0.0,0
2026-08-01T22:41:57.699,1548613,3,ON,1,458,1,0,5350962,191,195.2879638671875,1
2026-08-01T22:41:57.699,1548651,4,OFF,0,477,1,0,5351105,191,195.2879638671875,1
2026-08-01T22:41:57.859,1548760,4,ON,1,478,1,0,5351519,191,195.2879638671875,1
2026-08-01T22:41:58.162,1549156,6,ON,1,432,2,1,5353018,77,714.2857055664062,1
2026-08-01T22:42:01.946,1552919,3,OFF,0,459,1,0,5367260,191,0.0,0
2026-08-01T22:42:02.105,1553039,3,ON,1,460,1,0,5367715,149,250.3355712890625,1
2026-08-01T22:42:02.106,1553069,4,OFF,0,479,1,0,5367828,149,250.3355712890625,1
2026-08-01T22:42:02.266,1553171,4,ON,1,480,1,0,5368214,149,250.3355712890625,1
2026-08-01T22:42:02.569,1553470,5,ON,1,190,2,1,5369347,71,774.6478881835938,1
2026-08-01T22:42:02.569,1553572,6,ON,1,434,2,1,5369732,71,774.6478881835938,1
2026-08-01T22:42:25.559,1576560,3,ON,1,462,2,1,5456745,149,0.0,0
2026-08-01T22:42:25.718,1576654,4,ON,1,482,2,1,5457102,103,362.13592529296875,1
2026-08-01T22:42:26.020,1576933,5,ON,1,192,2,1,5458157,71,774.6478881835938,1
2026-08-01T22:42:26.020,1576984,6,OFF,1,435,1,0,5458350,71,774.6478881835938,1
2026-08-01T22:42:26.180,1577034,6,ON,1,436,1,0,5458539,71,774.6478881835938,1
2026-08-01T22:42:28.062,1578988,3,OFF,0,463,1,0,5465936,103,0.0,0
2026-08-01T22:42:28.218,1579082,3,ON,1,464,1,0,5466291,120,310.8333435058594,1
2026-08-01T22:42:28.218,1579187,4,ON,1,484,2,1,5466690,120,310.8333435058594,1
2026-08-01T22:42:28.682,1579595,6,ON,1,438,2,1,5468233,71,774.6478881835938,1
2026-08-01T22:42:31.984,1582942,3,OFF,0,465,1,0,5480902,120,0.0,0
2026-08-01T22:42:32.128,1583024,3,ON,1,466,1,0,5481212,102,365.686279296875,1
2026-08-01T22:42:32.128,1583115,4,ON,1,486,2,1,5481558,102,365.686279296875,1
2026-08-01T22:42:32.448,1583424,6,OFF,0,439,1,0,5482727,71,774.6478881835938,1
2026-08-01T22:42:32.607,1583470,6,ON,1,440,1,0,5482901,71,774.6478881835938,1
2026-08-01T22:42:35.414,1586342,3,OFF,1,467,1,0,5493772,102,0.0,0
2026-08-01T22:42:35.574,1586432,3,ON,1,468,1,0,5494112,118,316.1016845703125,1
2026-08-01T22:42:35.574,1586543,4,ON,1,488,2,1,5494532,118,316.1016845703125,1
2026-08-01T22:42:36.037,1586984,6,ON,1,442,2,1,5496202,71,774.6478881835938,1
2026-08-01T22:42:37.299,1588292,2,ON,1,460,2,1,5501153,192,114.58333587646484,1
2026-08-01T22:42:38.384,1589388,3,ON,1,470,2,1,5505301,118,0.0,0
2026-08-01T22:42:38.545,1589487,4,ON,1,490,2,1,5505677,111,336.0360412597656,1
2026-08-01T22:42:38.848,1589860,6,OFF,0,443,1,0,5507089,71,774.6478881835938,1
2026-08-01T22:42:39.009,1589915,6,ON,1,444,1,0,5507297,71,774.6478881835938,1
2026-08-01T22:42:40.413,1591294,2,OFF,0,461,1,0,5512517,192,114.58333587646484,1
2026-08-01T22:42:40.731,1591588,2,ON,1,462,1,0,5513629,192,114.58333587646484,1
2026-08-01T22:42:41.354,1592316,3,OFF,0,471,1,0,5516384,111,0.0,0
2026-08-01T22:42:41.973,1592855,3,ON,1,472,1,0,5518424,111,0.0,0
2026-08-01T22:42:42.132,1593077,4,OFF,0,491,1,0,5519265,760,49.078948974609375,1
2026-08-01T22:42:42.436,1593380,3,OFF,1,473,1,0,5520412,760,0.0,0
2026-08-01T22:42:42.436,1593353,4,ON,1,492,1,0,5520309,760,0.0,0
2026-08-01T22:42:42.611,1593454,3,ON,1,474,1,0,5520692,760,0.0,0
2026-08-01T22:42:42.914,1593866,3,OFF,0,475,1,0,5522251,760,0.0,0
2026-08-01T22:42:43.074,1593963,3,ON,1,476,1,0,5522618,122,305.7377014160156,1
2026-08-01T22:42:43.074,1593989,4,OFF,1,493,1,0,5522718,122,305.7377014160156,1
2026-08-01T22:42:43.235,1594194,4,OFF,0,495,2,1,5523493,122,305.7377014160156,1
2026-08-01T22:42:43.379,1594332,3,OFF,0,477,1,0,5524016,122,0.0,0
2026-08-01T22:42:43.379,1594299,4,ON,1,496,1,0,5523890,122,0.0,0
2026-08-01T22:42:43.538,1594433,3,ON,1,478,1,0,5524397,122,0.0,0
2026-08-01T22:42:44.639,1595636,3,ON,1,480,2,1,5528952,122,0.0,0
2026-08-01T22:42:44.798,1595658,4,OFF,0,497,1,0,5529034,123,303.2520446777344,1
2026-08-01T22:42:44.941,1595939,3,OFF,0,481,1,0,5530099,123,0.0,0
2026-08-01T22:42:44.941,1595916,4,ON,1,498,1,0,5530012,123,0.0,0
2026-08-01T22:42:45.101,1596029,3,ON,1,482,1,0,5530438,123,0.0,0
2026-08-01T22:42:46.360,1597241,3,OFF,0,483,1,0,5535027,123,0.0,0
2026-08-01T22:42:46.504,1597443,3,ON,1,484,1,0,5535791,263,141.82508850097656,1
2026-08-01T22:42:46.504,1597505,4,OFF,0,499,1,0,5536025,263,141.82508850097656,1
2026-08-01T22:42:46.823,1597816,4,ON,1,500,1,0,5537203,263,141.82508850097656,1
2026-08-01T22:42:46.983,1597959,3,ON,1,486,2,1,5537745,263,0.0,0
2026-08-01T22:42:47.285,1598182,3,OFF,0,487,1,0,5538589,263,0.0,0
2026-08-01T22:42:47.445,1598345,3,ON,1,488,1,0,5539206,206,181.06796264648438,1
2026-08-01T22:42:47.445,1598389,4,OFF,0,501,1,0,5539371,206,181.06796264648438,1
2026-08-01T22:42:47.606,1598599,3,OFF,0,489,1,0,5540166,206,0.0,0
2026-08-01T22:42:47.606,1598574,4,ON,1,502,1,0,5540072,206,0.0,0
2026-08-01T22:42:47.765,1598677,3,ON,1,490,1,0,5540462,206,0.0,0
2026-08-01T22:42:47.925,1598881,3,OFF,0,491,1,0,5541234,206,0.0,0
2026-08-01T22:42:48.069,1598975,3,ON,1,492,1,0,5541590,118,316.1016845703125,1
2026-08-01T22:42:48.069,1599000,4,OFF,0,503,1,0,5541684,118,316.1016845703125,1
2026-08-01T22:42:48.229,1599195,3,OFF,0,493,1,0,5542422,118,0.0,0
2026-08-01T22:42:48.229,1599176,4,ON,1,504,1,0,5542350,118,0.0,0
2026-08-01T22:42:48.389,1599401,3,OFF,0,495,2,1,5543203,118,0.0,0
2026-08-01T22:42:48.548,1599493,3,ON,1,496,1,0,5543550,111,336.0360412597656,1
2026-08-01T22:42:48.548,1599513,4,OFF,0,505,1,0,5543627,111,336.0360412597656,1
2026-08-01T22:42:48.692,1599679,3,OFF,0,497,1,0,5544254,111,0.0,0
2026-08-01T22:42:48.692,1599662,4,ON,1,506,1,0,5544191,111,0.0,0
2026-08-01T22:42:49.012,1599955,3,ON,1,498,1,0,5545300,292,127.7397232055664,1
2026-08-01T22:42:49.012,1599972,4,OFF,0,507,1,0,5545363,292,127.7397232055664,1
2026-08-01T22:42:49.170,1600128,3,OFF,0,499,1,0,5545955,292,0.0,0
2026-08-01T22:42:49.170,1600113,4,ON,1,508,1,0,5545898,292,0.0,0
2026-08-01T22:42:49.475,1600383,3,ON,1,500,1,0,5546920,274,136.1313934326172,1
2026-08-01T22:42:49.475,1600403,4,OFF,0,509,1,0,5546995,274,136.1313934326172,1
2026-08-01T22:42:49.634,1600561,3,OFF,0,501,1,0,5547594,274,0.0,0
2026-08-01T22:42:49.634,1600545,4,ON,1,510,1,0,5547532,274,0.0,0
2026-08-01T22:42:49.793,1600791,3,ON,1,502,1,0,5548463,274,0.0,0
2026-08-01T22:42:49.937,1600943,3,OFF,0,503,1,0,5549039,251,0.0,0
2026-08-01T22:42:49.937,1600924,4,ON,1,512,2,1,5548968,251,0.0,0
2026-08-01T22:42:50.113,1601083,3,OFF,0,505,2,1,5549569,251,0.0,0
2026-08-01T22:42:50.272,1601174,3,ON,1,506,1,0,5549914,112,333.03570556640625,1
2026-08-01T22:42:50.272,1601284,4,ON,1,514,2,1,5550329,112,333.03570556640625,1
2026-08-01T22:42:50.432,1601308,3,OFF,0,507,1,0,5550420,112,0.0,0
2026-08-01T22:42:50.591,1601502,3,ON,1,508,1,0,5551155,220,169.5454559326172,1
2026-08-01T22:42:50.591,1601529,4,OFF,0,515,1,0,5551258,220,169.5454559326172,1
2026-08-01T22:42:50.751,1601640,3,OFF,0,509,1,0,5551678,220,0.0,0
2026-08-01T22:42:50.751,1601614,4,ON,1,516,1,0,5551579,220,0.0,0
2026-08-01T22:42:50.895,1601800,3,ON,1,510,1,0,5552283,184,202.71739196777344,1
2026-08-01T22:42:50.895,1601825,4,OFF,1,517,1,0,5552377,184,202.71739196777344,1
2026-08-01T22:42:51.055,1602059,3,ON,1,512,2,1,5553264,184,0.0,0
2026-08-01T22:42:51.055,1601916,4,ON,1,518,1,0,5552722,184,0.0,0
2026-08-01T22:42:51.215,1602191,3,OFF,0,513,1,0,5553763,142,0.0,0
2026-08-01T22:42:51.215,1602158,4,ON,1,520,2,1,5553638,142,0.0,0
2026-08-01T22:42:51.375,1602294,3,ON,1,514,1,0,5554152,127,293.7007751464844,1
2026-08-01T22:42:51.375,1602319,4,OFF,0,521,1,0,5554248,127,293.7007751464844,1
2026-08-01T22:42:51.533,1602518,3,ON,1,516,2,1,5555000,88,423.8636474609375,1
2026-08-01T22:42:51.533,1602550,4,OFF,0,523,2,1,5555121,88,423.8636474609375,1
2026-08-01T22:42:51.678,1602676,3,OFF,0,517,1,0,5555598,88,0.0,0
2026-08-01T22:42:51.678,1602643,4,ON,1,524,1,0,5555473,88,0.0,0
2026-08-01T22:42:51.837,1602771,3,ON,1,518,1,0,5555959,132,282.57574462890625,1
2026-08-01T22:42:51.838,1602809,4,OFF,0,525,1,0,5556103,132,282.57574462890625,1
2026-08-01T22:42:51.998,1603012,3,ON,1,520,2,1,5556870,132,0.0,0
2026-08-01T22:42:51.998,1602864,4,ON,1,526,1,0,5556311,132,0.0,0
2026-08-01T22:42:52.157,1603155,3,OFF,0,521,1,0,5557411,145,0.0,0
2026-08-01T22:42:52.157,1603118,4,ON,1,528,2,1,5557271,145,0.0,0
2026-08-01T22:42:52.300,1603222,3,ON,1,522,1,0,5557666,94,396.8085021972656,1
2026-08-01T22:42:52.300,1603250,4,OFF,0,529,1,0,5557772,94,396.8085021972656,1
2026-08-01T22:42:52.460,1603422,4,OFF,0,531,2,1,5558422,94,396.8085021972656,1
2026-08-01T22:42:52.620,1603565,3,OFF,0,523,1,0,5558963,94,0.0,0
2026-08-01T22:42:52.620,1603533,4,ON,1,532,1,0,5558842,94,0.0,0
2026-08-01T22:42:52.779,1603668,3,ON,1,524,1,0,5559353,94,0.0,0
2026-08-01T22:42:53.239,1604224,2,OFF,0,463,1,0,5561459,192,114.58333587646484,1
2026-08-01T22:42:53.558,1604483,1,OFF,0,461,1,0,5562438,192,0.0,0
2026-08-01T22:42:53.717,1604715,1,ON,1,462,1,0,5563316,192,0.0,0
2026-08-01T22:42:53.877,1604859,2,ON,1,464,1,0,5563861,192,0.0,0
2026-08-01T22:42:54.501,1605484,3,ON,1,526,2,1,5566227,94,396.8085021972656,1
2026-08-01T22:42:54.501,1605504,4,OFF,0,533,1,0,5566304,94,396.8085021972656,1
2026-08-01T22:42:54.644,1605570,4,ON,1,534,1,0,5566553,94,396.8085021972656,1
2026-08-01T22:42:54.963,1605930,6,ON,1,446,2,1,5567915,71,774.6478881835938,1
2026-08-01T22:43:03.563,1614576,3,ON,1,528,2,1,5600643,94,0.0,0
2026-08-01T22:43:03.708,1614698,4,ON,1,536,2,1,5601104,138,270.28985595703125,1
2026-08-01T22:43:04.186,1615203,6,ON,1,448,2,1,5603016,71,774.6478881835938,1
2026-08-01T22:43:04.345,1615341,3,ON,1,530,2,1,5603537,114,327.1929931640625,1
2026-08-01T22:43:04.345,1615365,4,OFF,0,537,1,0,5603628,114,327.1929931640625,1
2026-08-01T22:43:04.489,1615448,4,ON,1,538,1,0,5603942,114,327.1929931640625,1
2026-08-01T22:43:04.970,1615906,6,ON,1,450,2,1,5605677,71,774.6478881835938,1
2026-08-01T22:43:06.679,1617689,3,OFF,0,531,1,0,5612426,114,0.0,0
2026-08-01T22:43:06.838,1617793,3,ON,1,532,1,0,5612819,133,280.4511413574219,1
2026-08-01T22:43:06.838,1617823,4,OFF,0,539,1,0,5612932,133,280.4511413574219,1
2026-08-01T22:43:06.997,1617927,4,ON,1,540,1,0,5613327,133,280.4511413574219,1
2026-08-01T22:43:07.620,1618601,6,ON,1,452,2,1,5615878,71,774.6478881835938,1
2026-08-01T22:43:09.026,1619977,3,ON,1,534,2,1,5621085,106,351.88677978515625,1
2026-08-01T22:43:09.026,1620000,4,OFF,0,541,1,0,5621172,106,351.88677978515625,1
2026-08-01T22:43:09.186,1620077,4,ON,1,542,1,0,5621465,106,351.88677978515625,1
2026-08-01T22:43:09.503,1620471,6,OFF,0,453,1,0,5622955,71,774.6478881835938,1
2026-08-01T22:43:09.648,1620529,6,ON,1,454,1,0,5623176,71,774.6478881835938,1
2026-08-01T22:43:25.502,1636451,3,OFF,0,535,1,0,5683443,106,0.0,0
2026-08-01T22:43:25.645,1636562,3,ON,1,536,1,0,5683862,138,270.28985595703125,1
2026-08-01T22:43:25.645,1636590,4,OFF,0,543,1,0,5683968,138,270.28985595703125,1
2026-08-01T22:43:25.803,1636679,4,ON,1,544,1,0,5684306,138,270.28985595703125,1
2026-08-01T22:43:26.123,1637140,6,ON,1,456,2,1,5686051,71,774.6478881835938,1
2026-08-01T22:43:27.052,1638019,3,OFF,1,537,1,0,5689377,138,0.0,0
2026-08-01T22:43:27.211,1638080,3,ON,1,538,1,0,5689609,76,490.7894592285156,1
2026-08-01T22:43:27.211,1638154,4,ON,1,546,2,1,5689888,76,490.7894592285156,1
2026-08-01T22:43:27.531,1638474,6,ON,1,458,2,1,5691099,71,774.6478881835938,1
2026-08-01T22:43:29.239,1640183,3,OFF,0,539,1,0,5697568,76,0.0,0
2026-08-01T22:43:29.397,1640276,3,ON,1,540,1,0,5697920,117,318.80340576171875,1
2026-08-01T22:43:29.397,1640382,4,ON,1,548,2,1,5698321,117,318.80340576171875,1
2026-08-01T22:43:29.878,1640833,6,ON,1,460,2,1,5700029,71,774.6478881835938,1
2026-08-01T22:43:32.222,1643244,3,OFF,0,541,1,0,5709155,117,0.0,0
2026-08-01T22:43:32.365,1643370,3,ON,1,542,1,0,5709632,117,0.0,0
2026-08-01T22:43:32.525,1643495,4,ON,1,550,2,1,5710105,156,239.10256958007812,1
2026-08-01T22:43:33.004,1643982,6,ON,1,462,2,1,5711949,71,774.6478881835938,1
2026-08-01T22:43:34.872,1645884,3,OFF,0,543,1,0,5719147,156,0.0,0
2026-08-01T22:43:35.032,1645992,3,ON,1,544,1,0,5719556,137,272.2627868652344,1
2026-08-01T22:43:35.032,1646022,4,OFF,0,551,1,0,5719671,137,272.2627868652344,1
2026-08-01T22:43:35.191,1646110,4,ON,1,552,1,0,5720004,137,272.2627868652344,1
2026-08-01T22:43:35.495,1646504,6,OFF,0,463,1,0,5721494,71,774.6478881835938,1
2026-08-01T22:43:35.656,1646564,6,ON,1,464,1,0,5721721,71,774.6478881835938,1
2026-08-01T22:43:37.833,1648758,3,OFF,0,545,1,0,5730027,137,0.0,0
2026-08-01T22:43:37.991,1648871,3,ON,1,546,1,0,5730454,142,262.6760559082031,1
2026-08-01T22:43:37.991,1649002,4,ON,1,554,2,1,5730950,142,262.6760559082031,1
2026-08-01T22:43:38.471,1649458,5,ON,1,194,2,1,5732676,71,0.0,0
2026-08-01T22:43:38.615,1649619,6,ON,1,466,2,1,5733286,140,392.8571472167969,1
2026-08-01T22:43:40.803,1651763,3,OFF,0,547,1,0,5741400,142,0.0,0
2026-08-01T22:43:40.962,1651921,3,ON,1,548,1,0,5741998,194,192.26803588867188,1
2026-08-01T22:43:40.962,1651958,4,OFF,0,555,1,0,5742138,194,192.26803588867188,1
2026-08-01T22:43:41.122,1652064,4,ON,1,556,1,0,5742540,194,192.26803588867188,1
2026-08-01T22:43:41.586,1652549,6,ON,1,468,2,1,5744375,140,392.8571472167969,1
2026-08-01T22:43:46.141,1657153,3,ON,1,550,2,1,5761802,194,0.0,0
2026-08-01T22:43:46.301,1657260,4,ON,1,558,2,1,5762207,126,296.03173828125,1
2026-08-01T22:43:46.604,1657617,6,OFF,0,469,1,0,5763559,140,392.8571472167969,1
2026-08-01T22:43:46.763,1657669,6,ON,1,470,1,0,5763755,140,392.8571472167969,1
2026-08-01T22:43:49.736,1660745,3,OFF,0,551,1,0,5775399,126,0.0,0
2026-08-01T22:43:49.895,1660893,3,ON,1,552,1,0,5775960,126,0.0,0
2026-08-01T22:43:50.054,1661041,4,ON,1,560,2,1,5776520,183,203.82513427734375,1
2026-08-01T22:43:50.532,1661556,6,OFF,0,471,1,0,5778468,140,392.8571472167969,1
2026-08-01T22:43:50.690,1661629,6,ON,1,472,1,0,5778745,140,392.8571472167969,1
2026-08-01T22:43:54.921,1665908,3,OFF,0,553,1,0,5794941,183,0.0,0
2026-08-01T22:43:55.081,1666055,3,ON,1,554,1,0,5795499,185,201.6216278076172,1
2026-08-01T22:43:55.081,1666094,4,OFF,0,561,1,0,5795645,185,201.6216278076172,1
2026-08-01T22:43:55.226,1666195,4,ON,1,562,1,0,5796028,185,201.6216278076172,1
2026-08-01T22:43:55.543,1666567,5,ON,1,196,2,1,5797437,140,0.0,0
2026-08-01T22:43:55.704,1666696,6,ON,1,474,2,1,5797924,112,491.0714416503906,1
2026-08-01T22:44:08.521,1679540,3,OFF,0,555,1,0,5846539,185,0.0,0
2026-08-01T22:44:08.680,1679656,3,ON,1,556,1,0,5846979,145,257.24139404296875,1
2026-08-01T22:44:08.680,1679686,4,OFF,0,563,1,0,5847093,145,257.24139404296875,1
2026-08-01T22:44:08.841,1679775,4,ON,1,564,1,0,5847430,145,257.24139404296875,1
2026-08-01T22:44:09.161,1680150,6,OFF,0,475,1,0,5848848,112,491.0714416503906,1
2026-08-01T22:44:09.303,1680207,6,ON,1,476,1,0,5849064,112,491.0714416503906,1
2026-08-01T22:44:09.942,1680943,3,ON,1,558,2,1,5851851,135,276.2962951660156,1
2026-08-01T22:44:09.942,1680970,4,OFF,0,565,1,0,5851952,135,276.2962951660156,1
2026-08-01T22:44:10.100,1681050,4,ON,1,566,1,0,5852256,135,276.2962951660156,1
2026-08-01T22:44:10.421,1681337,5,ON,1,198,2,1,5853341,73,753.4246826171875,1
2026-08-01T22:44:10.421,1681439,6,ON,1,478,2,1,5853727,73,753.4246826171875,1
2026-08-01T22:44:13.852,1684801,3,OFF,0,559,1,0,5866453,135,0.0,0
2026-08-01T22:44:14.011,1684923,3,ON,1,560,1,0,5866916,155,240.64515686035156,1
2026-08-01T22:44:14.011,1684957,4,OFF,1,567,1,0,5867044,155,240.64515686035156,1
2026-08-01T22:44:14.170,1685045,4,ON,1,568,1,0,5867377,155,240.64515686035156,1
2026-08-01T22:44:14.474,1685442,6,ON,1,480,2,1,5868879,73,753.4246826171875,1
2026-08-01T22:44:16.043,1687011,3,OFF,0,561,1,0,5874818,155,0.0,0
2026-08-01T22:44:16.202,1687115,3,ON,1,562,1,0,5875213,136,274.26470947265625,1
2026-08-01T22:44:16.202,1687232,4,ON,1,570,2,1,5875656,136,274.26470947265625,1
2026-08-01T22:44:16.663,1687630,6,ON,1,482,2,1,5877161,73,753.4246826171875,1
2026-08-01T22:44:19.183,1690132,3,OFF,0,563,1,0,5886633,136,0.0,0
2026-08-01T22:44:19.342,1690312,3,ON,1,564,1,0,5887313,222,168.0180206298828,1
2026-08-01T22:44:19.342,1690355,4,OFF,0,571,1,0,5887477,222,168.0180206298828,1
2026-08-01T22:44:19.501,1690473,4,ON,1,572,1,0,5887923,222,168.0180206298828,1
2026-08-01T22:44:19.980,1690976,6,ON,1,484,2,1,5889826,73,753.4246826171875,1
2026-08-01T22:44:21.381,1692371,3,ON,1,566,2,1,5895108,122,305.7377014160156,1
2026-08-01T22:44:21.381,1692398,4,OFF,0,573,1,0,5895210,122,305.7377014160156,1
2026-08-01T22:44:21.541,1692483,4,ON,1,574,1,0,5895531,122,305.7377014160156,1
2026-08-01T22:44:21.861,1692852,6,OFF,0,485,1,0,5896927,73,753.4246826171875,1
2026-08-01T22:44:22.020,1692908,6,ON,1,486,1,0,5897139,73,753.4246826171875,1
2026-08-01T22:44:24.208,1695221,3,OFF,0,567,1,0,5905894,122,0.0,0
2026-08-01T22:44:24.367,1695352,3,ON,1,568,1,0,5906390,161,231.67701721191406,1
2026-08-01T22:44:24.368,1695383,4,OFF,0,575,1,0,5906508,161,231.67701721191406,1
2026-08-01T22:44:24.527,1695477,4,ON,1,576,1,0,5906863,161,231.67701721191406,1
2026-08-01T22:44:24.842,1695853,6,OFF,0,487,1,0,5908287,73,753.4246826171875,1
2026-08-01T22:44:25.000,1695909,6,ON,1,488,1,0,5908499,73,753.4246826171875,1
2026-08-01T22:44:27.189,1698131,3,OFF,0,569,1,0,5916909,161,0.0,0
2026-08-01T22:44:27.349,1698282,3,ON,1,570,1,0,5917482,185,201.6216278076172,1
2026-08-01T22:44:27.349,1698317,4,OFF,0,577,1,0,5917613,185,201.6216278076172,1
2026-08-01T22:44:27.507,1698415,4,ON,1,578,1,0,5917984,185,201.6216278076172,1
2026-08-01T22:44:27.824,1698857,6,ON,1,490,2,1,5919657,73,753.4246826171875,1
2026-08-01T22:44:30.008,1700985,3,OFF,0,571,1,0,5927712,185,0.0,0
2026-08-01T22:44:30.168,1701088,3,ON,1,572,1,0,5928103,131,284.7328186035156,1
2026-08-01T22:44:30.168,1701196,4,ON,1,580,2,1,5928512,131,284.7328186035156,1
2026-08-01T22:44:30.487,1701519,6,OFF,0,491,1,0,5929733,73,753.4246826171875,1
2026-08-01T22:44:30.630,1701563,6,ON,1,492,1,0,5929901,73,753.4246826171875,1
2026-08-01T22:44:32.353,1703379,3,ON,1,574,2,1,5936775,131,0.0,0
2026-08-01T22:44:32.512,1703476,4,ON,1,582,2,1,5937142,112,333.03570556640625,1
2026-08-01T22:44:32.671,1703706,5,OFF,0,199,1,0,5938012,73,0.0,0
2026-08-01T22:44:32.831,1703720,5,ON,1,200,1,0,5938065,77,714.2857055664062,1
2026-08-01T22:44:32.831,1703827,6,ON,1,494,2,1,5938470,77,714.2857055664062,1
2026-08-01T22:44:43.454,1714416,2,OFF,0,465,1,0,5978551,30000,0.7333333492279053,1
2026-08-01T22:44:43.612,1714506,2,ON,1,466,1,0,5978891,30000,0.7333333492279053,1
2026-08-01T22:44:43.757,1714784,1,OFF,0,463,1,0,5979943,30000,0.0,0
2026-08-01T22:44:43.916,1714884,2,OFF,0,467,1,0,5980323,99,222.22222900390625,1
2026-08-01T22:44:44.075,1715100,1,ON,1,464,1,0,5981140,99,222.22222900390625,1
2026-08-01T22:44:44.076,1715064,2,ON,1,468,1,0,5981003,99,222.22222900390625,1
2026-08-01T22:44:44.076,1715050,3,ON,1,576,2,1,5980950,97,384.53607177734375,1
2026-08-01T22:44:44.076,1715071,4,OFF,0,583,1,0,5981031,97,384.53607177734375,1
2026-08-01T22:44:44.235,1715139,4,ON,1,584,1,0,5981287,97,384.53607177734375,1
2026-08-01T22:44:44.538,1715499,6,ON,1,496,2,1,5982651,77,714.2857055664062,1
2026-08-01T22:44:45.177,1716189,3,OFF,0,577,1,0,5985262,97,0.0,0
2026-08-01T22:44:45.321,1716241,3,ON,1,578,1,0,5985458,67,556.7164306640625,1
2026-08-01T22:44:45.321,1716306,4,ON,1,586,2,1,5985704,67,556.7164306640625,1
2026-08-01T22:44:45.640,1716592,6,ON,1,498,2,1,5986788,77,714.2857055664062,1
2026-08-01T22:44:46.896,1717900,3,OFF,0,579,1,0,5991739,67,0.0,0
2026-08-01T22:44:47.055,1717972,3,ON,1,580,1,0,5992011,91,409.8901062011719,1
2026-08-01T22:44:47.055,1718056,4,ON,1,588,2,1,5992328,91,409.8901062011719,1
2026-08-01T22:44:47.373,1718407,2,OFF,0,469,1,0,5993657,99,222.22222900390625,1
2026-08-01T22:44:47.373,1718385,6,ON,1,500,2,1,5993575,77,714.2857055664062,1
2026-08-01T22:44:47.532,1718561,2,ON,1,470,1,0,5994241,99,222.22222900390625,1
2026-08-01T22:44:47.834,1718746,2,OFF,0,471,1,0,5994940,99,222.22222900390625,1
2026-08-01T22:44:48.153,1719060,2,ON,1,472,1,0,5996130,99,222.22222900390625,1
2026-08-01T22:44:48.615,1719614,3,ON,1,582,2,1,5998227,120,310.8333435058594,1
2026-08-01T22:44:48.615,1719639,4,OFF,0,589,1,0,5998320,120,310.8333435058594,1
2026-08-01T22:44:48.775,1719713,4,ON,1,590,1,0,5998601,120,310.8333435058594,1
2026-08-01T22:44:48.933,1719969,5,ON,1,202,2,1,5999570,77,0.0,0
2026-08-01T22:44:49.093,1720060,6,ON,1,502,2,1,5999915,80,687.5,1
2026-08-01T22:44:50.657,1721632,2,OFF,0,473,1,0,6005864,99,222.22222900390625,1
2026-08-01T22:44:51.294,1722279,2,ON,1,474,1,0,6008313,99,222.22222900390625,1
2026-08-01T22:44:51.613,1722625,3,ON,1,584,2,1,6009624,102,365.686279296875,1
2026-08-01T22:44:51.613,1722648,4,OFF,0,591,1,0,6009711,102,365.686279296875,1
2026-08-01T22:44:51.758,1722716,4,ON,1,592,1,0,6009967,102,365.686279296875,1
2026-08-01T22:44:52.076,1723052,6,ON,1,504,2,1,6011239,80,687.5,1
2026-08-01T22:44:53.634,1724618,1,ON,1,466,2,1,6017167,35,628.5714111328125,1
2026-08-01T22:44:53.634,1724557,2,OFF,0,475,1,0,6016937,35,628.5714111328125,1
2026-08-01T22:44:53.951,1724921,1,ON,1,468,2,1,6018314,35,0.0,0
2026-08-01T22:44:53.951,1724844,2,ON,1,476,1,0,6018022,35,0.0,0
2026-08-01T22:44:54.416,1725310,1,OFF,0,469,1,0,6019787,35,0.0,0
2026-08-01T22:44:54.575,1725544,3,OFF,0,585,1,0,6020673,102,0.0,0
2026-08-01T22:44:54.735,1725653,3,ON,1,586,1,0,6021084,136,274.26470947265625,1
2026-08-01T22:44:54.735,1725763,4,ON,1,594,2,1,6021501,136,274.26470947265625,1
2026-08-01T22:44:55.182,1726149,6,ON,1,506,2,1,6022963,80,687.5,1
2026-08-01T22:44:56.456,1727368,1,ON,1,470,1,0,6027577,35,0.0,0
2026-08-01T22:44:58.338,1729348,3,ON,1,588,2,1,6035070,136,0.0,0
2026-08-01T22:44:58.498,1729485,4,ON,1,596,2,1,6035590,158,236.07594299316406,1
2026-08-01T22:44:58.961,1730001,6,ON,1,508,2,1,6037542,80,687.5,1
2026-08-01T22:45:00.385,1731340,3,ON,1,590,2,1,6042611,92,405.4347839355469,1
2026-08-01T22:45:00.385,1731426,4,ON,1,598,2,1,6042937,92,405.4347839355469,1
2026-08-01T22:45:00.703,1731672,5,ON,1,204,2,1,6043867,76,723.6842041015625,1
2026-08-01T22:45:00.703,1731734,6,OFF,0,509,1,0,6044103,76,723.6842041015625,1
2026-08-01T22:45:00.864,1731756,6,ON,1,510,1,0,6044185,76,723.6842041015625,1
2026-08-01T22:45:02.731,1733692,3,OFF,1,591,1,0,6051513,92,0.0,0
2026-08-01T22:45:02.891,1733777,3,ON,1,592,1,0,6051836,111,336.0360412597656,1
2026-08-01T22:45:02.891,1733874,4,ON,1,600,2,1,6052202,111,336.0360412597656,1
2026-08-01T22:45:03.209,1734203,6,ON,1,512,2,1,6053447,76,723.6842041015625,1
2026-08-01T22:45:05.557,1736450,3,OFF,0,593,1,0,6061953,111,0.0,0
2026-08-01T22:45:05.716,1736659,3,ON,1,594,1,0,6062745,248,150.40322875976562,1
2026-08-01T22:45:05.716,1736699,4,OFF,0,601,1,0,6062895,248,150.40322875976562,1
2026-08-01T22:45:05.876,1736806,4,ON,1,602,1,0,6063300,248,150.40322875976562,1
2026-08-01T22:45:06.180,1737108,5,ON,1,206,2,1,6064443,85,647.058837890625,1
2026-08-01T22:45:06.180,1737204,6,ON,1,514,2,1,6064807,85,647.058837890625,1
2026-08-01T22:45:23.073,1754030,1,OFF,0,471,1,0,6129840,35,0.0,0
2026-08-01T22:45:23.234,1754170,1,ON,1,472,1,0,6130510,119,184.8739471435547,1
2026-08-01T22:45:23.234,1754150,2,OFF,0,477,1,0,6130414,119,184.8739471435547,1
2026-08-01T22:45:23.393,1754291,2,ON,1,478,1,0,6131088,119,184.8739471435547,1
2026-08-01T22:45:23.696,1754712,3,OFF,0,595,1,0,6133101,248,0.0,0
2026-08-01T22:45:23.855,1754777,3,ON,1,596,1,0,6133412,82,454.8780517578125,1
2026-08-01T22:45:23.855,1754854,4,ON,1,604,2,1,6133780,82,454.8780517578125,1
2026-08-01T22:45:24.174,1755162,6,ON,1,516,2,1,6135252,85,647.058837890625,1
2026-08-01T22:45:25.114,1756147,1,OFF,0,473,1,0,6139962,119,0.0,0
2026-08-01T22:45:25.418,1756334,1,ON,1,474,1,0,6140856,159,138.36477661132812,1
2026-08-01T22:45:25.418,1756307,2,OFF,0,479,1,0,6140727,159,138.36477661132812,1
2026-08-01T22:45:25.578,1756474,2,ON,1,480,1,0,6141525,159,138.36477661132812,1
2026-08-01T22:45:25.881,1756923,3,OFF,0,597,1,0,6143672,82,0.0,0
2026-08-01T22:45:26.041,1756997,3,ON,1,598,1,0,6144026,93,401.07525634765625,1
2026-08-01T22:45:26.041,1757080,4,ON,1,606,2,1,6144422,93,401.07525634765625,1
2026-08-01T22:45:26.362,1757312,5,ON,1,208,2,1,6145532,72,763.888916015625,1
2026-08-01T22:45:26.362,1757390,6,ON,1,518,2,1,6145905,72,763.888916015625,1
2026-08-01T22:45:26.825,1757821,1,OFF,0,475,1,0,6147965,159,0.0,0
2026-08-01T22:45:26.985,1757986,1,ON,1,478,3,2,6148755,141,0.0,0
2026-08-01T22:45:26.985,1757963,2,OFF,0,481,1,0,6148645,141,0.0,0
2026-08-01T22:45:27.145,1758124,2,ON,1,482,1,0,6149414,141,0.0,0
2026-08-01T22:45:27.609,1758585,3,OFF,1,599,1,0,6151618,93,0.0,0
2026-08-01T22:45:27.768,1758658,3,ON,1,600,1,0,6151968,96,388.5416564941406,1
2026-08-01T22:45:27.768,1758746,4,ON,1,608,2,1,6152388,96,388.5416564941406,1
2026-08-01T22:45:27.925,1758970,5,OFF,1,209,1,0,6153459,72,0.0,0
2026-08-01T22:45:28.083,1758975,5,ON,1,210,1,0,6153483,68,808.8235473632812,1
2026-08-01T22:45:28.083,1759064,6,ON,1,520,2,1,6153908,68,808.8235473632812,1
2026-08-01T22:45:28.563,1759598,1,OFF,0,479,1,0,6156462,141,0.0,0
2026-08-01T22:45:28.723,1759749,2,OFF,0,483,1,0,6157184,150,146.6666717529297,1
2026-08-01T22:45:28.867,1759777,1,ON,1,480,1,0,6157318,150,146.6666717529297,1
2026-08-01T22:45:29.027,1759928,2,ON,1,484,1,0,6158039,150,146.6666717529297,1
2026-08-01T22:45:29.505,1760535,3,OFF,0,601,1,0,6160942,96,0.0,0
2026-08-01T22:45:29.649,1760632,3,ON,1,602,1,0,6161405,120,310.8333435058594,1
2026-08-01T22:45:29.649,1760656,4,OFF,0,609,1,0,6161520,120,310.8333435058594,1
2026-08-01T22:45:29.809,1760735,4,ON,1,610,1,0,6161898,120,310.8333435058594,1
2026-08-01T22:45:30.129,1761116,6,ON,1,522,2,1,6163720,68,808.8235473632812,1
2026-08-01T22:45:30.590,1761634,1,OFF,0,481,1,0,6166197,150,0.0,0
2026-08-01T22:45:30.735,1761773,2,OFF,0,485,1,0,6166861,138,159.4202880859375,1
2026-08-01T22:45:30.910,1761801,1,ON,1,482,1,0,6166995,138,159.4202880859375,1
2026-08-01T22:45:30.910,1761942,2,ON,1,486,1,0,6167669,138,159.4202880859375,1
2026-08-01T22:45:31.533,1762571,3,ON,1,604,2,1,6170677,120,0.0,0
2026-08-01T22:45:31.694,1762664,4,ON,1,612,2,1,6171121,110,339.0909118652344,1
2026-08-01T22:45:31.995,1762909,5,ON,1,212,2,1,6172292,75,733.3333129882812,1
2026-08-01T22:45:31.995,1762990,6,ON,1,524,2,1,6172680,75,733.3333129882812,1
2026-08-01T22:45:33.562,1764580,1,ON,1,484,2,1,6180282,88,250.0,1
2026-08-01T22:45:33.562,1764556,2,OFF,0,487,1,0,6180167,88,250.0,1
2026-08-01T22:45:33.722,1764695,2,ON,1,488,1,0,6180832,88,250.0,1
2026-08-01T22:45:34.026,1765036,3,OFF,0,605,1,0,6182462,110,0.0,0
2026-08-01T22:45:34.186,1765093,3,ON,1,606,1,0,6182735,72,518.0555419921875,1
2026-08-01T22:45:34.186,1765162,4,ON,1,614,2,1,6183065,72,518.0555419921875,1
2026-08-01T22:45:34.346,1765368,5,ON,1,214,2,1,6184049,75,0.0,0
2026-08-01T22:45:34.506,1765450,6,ON,1,526,2,1,6184442,68,808.8235473632812,1
2026-08-01T22:45:36.532,1767463,1,OFF,0,485,1,0,6194066,88,0.0,0
2026-08-01T22:45:36.692,1767668,1,ON,1,486,1,0,6195046,174,126.43678283691406,1
2026-08-01T22:45:36.692,1767638,2,OFF,0,489,1,0,6194903,174,126.43678283691406,1
2026-08-01T22:45:36.835,1767810,2,ON,1,490,1,0,6195726,174,126.43678283691406,1
2026-08-01T22:45:37.313,1768321,3,OFF,0,607,1,0,6198169,72,0.0,0
2026-08-01T22:45:37.473,1768407,3,ON,1,608,1,0,6198580,108,345.370361328125,1
2026-08-01T22:45:37.473,1768502,4,ON,1,616,2,1,6199034,108,345.370361328125,1
2026-08-01T22:45:37.776,1768755,5,ON,1,216,2,1,6200244,77,714.2857055664062,1
2026-08-01T22:45:37.776,1768820,6,OFF,0,527,1,0,6200554,77,714.2857055664062,1
2026-08-01T22:45:37.936,1768843,6,ON,1,528,1,0,6200665,77,714.2857055664062,1
2026-08-01T22:45:38.561,1769489,1,OFF,0,487,1,0,6203753,174,0.0,0
2026-08-01T22:45:38.721,1769683,1,ON,1,488,1,0,6204681,164,134.14634704589844,1
2026-08-01T22:45:38.721,1769654,2,OFF,0,491,1,0,6204542,164,134.14634704589844,1
2026-08-01T22:45:38.881,1769830,2,ON,1,492,1,0,6205383,164,134.14634704589844,1
2026-08-01T22:45:39.342,1770378,3,OFF,0,609,1,0,6208004,108,0.0,0
2026-08-01T22:45:39.502,1770460,3,ON,1,610,1,0,6208396,102,365.686279296875,1
2026-08-01T22:45:39.502,1770547,4,ON,1,618,2,1,6208812,102,365.686279296875,1
2026-08-01T22:45:39.805,1770789,5,ON,1,218,2,1,6209969,75,733.3333129882812,1
2026-08-01T22:45:39.805,1770852,6,OFF,0,529,1,0,6210270,75,733.3333129882812,1
2026-08-01T22:45:39.966,1770875,6,ON,1,530,1,0,6210380,75,733.3333129882812,1
2026-08-01T22:45:41.067,1772082,1,OFF,0,489,1,0,6216151,164,0.0,0
2026-08-01T22:45:41.211,1772250,1,ON,1,490,1,0,6216954,144,152.77777099609375,1
2026-08-01T22:45:41.211,1772227,2,OFF,0,493,1,0,6216844,144,152.77777099609375,1
2026-08-01T22:45:41.371,1772385,2,ON,1,494,1,0,6217600,144,152.77777099609375,1
2026-08-01T22:45:41.848,1772885,3,OFF,0,611,1,0,6219990,102,0.0,0
2026-08-01T22:45:41.992,1772969,3,ON,1,612,1,0,6220392,107,348.59814453125,1
2026-08-01T22:45:41.992,1772993,4,OFF,0,619,1,0,6220507,107,348.59814453125,1
2026-08-01T22:45:42.152,1773064,4,ON,1,620,1,0,6220846,107,348.59814453125,1
2026-08-01T22:45:42.470,1773420,6,ON,1,532,2,1,6222548,75,733.3333129882812,1
2026-08-01T22:45:44.034,1774964,1,OFF,0,491,1,0,6229930,144,0.0,0
2026-08-01T22:45:44.178,1775146,1,ON,1,492,1,0,6230801,152,144.73684692382812,1
2026-08-01T22:45:44.178,1775117,2,OFF,0,495,1,0,6230662,152,144.73684692382812,1
2026-08-01T22:45:44.338,1775291,2,ON,1,496,1,0,6231494,152,144.73684692382812,1
2026-08-01T22:45:44.961,1775911,3,OFF,1,613,1,0,6234458,107,0.0,0
2026-08-01T22:45:45.118,1776012,3,ON,1,614,1,0,6234941,127,293.7007751464844,1
2026-08-01T22:45:45.118,1776121,4,ON,1,622,2,1,6235463,127,293.7007751464844,1
2026-08-01T22:45:45.597,1776566,6,ON,1,534,2,1,6237590,75,733.3333129882812,1
2026-08-01T22:46:03.744,1794691,1,OFF,0,493,1,0,6324250,152,0.0,0
2026-08-01T22:46:03.904,1794834,1,ON,1,494,1,0,6324934,119,184.8739471435547,1
2026-08-01T22:46:03.904,1794811,2,OFF,0,497,1,0,6324824,119,184.8739471435547,1
2026-08-01T22:46:04.064,1794968,2,ON,1,498,1,0,6325574,119,184.8739471435547,1
2026-08-01T22:46:04.527,1795523,3,OFF,0,615,1,0,6328228,127,0.0,0
2026-08-01T22:46:04.685,1795617,3,ON,1,616,1,0,6328678,118,316.1016845703125,1
2026-08-01T22:46:04.685,1795718,4,ON,1,624,2,1,6329160,118,316.1016845703125,1
2026-08-01T22:46:04.989,1795975,5,ON,1,220,2,1,6330389,79,696.2025146484375,1
2026-08-01T22:46:04.989,1796041,6,OFF,0,535,1,0,6330705,79,696.2025146484375,1
2026-08-01T22:46:05.149,1796064,6,ON,1,536,1,0,6330815,79,696.2025146484375,1
2026-08-01T22:46:05.930,1796961,1,OFF,0,495,1,0,6335104,119,0.0,0
2026-08-01T22:46:06.089,1797138,1,ON,1,496,1,0,6335950,151,145.6953582763672,1
2026-08-01T22:46:06.089,1797113,2,OFF,0,499,1,0,6335830,151,145.6953582763672,1
2026-08-01T22:46:06.248,1797267,2,ON,1,500,1,0,6336567,151,145.6953582763672,1
2026-08-01T22:46:06.712,1797707,3,OFF,0,617,1,0,6338671,118,0.0,0
2026-08-01T22:46:06.872,1797783,3,ON,1,618,1,0,6339034,95,392.631591796875,1
2026-08-01T22:46:06.872,1797869,4,ON,1,626,2,1,6339445,95,392.631591796875,1
2026-08-01T22:46:07.191,1798116,5,ON,1,222,2,1,6340626,61,901.6393432617188,1
2026-08-01T22:46:07.191,1798196,6,ON,1,538,2,1,6341008,61,901.6393432617188,1
2026-08-01T22:46:07.493,1798520,1,ON,1,498,2,1,6342557,99,222.22222900390625,1
2026-08-01T22:46:07.493,1798495,2,OFF,0,501,1,0,6342438,99,222.22222900390625,1
2026-08-01T22:46:07.653,1798641,2,ON,1,502,1,0,6343136,99,222.22222900390625,1
2026-08-01T22:46:07.973,1799006,3,OFF,0,619,1,0,6344881,95,0.0,0
2026-08-01T22:46:08.117,1799066,3,ON,1,620,1,0,6345168,76,490.7894592285156,1
2026-08-01T22:46:08.117,1799138,4,ON,1,628,2,1,6345513,76,490.7894592285156,1
2026-08-01T22:46:08.437,1799347,5,ON,1,224,2,1,6346512,67,820.8955078125,1
2026-08-01T22:46:08.437,1799432,6,ON,1,540,2,1,6346918,67,820.8955078125,1
2026-08-01T22:46:09.219,1800131,1,OFF,0,499,1,0,6350260,99,0.0,0
2026-08-01T22:46:09.378,1800316,1,ON,1,502,3,2,6351145,155,0.0,0
2026-08-01T22:46:09.378,1800287,2,OFF,0,503,1,0,6351006,155,0.0,0
2026-08-01T22:46:09.538,1800491,2,ON,1,504,1,0,6351982,155,0.0,0
2026-08-01T22:46:10.178,1801195,3,ON,1,622,2,1,6355348,118,316.1016845703125,1
2026-08-01T22:46:10.178,1801224,4,OFF,0,629,1,0,6355486,118,316.1016845703125,1
2026-08-01T22:46:10.322,1801298,4,ON,1,630,1,0,6355840,118,316.1016845703125,1
2026-08-01T22:46:10.641,1801559,5,ON,1,226,2,1,6357088,77,714.2857055664062,1
2026-08-01T22:46:10.641,1801645,6,ON,1,542,2,1,6357499,77,714.2857055664062,1
2026-08-01T22:46:10.960,1801971,1,OFF,0,503,1,0,6359058,155,0.0,0
2026-08-01T22:46:11.102,1802157,2,OFF,0,505,1,0,6359947,185,118.9189224243164,1
2026-08-01T22:46:11.263,1802186,1,ON,1,504,1,0,6360086,185,118.9189224243164,1
2026-08-01T22:46:11.422,1802326,2,ON,1,506,1,0,6360755,185,118.9189224243164,1
2026-08-01T22:46:11.886,1802941,3,ON,1,624,2,1,6363695,118,0.0,0
2026-08-01T22:46:12.046,1803038,4,ON,1,632,2,1,6364159,109,342.20184326171875,1
2026-08-01T22:46:12.207,1803126,1,OFF,0,505,1,0,6364580,185,0.0,0
2026-08-01T22:46:12.365,1803319,1,ON,1,506,1,0,6365503,165,133.3333282470703,1
2026-08-01T22:46:12.365,1803292,2,OFF,0,507,1,0,6365374,165,133.3333282470703,1
2026-08-01T22:46:12.365,1803372,6,OFF,1,543,1,0,6365756,77,714.2857055664062,1
2026-08-01T22:46:12.508,1803470,2,ON,1,508,1,0,6366225,165,133.3333282470703,1
2026-08-01T22:46:12.508,1803422,6,ON,1,544,1,0,6365995,77,714.2857055664062,1
2026-08-01T22:46:13.146,1804108,3,OFF,0,625,1,0,6369275,109,0.0,0
2026-08-01T22:46:13.290,1804218,3,ON,1,626,1,0,6369801,138,270.28985595703125,1
2026-08-01T22:46:13.290,1804333,4,ON,1,634,2,1,6370351,138,270.28985595703125,1
2026-08-01T22:46:13.769,1804744,6,ON,1,546,2,1,6372316,77,714.2857055664062,1
2026-08-01T22:46:14.071,1805094,1,OFF,0,507,1,0,6373989,165,0.0,0
2026-08-01T22:46:14.232,1805267,1,ON,1,508,1,0,6374817,148,148.64865112304688,1
2026-08-01T22:46:14.232,1805243,2,OFF,0,509,1,0,6374702,148,148.64865112304688,1
2026-08-01T22:46:14.393,1805399,2,ON,1,510,1,0,6375448,148,148.64865112304688,1
2026-08-01T22:46:15.016,1806010,3,ON,1,628,2,1,6378369,112,333.03570556640625,1
2026-08-01T22:46:15.016,1806035,4,OFF,0,635,1,0,6378489,112,333.03570556640625,1
2026-08-01T22:46:15.176,1806109,4,ON,1,636,1,0,6378842,112,333.03570556640625,1
2026-08-01T22:46:15.480,1806473,6,ON,1,548,2,1,6380583,77,714.2857055664062,1
2026-08-01T22:46:15.956,1806962,1,OFF,0,509,1,0,6382921,148,0.0,0
2026-08-01T22:46:16.100,1807143,1,ON,1,510,1,0,6383786,150,146.6666717529297,1
2026-08-01T22:46:16.100,1807113,2,OFF,0,511,1,0,6383643,150,146.6666717529297,1
2026-08-01T22:46:16.261,1807289,2,ON,1,512,1,0,6384484,150,146.6666717529297,1
2026-08-01T22:46:16.885,1807863,3,OFF,0,629,1,0,6387229,112,0.0,0
2026-08-01T22:46:17.044,1807956,3,ON,1,630,1,0,6387673,117,318.80340576171875,1
2026-08-01T22:46:17.044,1808056,4,ON,1,638,2,1,6388152,117,318.80340576171875,1
2026-08-01T22:46:17.365,1808307,1,OFF,0,511,1,0,6389352,150,0.0,0
2026-08-01T22:46:17.365,1808315,5,ON,1,228,2,1,6389390,78,705.1282348632812,1
2026-08-01T22:46:17.365,1808403,6,ON,1,550,2,1,6389811,78,705.1282348632812,1
2026-08-01T22:46:17.510,1808513,1,ON,1,512,1,0,6390337,173,127.16763305664062,1
2026-08-01T22:46:17.510,1808481,2,OFF,0,513,1,0,6390184,173,127.16763305664062,1
2026-08-01T22:46:17.670,1808693,2,ON,1,514,1,0,6391197,173,127.16763305664062,1
2026-08-01T22:46:19.087,1810108,3,OFF,0,631,1,0,6397963,117,0.0,0
2026-08-01T22:46:19.247,1810286,3,ON,1,632,1,0,6398814,117,0.0,0
2026-08-01T22:46:19.407,1810425,1,OFF,0,513,1,0,6399479,173,0.0,0
2026-08-01T22:46:19.407,1810332,4,OFF,1,639,1,0,6399034,223,167.2645721435547,1
2026-08-01T22:46:19.567,1810618,1,ON,1,514,1,0,6400401,165,133.3333282470703,1
2026-08-01T22:46:19.567,1810591,2,OFF,0,515,1,0,6400272,165,133.3333282470703,1
2026-08-01T22:46:19.567,1810464,4,ON,1,640,1,0,6399665,223,167.2645721435547,1
2026-08-01T22:46:19.711,1810755,2,ON,1,516,1,0,6401056,165,133.3333282470703,1
2026-08-01T22:46:20.174,1811223,6,ON,1,552,2,1,6403294,78,705.1282348632812,1
2026-08-01T22:46:20.349,1811308,3,ON,1,634,2,1,6403700,97,384.53607177734375,1
2026-08-01T22:46:20.349,1811396,4,ON,1,642,2,1,6404121,97,384.53607177734375,1
2026-08-01T22:46:20.652,1811649,5,ON,1,230,2,1,6405331,70,785.7142944335938,1
2026-08-01T22:46:20.652,1811691,6,OFF,0,553,1,0,6405532,70,785.7142944335938,1
2026-08-01T22:46:20.811,1811732,6,ON,1,554,1,0,6405727,70,785.7142944335938,1
2026-08-01T22:46:33.150,1824109,1,OFF,0,515,1,0,6464905,165,0.0,0
2026-08-01T22:46:33.310,1824285,1,ON,1,516,1,0,6465746,152,144.73684692382812,1
2026-08-01T22:46:33.310,1824262,2,OFF,0,517,1,0,6465636,152,144.73684692382812,1
2026-08-01T22:46:33.470,1824410,2,ON,1,518,1,0,6466344,152,144.73684692382812,1
2026-08-01T22:46:33.932,1824919,3,ON,1,636,2,1,6468778,93,401.07525634765625,1
2026-08-01T22:46:33.932,1824940,4,OFF,0,643,1,0,6468878,93,401.07525634765625,1
2026-08-01T22:46:34.093,1825004,4,ON,1,644,1,0,6469184,93,401.07525634765625,1
2026-08-01T22:46:34.253,1825249,5,ON,1,232,2,1,6470356,75,733.3333129882812,1
2026-08-01T22:46:34.253,1825294,6,OFF,0,555,1,0,6470571,75,733.3333129882812,1
2026-08-01T22:46:34.413,1825335,6,ON,1,556,1,0,6470767,75,733.3333129882812,1
2026-08-01T22:46:35.346,1826326,1,OFF,0,517,1,0,6475505,152,0.0,0
2026-08-01T22:46:35.504,1826511,1,ON,1,518,1,0,6476389,161,136.64596557617188,1
2026-08-01T22:46:35.504,1826488,2,OFF,0,519,1,0,6476280,161,136.64596557617188,1
2026-08-01T22:46:35.648,1826632,2,ON,1,520,1,0,6476968,161,136.64596557617188,1
2026-08-01T22:46:35.966,1827015,3,OFF,0,637,1,0,6478799,93,0.0,0
2026-08-01T22:46:36.126,1827078,3,ON,1,638,1,0,6479100,79,472.1518859863281,1
2026-08-01T22:46:36.126,1827152,4,ON,1,646,2,1,6479454,79,472.1518859863281,1
2026-08-01T22:46:36.427,1827381,5,ON,1,234,2,1,6480549,54,1018.5184936523438,1
2026-08-01T22:46:36.427,1827461,6,ON,1,558,2,1,6480932,54,1018.5184936523438,1
2026-08-01T22:46:38.003,1829008,1,OFF,0,519,1,0,6488328,161,0.0,0
2026-08-01T22:46:38.162,1829189,1,ON,1,520,1,0,6489194,154,142.85714721679688,1
2026-08-01T22:46:38.162,1829163,2,OFF,0,521,1,0,6489069,154,142.85714721679688,1
2026-08-01T22:46:38.306,1829313,2,ON,1,522,1,0,6489787,154,142.85714721679688,1
2026-08-01T22:46:38.780,1829788,3,ON,1,640,2,1,6492058,88,423.8636474609375,1
2026-08-01T22:46:38.780,1829808,4,OFF,0,647,1,0,6492153,88,423.8636474609375,1
2026-08-01T22:46:38.939,1829869,4,ON,1,648,1,0,6492445,88,423.8636474609375,1
2026-08-01T22:46:39.096,1830084,5,ON,1,236,2,1,6493473,69,797.1014404296875,1
2026-08-01T22:46:39.096,1830146,6,OFF,0,559,1,0,6493770,69,797.1014404296875,1
2026-08-01T22:46:39.255,1830187,6,ON,1,560,1,0,6493966,69,797.1014404296875,1
2026-08-01T22:46:39.715,1830710,1,OFF,0,521,1,0,6496466,154,0.0,0
2026-08-01T22:46:39.874,1830872,1,ON,1,522,1,0,6497241,140,157.14285278320312,1
2026-08-01T22:46:39.874,1830851,2,OFF,0,523,1,0,6497140,140,157.14285278320312,1
2026-08-01T22:46:40.033,1830996,2,ON,1,524,1,0,6497833,140,157.14285278320312,1
2026-08-01T22:46:40.336,1831375,3,OFF,0,641,1,0,6499645,88,0.0,0
2026-08-01T22:46:40.496,1831439,3,ON,1,642,1,0,6499951,82,454.8780517578125,1
2026-08-01T22:46:40.496,1831516,4,ON,1,650,2,1,6500320,82,454.8780517578125,1
2026-08-01T22:46:40.814,1831824,6,ON,1,562,2,1,6501792,69,797.1014404296875,1
2026-08-01T22:46:48.007,1839004,1,OFF,0,523,1,0,6536122,140,0.0,0
2026-08-01T22:46:48.150,1839171,1,ON,1,524,1,0,6536920,138,159.4202880859375,1
2026-08-01T22:46:48.150,1839143,2,OFF,0,525,1,0,6536786,138,159.4202880859375,1
2026-08-01T22:46:48.310,1839308,2,ON,1,526,1,0,6537575,138,159.4202880859375,1
2026-08-01T22:46:48.930,1839955,3,ON,1,644,2,1,6540669,117,318.80340576171875,1
2026-08-01T22:46:48.930,1839980,4,OFF,0,651,1,0,6540788,117,318.80340576171875,1
2026-08-01T22:46:49.090,1840057,4,ON,1,652,1,0,6541157,117,318.80340576171875,1
2026-08-01T22:46:49.410,1840452,6,ON,1,564,2,1,6543045,69,797.1014404296875,1
2026-08-01T22:46:49.570,1840581,1,OFF,0,525,1,0,6543662,138,0.0,0
2026-08-01T22:46:49.713,1840756,1,ON,1,526,1,0,6544498,153,143.7908477783203,1
2026-08-01T22:46:49.713,1840735,2,OFF,0,527,1,0,6544398,153,143.7908477783203,1
2026-08-01T22:46:49.872,1840876,2,ON,1,528,1,0,6545072,153,143.7908477783203,1
2026-08-01T22:46:50.350,1841338,3,ON,1,646,2,1,6547281,85,438.8235168457031,1
2026-08-01T22:46:50.350,1841357,4,OFF,1,653,1,0,6547372,85,438.8235168457031,1
2026-08-01T22:46:50.494,1841416,4,ON,1,654,1,0,6547654,85,438.8235168457031,1
2026-08-01T22:46:50.652,1841693,6,OFF,0,565,1,0,6548978,69,797.1014404296875,1
2026-08-01T22:46:50.810,1841733,6,ON,1,566,1,0,6549170,69,797.1014404296875,1
2026-08-01T22:46:51.591,1842606,1,OFF,0,527,1,0,6553344,153,0.0,0
2026-08-01T22:46:51.749,1842785,1,ON,1,530,3,2,6554200,154,0.0,0
2026-08-01T22:46:51.749,1842761,2,OFF,0,529,1,0,6554085,154,0.0,0
2026-08-01T22:46:51.908,1842933,2,ON,1,530,1,0,6554907,154,0.0,0
2026-08-01T22:46:52.528,1843504,3,OFF,1,647,1,0,6557637,85,0.0,0
2026-08-01T22:46:52.672,1843593,3,ON,1,648,1,0,6558063,116,321.5517272949219,1
2026-08-01T22:46:52.672,1843695,4,ON,1,656,2,1,6558550,116,321.5517272949219,1
2026-08-01T22:46:53.007,1843943,5,ON,1,238,2,1,6559736,75,733.3333129882812,1
2026-08-01T22:46:53.007,1844034,6,ON,1,568,2,1,6560172,75,733.3333129882812,1
2026-08-01T22:46:58.164,1849086,1,OFF,0,531,1,0,6584326,154,0.0,0
2026-08-01T22:46:58.324,1849280,1,ON,1,532,1,0,6585254,166,132.53012084960938,1
2026-08-01T22:46:58.324,1849253,2,OFF,0,531,1,0,6585125,166,132.53012084960938,1
2026-08-01T22:46:58.483,1849422,2,ON,1,532,1,0,6585933,166,132.53012084960938,1
2026-08-01T22:46:58.643,1849687,1,ON,1,534,2,1,6587200,58,379.3103332519531,1
2026-08-01T22:46:58.643,1849689,2,OFF,0,533,1,0,6587210,58,379.3103332519531,1
2026-08-01T22:46:58.802,1849718,2,ON,1,534,1,0,6587348,58,379.3103332519531,1
2026-08-01T22:46:58.802,1849861,3,OFF,0,649,1,0,6588032,116,0.0,0
2026-08-01T22:46:58.946,1850004,3,ON,1,654,5,4,6588715,46,0.0,0
2026-08-01T22:46:58.946,1849946,4,ON,1,658,2,1,6588438,46,0.0,0
2026-08-01T22:46:59.104,1850062,4,ON,1,660,2,1,6588993,31,1203.225830078125,1
2026-08-01T22:46:59.104,1850140,6,OFF,1,569,1,0,6589366,75,733.3333129882812,1
2026-08-01T22:46:59.262,1850297,6,OFF,0,571,2,1,6590117,75,733.3333129882812,1
2026-08-01T22:46:59.421,1850335,6,ON,1,572,1,0,6590298,75,733.3333129882812,1
2026-08-01T22:47:00.203,1851148,1,OFF,0,535,1,0,6594185,58,0.0,0
2026-08-01T22:47:00.362,1851313,1,ON,1,536,1,0,6594974,130,169.23077392578125,1
2026-08-01T22:47:00.362,1851279,2,OFF,0,535,1,0,6594811,130,169.23077392578125,1
2026-08-01T22:47:00.523,1851453,2,ON,1,536,1,0,6595643,130,169.23077392578125,1
2026-08-01T22:47:01.146,1852184,3,ON,1,656,2,1,6599139,31,0.0,0
2026-08-01T22:47:01.290,1852292,4,ON,1,662,2,1,6599655,129,289.14727783203125,1
2026-08-01T22:47:01.611,1852632,6,OFF,0,573,1,0,6601281,75,733.3333129882812,1
2026-08-01T22:47:01.770,1852685,6,ON,1,574,1,0,6601534,75,733.3333129882812,1
2026-08-01T22:47:11.334,1862302,1,OFF,0,537,1,0,6647515,130,0.0,0
2026-08-01T22:47:11.477,1862471,1,ON,1,538,1,0,6648323,137,160.5839385986328,1
2026-08-01T22:47:11.477,1862440,2,OFF,0,537,1,0,6648175,137,160.5839385986328,1
2026-08-01T22:47:11.637,1862590,2,ON,1,538,1,0,6648892,137,160.5839385986328,1
2026-08-01T22:47:11.957,1862982,3,OFF,0,657,1,0,6650766,129,0.0,0
2026-08-01T22:47:12.116,1863049,3,ON,1,658,1,0,6651087,84,444.047607421875,1
2026-08-01T22:47:12.116,1863126,4,ON,1,664,2,1,6651455,84,444.047607421875,1
2026-08-01T22:47:12.420,1863369,5,ON,1,240,2,1,6652617,50,1100.0,1
2026-08-01T22:47:12.420,1863456,6,ON,1,576,2,1,6653033,50,1100.0,1
2026-08-01T22:47:12.740,1863678,1,OFF,0,539,1,0,6654094,137,0.0,0
2026-08-01T22:47:12.884,1863834,1,ON,1,540,1,0,6654840,130,169.23077392578125,1
2026-08-01T22:47:12.884,1863945,2,ON,1,540,2,1,6655371,130,169.23077392578125,1
2026-08-01T22:47:13.364,1864345,3,ON,1,660,2,1,6657284,72,518.0555419921875,1
2026-08-01T22:47:13.364,1864414,4,ON,1,666,2,1,6657613,72,518.0555419921875,1
2026-08-01T22:47:13.667,1864637,5,ON,1,242,2,1,6658679,61,901.6393432617188,1
2026-08-01T22:47:13.667,1864715,6,ON,1,578,2,1,6659053,61,901.6393432617188,1
2026-08-01T22:47:14.452,1865501,1,OFF,0,541,1,0,6662810,130,0.0,0
2026-08-01T22:47:14.610,1865648,2,OFF,0,541,1,0,6663513,146,150.6849365234375,1
2026-08-01T22:47:14.769,1865679,1,ON,1,542,1,0,6663661,146,150.6849365234375,1
2026-08-01T22:47:14.769,1865806,2,ON,1,542,1,0,6664269,146,150.6849365234375,1
2026-08-01T22:47:15.232,1866236,3,OFF,0,661,1,0,6666325,72,0.0,0
2026-08-01T22:47:15.392,1866311,3,ON,1,662,1,0,6666683,93,401.07525634765625,1
2026-08-01T22:47:15.392,1866395,4,ON,1,668,2,1,6667085,93,401.07525634765625,1
2026-08-01T22:47:15.695,1866630,5,ON,1,244,2,1,6668208,76,723.6842041015625,1
2026-08-01T22:47:15.695,1866717,6,ON,1,580,2,1,6668624,76,723.6842041015625,1
2026-08-01T22:47:15.855,1866870,1,OFF,0,543,1,0,6669356,146,0.0,0
2026-08-01T22:47:16.013,1867046,1,ON,1,544,1,0,6670197,144,152.77777099609375,1
2026-08-01T22:47:16.014,1867015,2,OFF,0,543,1,0,6670049,144,152.77777099609375,1
2026-08-01T22:47:16.173,1867164,2,ON,1,544,1,0,6670762,144,152.77777099609375,1
2026-08-01T22:47:16.493,1867555,3,OFF,0,663,1,0,6672631,93,0.0,0
2026-08-01T22:47:16.637,1867622,3,ON,1,664,1,0,6672951,84,444.047607421875,1
2026-08-01T22:47:16.637,1867699,4,ON,1,670,2,1,6673320,84,444.047607421875,1
2026-08-01T22:47:16.954,1867923,5,ON,1,246,2,1,6674391,57,964.9122924804688,1
2026-08-01T22:47:16.954,1867997,6,ON,1,582,2,1,6674744,57,964.9122924804688,1
2026-08-01T22:47:17.749,1868780,1,OFF,0,545,1,0,6678488,144,0.0,0
2026-08-01T22:47:17.908,1868953,1,ON,1,546,1,0,6679316,141,156.0283660888672,1
2026-08-01T22:47:17.908,1868922,2,OFF,0,545,1,0,6679167,141,156.0283660888672,1
2026-08-01T22:47:18.067,1869068,2,ON,1,546,1,0,6679865,141,156.0283660888672,1
2026-08-01T22:47:18.531,1869528,3,ON,1,666,2,1,6682065,86,433.7209167480469,1
2026-08-01T22:47:18.531,1869546,4,OFF,0,671,1,0,6682151,86,433.7209167480469,1
2026-08-01T22:47:18.689,1869611,4,ON,1,672,1,0,6682462,86,433.7209167480469,1
2026-08-01T22:47:19.007,1869990,6,ON,1,584,2,1,6684273,57,964.9122924804688,1
2026-08-01T22:47:19.934,1870998,1,OFF,0,547,1,0,6689093,141,0.0,0
2026-08-01T22:47:20.092,1871153,1,ON,1,548,1,0,6689834,120,183.3333282470703,1
2026-08-01T22:47:20.092,1871119,2,OFF,0,547,1,0,6689671,120,183.3333282470703,1
2026-08-01T22:47:20.252,1871292,2,ON,1,548,1,0,6690499,120,183.3333282470703,1
2026-08-01T22:47:20.715,1871750,3,OFF,0,667,1,0,6692688,86,0.0,0
2026-08-01T22:47:20.875,1871826,3,ON,1,668,1,0,6693052,98,380.61224365234375,1
2026-08-01T22:47:20.875,1871916,4,ON,1,674,2,1,6693482,98,380.61224365234375,1
2026-08-01T22:47:21.194,1872232,6,ON,1,586,2,1,6694993,57,964.9122924804688,1
2026-08-01T22:47:22.599,1873647,1,OFF,0,549,1,0,6701758,120,0.0,0
2026-08-01T22:47:22.743,1873792,2,OFF,0,549,1,0,6702452,144,152.77777099609375,1
2026-08-01T22:47:22.904,1873823,1,ON,1,550,1,0,6702600,144,152.77777099609375,1
2026-08-01T22:47:22.904,1873963,2,ON,1,550,1,0,6703270,144,152.77777099609375,1
2026-08-01T22:47:23.687,1874642,3,OFF,0,669,1,0,6706516,98,0.0,0
2026-08-01T22:47:23.845,1874768,3,ON,1,670,1,0,6707118,158,236.07594299316406,1
2026-08-01T22:47:23.845,1874901,4,ON,1,676,2,1,6707754,158,236.07594299316406,1
2026-08-01T22:47:24.309,1875325,6,OFF,0,587,1,0,6709781,57,964.9122924804688,1
2026-08-01T22:47:24.470,1875391,6,ON,1,588,1,0,6710097,57,964.9122924804688,1
2026-08-01T22:47:28.684,1879731,1,OFF,0,551,1,0,6730848,144,0.0,0
2026-08-01T22:47:28.842,1879903,1,ON,1,552,1,0,6731670,142,154.92958068847656,1
2026-08-01T22:47:28.842,1879874,2,OFF,0,551,1,0,6731532,142,154.92958068847656,1
2026-08-01T22:47:29.003,1880035,2,ON,1,552,1,0,6732301,142,154.92958068847656,1
2026-08-01T22:47:29.627,1880629,3,ON,1,672,2,1,6735141,113,330.0885009765625,1
2026-08-01T22:47:29.627,1880654,4,OFF,0,677,1,0,6735261,113,330.0885009765625,1
2026-08-01T22:47:29.787,1880729,4,ON,1,678,1,0,6735620,113,330.0885009765625,1
2026-08-01T22:47:30.091,1881098,6,ON,1,590,2,1,6737384,57,964.9122924804688,1
2026-08-01T22:47:30.251,1881211,1,OFF,0,553,1,0,6737924,142,0.0,0
2026-08-01T22:47:30.410,1881394,1,ON,1,554,1,0,6738799,153,143.7908477783203,1
2026-08-01T22:47:30.410,1881365,2,OFF,0,553,1,0,6738660,153,143.7908477783203,1
2026-08-01T22:47:30.569,1881518,2,ON,1,554,1,0,6739392,153,143.7908477783203,1
2026-08-01T22:47:31.032,1882073,3,ON,1,674,2,1,6742046,98,380.61224365234375,1
2026-08-01T22:47:31.032,1882095,4,OFF,0,679,1,0,6742150,98,380.61224365234375,1
2026-08-01T22:47:31.192,1882162,4,ON,1,680,1,0,6742471,98,380.61224365234375,1
2026-08-01T22:47:31.351,1882409,5,ON,1,250,4,3,6743652,57,0.0,0
2026-08-01T22:47:31.494,1882490,6,ON,1,592,2,1,6744039,54,1018.5184936523438,1
2026-08-01T22:47:32.130,1883070,1,OFF,0,555,1,0,6746812,125,176.0,1
2026-08-01T22:47:32.130,1883196,2,OFF,0,555,1,0,6747415,125,176.0,1
2026-08-01T22:47:32.290,1883223,1,ON,1,556,1,0,6747544,125,176.0,1
2026-08-01T22:47:32.290,1883351,2,ON,1,556,1,0,6748156,125,176.0,1
2026-08-01T22:47:32.768,1883812,3,OFF,0,675,1,0,6750360,98,0.0,0
2026-08-01T22:47:32.928,1883888,3,ON,1,676,1,0,6750723,99,376.7676696777344,1
2026-08-01T22:47:32.928,1883980,4,ON,1,682,2,1,6751163,99,376.7676696777344,1
2026-08-01T22:47:33.231,1884240,5,ON,1,252,2,1,6752406,54,0.0,0
2026-08-01T22:47:33.392,1884331,6,ON,1,594,2,1,6752841,81,679.0123291015625,1
2026-08-01T22:47:45.917,1896958,1,OFF,0,557,1,0,6813214,125,0.0,0
2026-08-01T22:47:46.076,1897005,2,OFF,0,557,1,0,6813439,46,478.2608642578125,1
2026-08-01T22:47:46.394,1897365,1,ON,1,558,1,0,6815160,46,478.2608642578125,1
2026-08-01T22:47:46.394,1897404,2,ON,1,558,1,0,6815347,46,478.2608642578125,1
2026-08-01T22:47:46.710,1897625,1,OFF,0,559,1,0,6816404,46,0.0,0
2026-08-01T22:47:46.855,1897863,2,OFF,0,559,1,0,6817541,237,92.8270034790039,1
2026-08-01T22:47:46.855,1897902,3,OFF,0,677,1,0,6817728,99,0.0,0
2026-08-01T22:47:47.015,1897981,3,ON,1,678,1,0,6818105,98,380.61224365234375,1
2026-08-01T22:47:47.015,1898069,4,ON,1,684,2,1,6818526,98,380.61224365234375,1
2026-08-01T22:47:47.334,1898311,5,ON,1,254,2,1,6819683,69,797.1014404296875,1
2026-08-01T22:47:47.334,1898390,6,ON,1,596,2,1,6820061,69,797.1014404296875,1
2026-08-01T22:47:48.117,1899151,2,OFF,0,561,2,1,6823699,237,92.8270034790039,1
2026-08-01T22:47:48.420,1899366,1,ON,1,560,1,0,6824727,237,92.8270034790039,1
2026-08-01T22:47:48.740,1899668,1,OFF,0,561,1,0,6826171,237,0.0,0
2026-08-01T22:47:49.362,1900288,3,OFF,1,679,1,0,6829136,98,0.0,0
2026-08-01T22:47:49.506,1900509,2,ON,1,562,1,0,6830192,237,0.0,0
2026-08-01T22:47:49.506,1900438,3,ON,1,680,1,0,6829853,188,198.4042510986328,1
2026-08-01T22:47:49.506,1900477,4,OFF,0,685,1,0,6830039,188,198.4042510986328,1
2026-08-01T22:47:49.666,1900587,4,ON,1,686,1,0,6830566,188,198.4042510986328,1
2026-08-01T22:47:49.986,1901006,1,ON,1,562,1,0,6832569,237,0.0,0
2026-08-01T22:47:49.986,1901045,6,OFF,0,597,1,0,6832755,69,797.1014404296875,1
2026-08-01T22:47:50.145,1901206,1,OFF,0,563,1,0,6833525,237,0.0,0
2026-08-01T22:47:50.145,1901211,3,OFF,0,681,1,0,6833549,188,0.0,0
2026-08-01T22:47:50.145,1901119,6,ON,1,598,1,0,6833109,69,797.1014404296875,1
2026-08-01T22:47:50.305,1901326,2,OFF,0,563,1,0,6834099,119,184.8739471435547,1
2026-08-01T22:47:50.305,1901271,3,ON,1,682,1,0,6833836,75,497.3333435058594,1
2026-08-01T22:47:50.305,1901342,4,ON,1,688,2,1,6834175,75,497.3333435058594,1
2026-08-01T22:47:50.449,1901521,1,ON,1,564,1,0,6835031,119,184.8739471435547,1
2026-08-01T22:47:50.608,1901558,2,ON,1,564,1,0,6835208,119,184.8739471435547,1
2026-08-01T22:47:50.608,1901552,5,ON,1,256,2,1,6835179,66,833.3333129882812,1
2026-08-01T22:47:50.608,1901625,6,ON,1,600,2,1,6835529,66,833.3333129882812,1
2026-08-01T22:47:51.073,1902094,1,OFF,0,565,1,0,6837771,119,0.0,0
2026-08-01T22:47:51.073,1902051,2,OFF,0,565,1,0,6837565,119,0.0,0
2026-08-01T22:47:51.552,1902523,2,ON,1,566,1,0,6839822,119,0.0,0
2026-08-01T22:47:51.856,1902809,2,OFF,0,567,1,0,6841190,714,30.81232452392578,1
2026-08-01T22:47:52.175,1903166,2,ON,1,568,1,0,6842896,714,30.81232452392578,1
2026-08-01T22:47:52.335,1903396,2,OFF,0,569,1,0,6843996,714,30.81232452392578,1
2026-08-01T22:47:52.797,1903841,1,ON,1,566,1,0,6846124,714,30.81232452392578,1
2026-08-01T22:47:52.797,1903747,2,ON,1,570,1,0,6845674,714,30.81232452392578,1
2026-08-01T22:47:52.958,1903968,1,OFF,0,567,1,0,6846731,714,0.0,0
2026-08-01T22:47:53.117,1904147,1,ON,1,568,1,0,6847587,714,0.0,0
2026-08-01T22:47:53.117,1904113,3,ON,1,684,2,1,6847424,72,518.0555419921875,1
2026-08-01T22:47:53.117,1904183,4,ON,1,690,2,1,6847759,72,518.0555419921875,1
2026-08-01T22:47:53.419,1904337,2,OFF,0,571,1,0,6848495,368,59.78260803222656,1
2026-08-01T22:47:53.419,1904407,5,ON,1,258,2,1,6848830,58,948.27587890625,1
2026-08-01T22:47:53.419,1904486,6,ON,1,602,2,1,6849207,58,948.27587890625,1
2026-08-01T22:47:54.040,1905028,2,OFF,0,573,2,1,6851799,368,59.78260803222656,1
2026-08-01T22:47:54.502,1905559,1,ON,1,570,2,1,6854338,368,0.0,0
2026-08-01T22:47:54.502,1905573,2,ON,1,574,1,0,6854405,368,0.0,0
2026-08-01T22:47:54.980,1906004,3,ON,1,686,2,1,6856465,88,423.8636474609375,1
2026-08-01T22:47:54.980,1906024,4,OFF,0,691,1,0,6856561,88,423.8636474609375,1
2026-08-01T22:47:55.141,1906087,4,ON,1,692,1,0,6856862,88,423.8636474609375,1
2026-08-01T22:47:55.300,1906374,6,OFF,0,603,1,0,6858234,58,948.27587890625,1
2026-08-01T22:47:55.460,1906418,6,ON,1,604,1,0,6858445,58,948.27587890625,1
2026-08-01T22:47:56.545,1907524,1,OFF,0,571,1,0,6863733,2056,0.0,0
2026-08-01T22:47:56.545,1907511,2,OFF,0,575,1,0,6863671,2056,0.0,0
2026-08-01T22:47:56.866,1907892,1,ON,1,572,1,0,6865492,2056,0.0,0
2026-08-01T22:47:56.866,1907879,2,ON,1,576,1,0,6865430,2056,0.0,0
2026-08-01T22:47:57.169,1908225,3,OFF,0,687,1,0,6867085,88,0.0,0
2026-08-01T22:47:57.328,1908301,3,ON,1,688,1,0,6867448,96,388.5416564941406,1
2026-08-01T22:47:57.328,1908388,4,ON,1,694,2,1,6867864,96,388.5416564941406,1
2026-08-01T22:47:57.632,1908626,5,ON,1,260,2,1,6869002,74,743.2432250976562,1
2026-08-01T22:47:57.632,1908686,6,OFF,1,605,1,0,6869289,74,743.2432250976562,1
2026-08-01T22:47:57.792,1908708,6,ON,1,606,1,0,6869394,74,743.2432250976562,1
2026-08-01T22:47:58.430,1909373,1,OFF,0,573,1,0,6872573,1825,0.0,0
2026-08-01T22:47:58.430,1909350,2,OFF,0,577,1,0,6872463,1825,0.0,0
2026-08-01T22:47:58.574,1909647,1,ON,1,574,1,0,6873883,1825,0.0,0
2026-08-01T22:47:58.733,1909691,2,ON,1,578,1,0,6874094,1825,0.0,0
2026-08-01T22:47:59.198,1910268,3,ON,1,690,2,1,6876853,96,0.0,0
2026-08-01T22:47:59.358,1910375,4,ON,1,696,2,1,6877364,127,293.7007751464844,1
2026-08-01T22:47:59.676,1910708,6,OFF,0,607,1,0,6878956,74,743.2432250976562,1
2026-08-01T22:47:59.836,1910760,6,ON,1,608,1,0,6879205,74,743.2432250976562,1
2026-08-01T22:48:00.296,1911348,2,OFF,0,579,1,0,6882016,1974,11.144883155822754,1
2026-08-01T22:48:00.457,1911508,2,ON,1,580,1,0,6882781,1974,11.144883155822754,1
2026-08-01T22:48:00.601,1911556,2,OFF,0,581,1,0,6883011,1974,11.144883155822754,1
2026-08-01T22:48:00.920,1911995,1,ON,1,576,2,1,6885110,1974,0.0,0
2026-08-01T22:48:01.239,1912283,1,ON,1,578,2,1,6886487,1974,0.0,0
2026-08-01T22:48:01.239,1912177,2,ON,1,582,1,0,6885980,1974,0.0,0
2026-08-01T22:48:01.398,1912388,2,OFF,0,583,1,0,6886989,193,113.98963928222656,1
2026-08-01T22:48:01.542,1912589,1,OFF,0,579,1,0,6887950,193,0.0,0
2026-08-01T22:48:02.019,1912983,2,ON,1,584,1,0,6889834,193,0.0,0
2026-08-01T22:48:02.178,1913163,1,ON,1,580,1,0,6890695,523,42.06501007080078,1
2026-08-01T22:48:02.178,1913113,2,OFF,0,585,1,0,6890456,523,42.06501007080078,1
2026-08-01T22:48:02.322,1913355,1,OFF,1,581,1,0,6891613,523,0.0,0
2026-08-01T22:48:02.481,1913401,1,ON,1,582,1,0,6891833,523,0.0,0
2026-08-01T22:48:02.481,1913527,2,ON,1,586,1,0,6892435,523,0.0,0
2026-08-01T22:48:02.641,1913635,2,OFF,0,587,1,0,6892951,279,78.8530502319336,1
2026-08-01T22:48:02.801,1913780,2,ON,1,588,1,0,6893644,279,78.8530502319336,1
2026-08-01T22:48:02.801,1913851,3,OFF,0,691,1,0,6893984,127,0.0,0
2026-08-01T22:48:02.961,1913938,3,ON,1,692,1,0,6894400,109,342.20184326171875,1
2026-08-01T22:48:02.961,1914036,4,ON,1,698,2,1,6894868,109,342.20184326171875,1
2026-08-01T22:48:03.264,1914298,5,ON,1,262,2,1,6896121,74,0.0,0
2026-08-01T22:48:03.424,1914401,6,ON,1,610,2,1,6896614,72,763.888916015625,1
2026-08-01T22:48:04.509,1915532,1,OFF,0,583,1,0,6902021,279,0.0,0
2026-08-01T22:48:04.509,1915493,2,OFF,0,589,1,0,6901835,279,0.0,0
2026-08-01T22:48:04.828,1915767,1,ON,1,584,1,0,6903145,279,0.0,0
2026-08-01T22:48:04.828,1915819,2,ON,1,590,1,0,6903394,279,0.0,0
2026-08-01T22:48:05.290,1916330,3,ON,1,694,2,1,6905837,132,282.57574462890625,1
2026-08-01T22:48:05.290,1916360,4,OFF,0,699,1,0,6905980,132,282.57574462890625,1
2026-08-01T22:48:05.450,1916446,4,ON,1,700,1,0,6906391,132,282.57574462890625,1
2026-08-01T22:48:05.770,1916799,6,OFF,0,611,1,0,6908079,72,763.888916015625,1
2026-08-01T22:48:05.930,1916856,6,ON,1,612,1,0,6908352,72,763.888916015625,1
2026-08-01T22:48:06.711,1917772,1,OFF,0,585,1,0,6912731,2237,0.0,0
2026-08-01T22:48:06.711,1917770,2,OFF,0,591,1,0,6912722,2237,0.0,0
2026-08-01T22:48:07.014,1917976,1,ON,1,586,1,0,6913706,2237,0.0,0
2026-08-01T22:48:07.014,1918004,2,ON,1,592,1,0,6913841,2237,0.0,0
2026-08-01T22:48:07.478,1918482,3,OFF,0,695,1,0,6916126,132,0.0,0
2026-08-01T22:48:07.638,1918574,3,ON,1,696,1,0,6916566,116,321.5517272949219,1
2026-08-01T22:48:07.638,1918679,4,ON,1,702,2,1,6917068,116,321.5517272949219,1
2026-08-01T22:48:08.118,1919105,6,ON,1,614,2,1,6919105,72,763.888916015625,1
