timestamp,AvgPressureN1,AvgPressureN2,EstimatedVelocityArray1,EstimatedVelocityArray2
2026-07-10T10:14:08.654,0.00891140103340149,0.9551668167114258,191.67579650878906,397.8685607910156
2026-07-10T10:17:03.535,0.008850356563925743,0.9576529860496521,189.80477905273438,364.82086181640625
2026-07-10T10:17:08.808,0.008913427591323853,0.9561516046524048,189.18919372558594,412.52301025390625
2026-07-10T10:17:14.077,0.008805599994957447,0.9575290083885193,192.3076934814453,405.06329345703125
2026-07-10T10:17:18.487,0.008864597417414188,0.9572055339813232,188.5775909423828,389.5652160644531
2026-07-10T10:17:22.606,0.008923607878386974,0.9573437571525574,190.63180541992188,421.8455810546875
2026-07-10T10:17:25.959,0.008799496106803417,0.9582634568214417,190.42437744140625,400.715576171875
2026-07-10T10:17:30.178,0.008832053281366825,0.9570488333702087,189.59913635253906,402.877685546875
2026-07-10T10:17:34.493,0.008889013901352882,0.9551688432693481,189.59913635253906,351.09716796875
2026-07-10T10:17:38.710,0.008720149286091328,0.9548656940460205,190.42437744140625,419.47564697265625
2026-07-10T10:17:45.994,0.009000922553241253,0.9536694288253784,190.42437744140625,417.1322021484375
2026-07-10T10:17:56.347,0.008712004870176315,0.9553214311599731,192.3076934814453,430.76922607421875
2026-07-10T10:18:02.575,0.00881781056523323,0.9538993239402771,190.42437744140625,439.2156982421875
2026-07-10T10:18:12.824,0.008764908649027348,0.9567965865135193,190.83969116210938,447.10577392578125
2026-07-10T10:21:44.439,0.008886978961527348,0.9541719555854797,189.80477905273438,401.4336853027344
2026-07-10T10:21:47.792,0.00878525897860527,0.9518443942070007,190.63180541992188,411.76470947265625
2026-07-10T10:21:52.969,0.008634691126644611,0.9544974565505981,191.88597106933594,355.5555419921875
2026-07-10T10:21:56.228,0.008718110620975494,0.9559338092803955,190.21739196777344,391.6083984375
2026-07-10T10:21:59.488,0.008893088437616825,0.9560457468032837,191.04803466796875,423.4404602050781
2026-07-10T10:22:02.744,0.008840191178023815,0.954882025718689,190.21739196777344,407.2727355957031
2026-07-10T10:22:06.000,0.009127059951424599,0.9565727710723877,190.42437744140625,437.5
2026-07-10T10:22:10.409,0.008716080337762833,0.9572562575340271,191.2568359375,437.5
2026-07-10T10:22:14.530,0.00863672699779272,0.9574557542800903,191.88597106933594,384.8797302246094
2026-07-10T10:22:18.844,0.00890122726559639,0.9581902027130127,191.04803466796875,416.35687255859375
2026-07-10T10:24:10.631,0.008799492381513119,0.46933436393737793,189.39393615722656,364.2276306152344
2026-07-10T10:24:18.874,0.00887681171298027,0.4700302183628082,189.18919372558594,373.95660400390625
2026-07-10T10:26:52.772,0.008911396376788616,0.5192088484764099,189.18919372558594,373.95660400390625
2026-07-10T10:26:54.112,0.008705905638635159,0.4718938171863556,189.18919372558594,373.95660400390625
2026-07-10T10:26:55.349,0.008726251311600208,0.481635183095932,189.18919372558594,373.95660400390625
2026-07-10T10:29:03.210,0.008793387562036514,1.2236964702606201,180.78512573242188,373.95660400390625
2026-07-10T10:29:12.596,0.00891546718776226,1.30552077293396,182.8631134033203,373.95660400390625
2026-07-10T10:29:23.814,0.008864602074027061,1.3742693662643433,188.5775909423828,394.3662109375
2026-07-10T10:29:33.209,0.008728286251425743,1.4370143413543701,187.165771484375,361.2903137207031
2026-07-10T10:29:42.415,0.009045678190886974,1.5055946111679077,186.96580505371094,389.5652160644531
2026-07-10T10:29:49.608,0.008874776773154736,1.5481667518615723,186.7662811279297,331.3609619140625
2026-07-10T10:29:56.898,0.008907327428460121,1.568203330039978,188.1720428466797,422.6415100097656
2026-07-10T10:30:04.184,0.009017190895974636,1.5674909353256226,190.83969116210938,477.6119384765625
2026-07-10T10:30:10.408,0.00891953893005848,1.5691776275634766,191.67579650878906,494.4812316894531
2026-07-10T10:30:39.841,0.008846293203532696,0.7005184888839722,190.42437744140625,363.0469970703125
2026-07-10T10:30:43.098,0.009106716141104698,0.702233612537384,189.39393615722656,364.82086181640625
2026-07-10T10:30:48.374,0.008862570859491825,0.7022275328636169,191.88597106933594,364.82086181640625
2026-07-10T10:30:52.690,0.008677423931658268,0.6995601654052734,191.46607971191406,372.093017578125
2026-07-10T10:30:57.863,0.008693707175552845,0.7031775712966919,190.63180541992188,380.952392578125
2026-07-10T10:31:02.270,0.00886053778231144,0.7038694024085999,193.58407592773438,380.952392578125
2026-07-10T10:31:07.444,0.00888901948928833,0.7035011053085327,187.165771484375,351.09716796875
2026-07-10T10:31:32.752,0.008992780931293964,0.9566316604614258,189.39393615722656,328.44573974609375
2026-07-10T10:31:38.026,0.008966333232820034,0.9539033770561218,192.3076934814453,348.3670349121094
2026-07-10T10:31:43.390,0.008807629346847534,0.9556225538253784,191.46607971191406,370.8609313964844
2026-07-10T10:31:48.659,0.008764909580349922,0.9549389481544495,192.0966033935547,373.95660400390625
2026-07-10T10:31:53.837,0.00891953520476818,0.9549714922904968,189.39393615722656,360.1286315917969
2026-07-10T10:31:58.152,0.008899189531803131,0.9555432200431824,192.7312774658203,372.093017578125
2026-07-10T10:32:04.375,0.008848321624100208,0.9532319903373718,191.46607971191406,333.8301086425781
2026-07-10T10:32:09.645,0.00847192108631134,0.956678569316864,190.63180541992188,342.5076599121094
2026-07-10T10:32:15.974,0.008701839484274387,0.9542024731636047,192.0966033935547,372.093017578125
2026-07-10T10:32:21.246,0.008941915817558765,0.9579052925109863,190.63180541992188,370.8609313964844
2026-07-10T10:32:56.627,0.008762877434492111,1.0965579748153687,189.59913635253906,297.08221435546875
2026-07-10T10:33:02.088,0.00874252524226904,1.0917054414749146,192.3076934814453,397.1631164550781
2026-07-10T10:33:08.124,0.009037540294229984,1.09669828414917,190.83969116210938,419.47564697265625
2026-07-10T10:33:12.438,0.008913436904549599,1.092622995376587,191.46607971191406,435.79766845703125
2026-07-10T10:33:18.674,0.008960229344666004,1.0916831493377686,191.67579650878906,444.4444580078125
2026-07-10T10:33:22.892,0.008844252675771713,1.0969363451004028,191.67579650878906,430.76922607421875
2026-07-10T10:33:28.165,0.00879543088376522,1.093957781791687,192.51925659179688,444.4444580078125
2026-07-10T10:34:17.622,0.008899189531803131,1.0882792472839355,189.18919372558594,365.4159851074219
2026-07-10T10:34:21.929,0.00882798247039318,1.095422625541687,191.46607971191406,378.3783874511719
2026-07-10T10:34:26.245,0.008768973872065544,1.0908998250961304,192.51925659179688,494.4812316894531
2026-07-10T10:36:41.024,0.008901226334273815,0.9582512378692627,192.3076934814453,392.2942199707031
2026-07-10T10:36:45.337,0.008644865825772285,0.9554699659347534,192.3076934814453,346.2132873535156
2026-07-10T10:36:51.659,0.008945982903242111,0.9535555243492126,194.0133056640625,338.8804931640625
2026-07-10T10:36:57.887,0.008992775343358517,0.956957221031189,192.9437713623047,345.67901611328125
2026-07-10T10:37:02.103,0.008797457441687584,0.9547741413116455,191.67579650878906,337.85821533203125
2026-07-10T11:09:59.541,0.008766941726207733,0.9346791505813599,187.3661651611328,481.7204284667969
2026-07-10T11:10:05.770,0.00864690076559782,0.9381582736968994,186.3684844970703,486.9565124511719
2026-07-10T11:10:14.205,0.008612320758402348,0.9355784058570862,186.3684844970703,486.9565124511719
2026-07-10T11:10:19.380,0.008394612930715084,0.9377981424331665,186.3684844970703,486.9565124511719
2026-07-10T11:10:23.595,0.00892564281821251,0.939049482345581,186.3684844970703,348.3670349121094
2026-07-10T11:10:45.735,0.00850652065128088,0.939010739326477,185.38136291503906,434.9514465332031
2026-07-10T11:10:51.967,0.00872828345745802,0.9382335543632507,185.38136291503906,505.6433410644531
2026-07-10T11:12:06.451,0.008754733018577099,0.4703557789325714,189.39393615722656,505.6433410644531
2026-07-10T11:12:11.625,0.008911393582820892,0.46762949228286743,190.21739196777344,343.03216552734375
2026-07-10T11:12:16.984,0.008764908649027348,0.4684616029262543,0.0,343.03216552734375
2026-07-10T11:12:18.231,0.008632657118141651,0.4713180959224701,0.0,361.2903137207031
2026-07-10T11:12:19.474,0.008526862598955631,0.470304936170578,186.96580505371094,328.44573974609375
2026-07-10T11:12:56.951,0.008594000712037086,0.4683476686477661,188.37460327148438,330.8714904785156
2026-07-10T11:13:00.205,0.008994814939796925,0.46958673000335693,187.7682342529297,352.75592041015625
2026-07-10T11:13:05.473,0.008830011822283268,0.46975967288017273,187.165771484375,372.712158203125
2026-07-10T11:13:09.693,0.00830712541937828,0.46965184807777405,163.7043914794922,372.712158203125
2026-07-10T11:13:18.994,0.008514647372066975,0.46998143196105957,184.9894256591797,312.412841796875
2026-07-10T11:14:55.690,0.00872421357780695,0.4661422073841095,189.39393615722656,358.3999938964844
2026-07-10T11:15:33.093,0.008768980391323566,0.4685165286064148,187.9699249267578,333.3333435058594
2026-07-10T11:15:35.396,0.008616384118795395,0.4673324525356293,188.78102111816406,326.0552978515625
2026-07-10T11:15:37.599,0.0089439507573843,0.4686182737350464,0.0,342.5076599121094
2026-07-10T11:15:38.846,0.008864602074027061,0.47018691897392273,187.7682342529297,342.5076599121094
2026-07-10T11:15:42.097,0.0088829156011343,0.46745046973228455,190.21739196777344,369.02801513671875
2026-07-10T11:16:42.682,0.00867538433521986,0.46735483407974243,190.21739196777344,254.8350372314453
2026-07-10T11:16:50.827,0.008606215938925743,0.4697495102882385,191.04803466796875,199.46571350097656
2026-07-10T11:17:48.342,0.008870705030858517,0.46936702728271484,190.83969116210938,401.4336853027344
2026-07-10T11:17:50.639,0.008795424364507198,0.46875667572021484,188.37460327148438,398.5765075683594
2026-07-10T11:17:53.899,0.008783216588199139,0.46933650970458984,189.80477905273438,360.1286315917969
2026-07-10T11:17:56.199,0.008756769821047783,0.4687546193599701,0.0,413.28411865234375
2026-07-10T11:17:57.542,0.008750665932893753,0.4677271544933319,190.21739196777344,429.1187744140625
2026-07-10T11:19:16.239,0.008526860736310482,0.46924901008605957,0.0,320.0
2026-07-10T11:19:18.343,0.008766940794885159,0.4698064625263214,0.0,270.5314025878906
2026-07-10T11:19:20.641,0.00850245263427496,0.46951350569725037,191.04803466796875,287.1794738769531
2026-07-10T11:19:22.938,0.008801528252661228,0.46948909759521484,190.21739196777344,337.3493957519531
2026-07-10T11:20:04.245,0.008551275357604027,0.469877690076828,189.80477905273438,258.6605224609375
2026-07-10T11:22:22.991,0.008508549071848392,0.4678207337856293,186.3684844970703,276.8850402832031
2026-07-10T11:22:38.333,0.00869166012853384,0.47047582268714905,189.39393615722656,297.8723449707031
2026-07-10T11:22:42.550,0.008512627333402634,0.46830499172210693,187.9699249267578,254.25653076171875
2026-07-10T11:23:16.005,0.00886460579931736,0.4696864187717438,188.37460327148438,388.8888854980469
2026-07-10T11:23:19.265,0.008750665001571178,0.46824392676353455,188.37460327148438,421.8455810546875
2026-07-10T11:23:22.523,0.00857365969568491,0.4702398180961609,191.67579650878906,399.2869873046875
2026-07-10T11:24:32.127,0.008856466971337795,0.4704514145851135,191.2568359375,347.8260803222656
2026-07-10T11:24:35.389,0.008707936853170395,0.4698227345943451,192.51925659179688,321.8390808105469
2026-07-10T11:24:38.648,0.008779143914580345,0.4690435230731964,190.63180541992188,307.2702331542969
2026-07-10T11:24:40.949,0.008775079622864723,0.4674728512763977,191.88597106933594,306.4295349121094
2026-07-10T11:25:48.437,0.008758804760873318,0.46773937344551086,190.21739196777344,396.4601745605469
2026-07-10T11:25:50.642,0.008858494460582733,0.4679733216762543,190.21739196777344,398.5765075683594
2026-07-10T11:25:52.942,0.008872739039361477,0.4687708616256714,192.51925659179688,438.3561706542969
2026-07-10T11:25:56.206,0.00865707453340292,0.46880748867988586,192.0966033935547,439.2156982421875
2026-07-10T11:25:59.467,0.008414959535002708,0.4658268690109253,190.42437744140625,440.0785827636719
2026-07-10T11:26:02.728,0.008634693920612335,0.4696559011936188,191.67579650878906,370.8609313964844
2026-07-10T11:26:20.085,0.008671318180859089,0.4681137204170227,191.46607971191406,392.9824523925781
2026-07-10T11:27:37.541,0.008746601641178131,0.4693039357662201,0.0,409.50640869140625
2026-07-10T11:27:38.981,0.008691657334566116,0.4682561159133911,189.59913635253906,363.6363525390625
2026-07-10T11:27:41.187,0.008459722623229027,0.4687587022781372,190.83969116210938,429.1187744140625
2026-07-10T11:27:43.392,0.008648931048810482,0.46874237060546875,190.42437744140625,423.4404602050781
2026-07-10T11:27:45.599,0.008579767309129238,0.46909642219543457,190.63180541992188,443.5643615722656
2026-07-10T11:27:47.903,0.008744560182094574,0.4688014090061188,0.0,402.1543884277344
2026-07-10T11:27:49.150,0.00863673072308302,0.4668848216533661,191.46607971191406,376.4705810546875
2026-07-10T11:27:51.354,0.00859807524830103,0.46789804100990295,0.0,416.35687255859375
2026-07-10T11:27:52.696,0.008866645395755768,0.4681401550769806,188.98487854003906,376.4705810546875
2026-07-10T11:27:54.903,0.008524825796484947,0.46953994035720825,190.63180541992188,368.4210510253906
2026-07-10T11:31:43.964,0.008573654107749462,0.26877012848854065,187.56698608398438,253.68063354492188
2026-07-10T11:31:48.278,0.008748635649681091,0.269240140914917,191.67579650878906,297.8723449707031
2026-07-10T11:32:05.522,0.008482097648084164,0.3700043857097626,190.21739196777344,362.45953369140625
2026-07-10T11:32:09.839,0.008732356131076813,0.3713594079017639,188.78102111816406,330.8714904785156
2026-07-10T11:32:12.042,0.008541102521121502,0.37114375829696655,190.63180541992188,384.21954345703125
2026-07-10T11:32:16.162,0.008832051418721676,0.37060052156448364,189.59913635253906,408.7591247558594
2026-07-10T11:32:58.620,0.008856464177370071,0.3332381546497345,190.42437744140625,354.4303894042969
2026-07-10T11:33:02.932,0.008516687899827957,0.331179141998291,189.59913635253906,326.5306091308594
2026-07-10T11:33:08.203,0.008459722623229027,0.33302855491638184,190.42437744140625,362.45953369140625
2026-07-10T11:33:19.613,0.008691663853824139,0.3327701985836029,190.63180541992188,362.45953369140625
2026-07-10T11:33:23.734,0.008630625903606415,0.333173006772995,190.0108642578125,295.1251525878906
2026-07-10T11:33:27.954,0.008541104383766651,0.3306399881839752,190.21739196777344,260.16259765625
2026-07-10T11:33:34.283,0.008661147207021713,0.33334189653396606,190.63180541992188,276.543212890625
2026-07-10T11:33:58.641,0.008657079190015793,0.3320031762123108,190.42437744140625,379.01861572265625
2026-07-10T11:34:04.010,0.008589931763708591,0.3304487466812134,191.04803466796875,356.6878967285156
2026-07-10T11:34:09.183,0.008530928753316402,0.33343347907066345,191.2568359375,291.6666564941406
2026-07-10T11:34:12.438,0.008618418127298355,0.33233073353767395,191.2568359375,351.6483459472656
2026-07-10T11:34:21.732,0.008832045830786228,0.3324914276599884,190.0108642578125,352.75592041015625
2026-07-10T11:34:27.001,0.008614343591034412,0.33342528343200684,190.83969116210938,308.5399475097656
2026-07-10T11:34:35.343,0.008606206625699997,0.33372029662132263,190.0108642578125,339.3939514160156
2026-07-10T11:34:40.617,0.008691662922501564,0.33276405930519104,189.59913635253906,323.2323303222656
2026-07-10T11:35:26.990,0.008598074316978455,0.3327111601829529,190.21739196777344,248.3370361328125
2026-07-10T11:35:31.298,0.008380372077226639,0.33219441771507263,189.80477905273438,272.8380126953125
2026-07-10T11:35:37.716,0.008467858657240868,0.33189937472343445,188.78102111816406,272.8380126953125
2026-07-10T11:35:41.839,0.008791361004114151,0.33228394389152527,190.42437744140625,288.2882995605469
2026-07-10T11:35:50.089,0.008754736743867397,0.33235305547714233,191.67579650878906,378.3783874511719
2026-07-10T11:35:52.386,0.009025335311889648,0.3344527781009674,191.46607971191406,322.7665710449219
2026-07-10T11:36:20.870,0.008937852457165718,0.370480477809906,190.63180541992188,416.35687255859375
2026-07-10T11:36:22.979,0.008724220097064972,0.36932486295700073,192.0966033935547,401.4336853027344
2026-07-10T11:36:25.282,0.008626561611890793,0.37020784616470337,189.80477905273438,354.9920654296875
2026-07-10T11:36:28.544,0.008551275357604027,0.3719046711921692,192.0966033935547,350.5477294921875
2026-07-10T11:36:41.770,0.008583827875554562,0.3698151707649231,189.80477905273438,346.2132873535156
2026-07-10T11:36:47.135,0.008695734664797783,0.3691234290599823,190.0108642578125,363.6363525390625
2026-07-10T11:36:55.379,0.008661136962473392,0.37109696865081787,191.04803466796875,347.8260803222656
2026-07-10T11:37:00.653,0.008610272780060768,0.3695852756500244,191.67579650878906,347.8260803222656
2026-07-10T11:37:04.961,0.008872740902006626,0.369689017534256,190.63180541992188,400.0
2026-07-10T11:37:09.272,0.008848327212035656,0.3707612454891205,189.80477905273438,409.50640869140625
2026-07-10T11:37:27.583,0.008823913522064686,0.3509977459907532,190.21739196777344,403.6036071777344
2026-07-10T11:37:31.801,0.008473962545394897,0.34982994198799133,190.83969116210938,393.673095703125
2026-07-10T11:37:35.061,0.008602136746048927,0.3488655984401703,193.3701629638672,356.1208190917969
2026-07-10T11:37:37.362,0.008876807987689972,0.3483813405036926,191.2568359375,300.671142578125
2026-07-10T11:38:23.857,0.008630624040961266,0.3321557641029358,189.59913635253906,351.09716796875
2026-07-10T11:38:27.119,0.00853703636676073,0.3310123383998871,190.42437744140625,292.4281921386719
2026-07-10T11:38:30.378,0.008622488006949425,0.3306094706058502,188.78102111816406,369.636962890625
2026-07-10T11:38:33.639,0.008433272130787373,0.33128902316093445,191.46607971191406,372.712158203125
2026-07-10T11:38:36.896,0.008858498185873032,0.33097565174102783,190.21739196777344,327.0072937011719
2026-07-10T11:38:40.058,0.008909368887543678,0.3334619104862213,189.39393615722656,327.0072937011719
2026-07-10T11:38:43.316,0.00868148822337389,0.3312605917453766,189.59913635253906,328.44573974609375
2026-07-10T11:39:03.642,0.00879950076341629,0.34045886993408203,191.46607971191406,374.5819396972656
2026-07-10T11:39:07.092,0.008571622893214226,0.3416205942630768,191.2568359375,361.2903137207031
2026-07-10T11:39:10.161,0.00872827973216772,0.3413500189781189,191.46607971191406,361.2903137207031
2026-07-10T11:39:13.422,0.008891049772500992,0.34421470761299133,191.67579650878906,333.3333435058594
2026-07-10T11:39:39.893,0.008933779783546925,0.3505237400531769,192.51925659179688,326.0552978515625
2026-07-10T11:39:43.058,0.008807631209492683,0.3511747717857361,191.67579650878906,357.25677490234375
2026-07-10T11:39:46.319,0.008742529898881912,0.35012495517730713,190.63180541992188,409.50640869140625
2026-07-10T11:39:51.593,0.008620448410511017,0.35055628418922424,192.51925659179688,342.5076599121094
2026-07-10T11:39:57.060,0.008571621961891651,0.3499988317489624,191.46607971191406,346.7492370605469
2026-07-10T11:43:34.100,0.008872740902006626,0.3504118323326111,193.3701629638672,442.687744140625
2026-07-10T11:46:11.990,0.008799499832093716,0.35149824619293213,192.0966033935547,384.21954345703125
2026-07-10T11:46:43.431,0.008508550934493542,0.4699610769748688,192.51925659179688,383.5616455078125
2026-07-10T11:47:39.634,0.008799496106803417,0.6876215934753418,191.67579650878906,442.687744140625
2026-07-10T11:47:43.944,0.008648935705423355,0.6926897168159485,192.51925659179688,448.8977966308594
2026-07-10T11:48:28.421,0.008811703883111477,0.9363963603973389,193.3701629638672,537.1702880859375
2026-07-10T11:48:33.696,0.008732354268431664,0.937710702419281,191.46607971191406,490.1531677246094
2026-07-10T11:48:55.944,0.00856044702231884,0.9508501291275024,190.83969116210938,414.8148193359375
2026-07-10T11:49:00.356,0.00872218981385231,0.9520952701568604,191.67579650878906,414.8148193359375
2026-07-10T11:49:04.477,0.008346803486347198,0.9498216509819031,192.0966033935547,406.5335693359375
2026-07-10T11:49:33.991,0.008536024950444698,0.9500077962875366,191.67579650878906,385.54217529296875
2026-07-10T11:49:36.293,0.00846582930535078,0.9481126666069031,191.46607971191406,385.54217529296875
2026-07-10T11:49:39.460,0.008572645485401154,0.947883665561676,190.63180541992188,392.2942199707031
2026-07-10T11:49:41.763,0.008676405996084213,0.955141007900238,191.46607971191406,373.3333435058594
2026-07-10T11:49:45.023,0.00866420567035675,0.951005756855011,191.04803466796875,410.25640869140625
2026-07-10T11:49:47.422,0.008478041738271713,0.9511492252349854,192.3076934814453,410.25640869140625
2026-07-10T11:49:50.494,0.00846583116799593,0.9474198222160339,190.83969116210938,390.9249572753906
2026-07-10T11:49:53.752,0.008618424646556377,0.9503648281097412,189.39393615722656,289.4056701660156
2026-07-10T11:49:56.247,0.008450566790997982,0.9519335031509399,189.39393615722656,289.4056701660156
2026-07-10T11:49:59.315,0.008261351846158504,0.9525743722915649,191.04803466796875,384.21954345703125
2026-07-10T11:50:44.849,0.008600112982094288,0.9494462609291077,190.63180541992188,400.0
2026-07-10T11:50:48.014,0.008560440503060818,0.9466935992240906,189.59913635253906,367.2131042480469
2026-07-10T11:50:51.277,0.008688618429005146,0.9503191113471985,188.98487854003906,325.1088562011719
2026-07-10T11:50:54.538,0.008871733210980892,0.9480577111244202,190.42437744140625,414.0480651855469
2026-07-10T11:50:57.798,0.008575700223445892,0.9505631923675537,188.78102111816406,372.093017578125
2026-07-10T11:51:00.097,0.008520763367414474,0.9517870545387268,188.98487854003906,410.25640869140625
2026-07-10T11:51:03.355,0.008792390115559101,0.9485368132591248,189.39393615722656,384.21954345703125
2026-07-10T11:51:06.616,0.008325440809130669,0.954024076461792,190.0108642578125,390.243896484375
2026-07-10T11:51:08.818,0.008581811562180519,0.94682776927948,190.0108642578125,380.30560302734375
2026-07-10T11:51:11.117,0.008630632422864437,0.952669084072113,191.67579650878906,384.8797302246094
2026-07-10T11:56:19.563,0.00854822900146246,0.9489945769309998,192.3076934814453,505.6433410644531
2026-07-10T11:56:25.891,0.008523819036781788,0.9494097232818604,191.88597106933594,501.1185607910156
2026-07-10T11:56:41.328,0.00874660350382328,0.9541430473327637,191.2568359375,421.8455810546875
2026-07-10T11:56:45.450,0.008499396033585072,0.9533007740974426,193.3701629638672,428.29827880859375
2026-07-10T11:56:47.657,0.008273562416434288,0.9492266178131104,191.46607971191406,535.8851928710938
2026-07-10T11:58:02.232,0.008630635216832161,0.4704856872558594,191.67579650878906,414.8148193359375
2026-07-10T11:58:06.454,0.008795436471700668,0.4730004370212555,191.88597106933594,446.21514892578125
2026-07-10T11:58:09.715,0.008636733517050743,0.4726739227771759,192.3076934814453,390.243896484375
2026-07-10T11:58:12.017,0.00845667626708746,0.4705253541469574,190.0108642578125,392.9824523925781
2026-07-10T11:59:22.480,0.00837732944637537,0.27455657720565796,190.42437744140625,319.54351806640625
2026-07-10T11:59:26.795,0.008819850161671638,0.2740713357925415,191.04803466796875,308.11553955078125
2026-07-10T11:59:30.058,0.008645890280604362,0.274208664894104,191.2568359375,329.89691162109375
2026-07-10T11:59:48.374,0.008337654173374176,0.269997239112854,190.42437744140625,336.84210205078125
2026-07-10T11:59:51.636,0.008642842061817646,0.2638202905654907,192.7312774658203,354.4303894042969
2026-07-10T12:00:21.928,0.008404798805713654,0.44623562693595886,193.15673828125,415.58441162109375
2026-07-10T12:00:25.189,0.008410898968577385,0.4445570409297943,192.51925659179688,364.82086181640625
2026-07-10T12:00:28.451,0.008325448259711266,0.4443556070327759,190.0108642578125,339.3939514160156
2026-07-10T12:01:57.124,0.008606220595538616,0.4444288909435272,188.98487854003906,405.7970886230469
2026-07-10T12:02:01.436,0.008801541291177273,0.4502762258052826,192.7312774658203,362.45953369140625
2026-07-10T12:02:04.691,0.00836207065731287,0.4439527988433838,189.39393615722656,402.877685546875
2026-07-10T12:02:08.911,0.008471934124827385,0.45046544075012207,190.63180541992188,375.2093811035156
2026-07-10T12:04:32.715,0.008331554010510445,0.35060280561447144,190.63180541992188,379.01861572265625
2026-07-10T12:04:36.936,0.008386487141251564,0.3564440608024597,190.21739196777344,385.54217529296875
2026-07-10T12:04:40.195,0.008105716668069363,0.35127419233322144,189.80477905273438,336.84210205078125
2026-07-10T12:04:45.471,0.008172857575118542,0.3502854108810425,188.78102111816406,361.8739929199219
2026-07-10T12:04:48.734,0.008734394796192646,0.3529832363128662,189.80477905273438,351.09716796875
2026-07-10T12:04:51.995,0.008258309215307236,0.35172587633132935,190.83969116210938,373.95660400390625
2026-07-10T12:05:14.337,0.00778832146897912,0.269020676612854,191.04803466796875,344.0860290527344
2026-07-10T12:05:17.500,0.008386488072574139,0.26933199167251587,188.78102111816406,353.31231689453125
2026-07-10T12:05:20.760,0.008368178270757198,0.2655232548713684,191.46607971191406,344.0860290527344
2026-07-10T12:05:24.017,0.008325450122356415,0.27052220702171326,190.0108642578125,324.6376953125
2026-07-10T12:05:26.316,0.008307140320539474,0.2686605453491211,189.18919372558594,348.90966796875
2026-07-10T12:05:44.620,0.008716084063053131,0.3020111620426178,190.63180541992188,375.2093811035156
2026-07-10T12:05:47.013,0.008307140320539474,0.29603561758995056,189.18919372558594,375.2093811035156
2026-07-10T12:05:50.081,0.008551281876862049,0.30336615443229675,189.80477905273438,304.76190185546875
2026-07-10T12:05:52.378,0.008392587304115295,0.30066221952438354,188.37460327148438,340.9436950683594
2026-07-10T12:05:54.585,0.008569595403969288,0.29853811860084534,190.83969116210938,330.38348388671875
2026-07-10T12:06:07.903,0.008246103301644325,0.3213232457637787,190.21739196777344,348.3670349121094
2026-07-10T12:06:11.157,0.00805688463151455,0.32145145535469055,188.98487854003906,336.3363342285156
2026-07-10T12:06:15.472,0.00834986474364996,0.3158116340637207,188.1720428466797,314.60675048828125
2026-07-10T12:06:18.826,0.00833155307918787,0.31647080183029175,185.7749481201172,314.60675048828125
2026-07-10T12:06:43.060,0.00842310767620802,0.3377300202846527,187.9699249267578,275.52276611328125
2026-07-10T12:06:46.419,0.008020264096558094,0.33437907695770264,188.78102111816406,375.2093811035156
2026-07-10T12:06:49.777,0.008386483415961266,0.3314127027988434,188.98487854003906,375.2093811035156
2026-07-10T12:06:54.953,0.008368173614144325,0.335843950510025,187.7682342529297,336.3363342285156
2026-07-10T12:08:07.523,0.008435314521193504,0.3339579403400421,190.63180541992188,372.712158203125
2026-07-10T12:08:10.785,0.008673358708620071,0.33142489194869995,189.80477905273438,381.6013488769531
2026-07-10T12:08:13.086,0.008136234246194363,0.3345927298069,189.18919372558594,385.54217529296875
2026-07-10T12:08:15.482,0.007977541536092758,0.33707085251808167,188.5775909423828,385.54217529296875
2026-07-10T12:08:43.668,0.008600114844739437,0.369322806596756,190.63180541992188,376.4705810546875
2026-07-10T12:08:46.739,0.008374277502298355,0.37125155329704285,189.59913635253906,380.952392578125
2026-07-10T12:08:49.038,0.008459731005132198,0.3717825710773468,189.59913635253906,409.50640869140625
2026-07-10T12:08:52.297,0.008209479041397572,0.3640857934951782,191.2568359375,389.5652160644531
2026-07-10T12:09:04.565,0.008465835824608803,0.37152618169784546,190.0108642578125,346.2132873535156
2026-07-10T12:09:07.635,0.008380381390452385,0.3703482449054718,189.59913635253906,413.28411865234375
2026-07-10T12:09:10.897,0.008435312658548355,0.3700735569000244,187.7682342529297,384.21954345703125
2026-07-10T12:09:13.199,0.008093511685729027,0.36884674429893494,187.9699249267578,367.2131042480469
2026-07-10T12:11:30.953,0.008841214701533318,0.38764914870262146,192.0966033935547,365.4159851074219
2026-07-10T12:11:35.171,0.008465828374028206,0.3902553617954254,188.98487854003906,408.7591247558594
2026-07-10T12:11:38.433,0.008801544085144997,0.38877829909324646,188.5775909423828,364.2276306152344
2026-07-10T12:11:41.694,0.00860012136399746,0.38905295729637146,190.83969116210938,422.6415100097656
2026-07-10T12:12:13.244,0.008682511746883392,0.39380159974098206,188.98487854003906,365.4159851074219
2026-07-10T12:12:17.367,0.008502454496920109,0.3917355239391327,188.78102111816406,400.715576171875
2026-07-10T12:12:19.573,0.008789336308836937,0.3871394097805023,189.80477905273438,407.2727355957031
2026-07-10T12:12:22.832,0.008255252614617348,0.38656872510910034,189.59913635253906,407.2727355957031
2026-07-10T12:13:20.355,0.008709984831511974,0.3505265712738037,188.78102111816406,339.9089660644531
2026-07-10T12:13:23.617,0.008600112050771713,0.35119494795799255,190.63180541992188,403.6036071777344
2026-07-10T12:13:26.874,0.008758815936744213,0.35180529952049255,188.78102111816406,346.7492370605469
2026-07-10T12:13:30.134,0.008465830236673355,0.3499985933303833,187.3661651611328,299.0654296875
2026-07-10T12:14:27.558,0.008276620879769325,0.33434242010116577,188.98487854003906,375.2093811035156
2026-07-10T12:14:30.818,0.008111822418868542,0.3331094980239868,189.59913635253906,378.3783874511719
2026-07-10T12:14:34.075,0.008099616505205631,0.3365824818611145,190.21739196777344,386.2069091796875
2026-07-10T12:14:36.378,0.008252205327153206,0.3355754613876343,191.04803466796875,382.2525634765625
2026-07-10T12:14:39.641,0.008532976731657982,0.33570969104766846,190.83969116210938,384.8797302246094
2026-07-10T12:14:57.952,0.00834375899285078,0.36473286151885986,191.67579650878906,396.4601745605469
2026-07-10T12:15:01.212,0.008490249514579773,0.37112340331077576,191.04803466796875,387.5432434082031
2026-07-10T12:15:03.509,0.008148443885147572,0.3720511198043823,190.0108642578125,417.91046142578125
2026-07-10T12:15:05.716,0.008648945949971676,0.3745169937610626,190.83969116210938,333.8301086425781
2026-07-10T12:15:24.119,0.008679460734128952,0.3560656011104584,191.04803466796875,380.952392578125
2026-07-10T12:15:27.376,0.00845362339168787,0.35616934299468994,188.98487854003906,378.3783874511719
2026-07-10T12:15:30.636,0.008294927887618542,0.35148173570632935,190.0108642578125,362.45953369140625
2026-07-10T12:15:32.837,0.00809960812330246,0.35743892192840576,191.04803466796875,355.5555419921875
2026-07-10T12:16:19.605,0.008490245789289474,0.35717037320137024,192.7312774658203,390.9249572753906
2026-07-10T12:16:22.768,0.008624526672065258,0.34981539845466614,190.0108642578125,390.9249572753906
2026-07-10T12:16:25.934,0.008478039875626564,0.3539842367172241,191.2568359375,397.8685607910156
2026-07-10T12:16:29.197,0.00839258823543787,0.3543260097503662,192.7312774658203,379.01861572265625
2026-07-10T12:16:51.539,0.006286813411861658,0.037568286061286926,192.0966033935547,370.2479248046875
2026-07-10T12:16:54.894,0.00653096055611968,0.03869746997952461,191.88597106933594,370.2479248046875
2026-07-10T12:17:15.105,0.006561479531228542,0.044984281063079834,192.0966033935547,357.8274841308594
2026-07-10T12:17:17.405,0.006591997109353542,0.04129154235124588,191.88597106933594,367.2131042480469
2026-07-10T12:17:39.738,0.006591998040676117,0.06253242492675781,192.3076934814453,396.4601745605469
2026-07-10T12:17:41.944,0.006500442512333393,0.05475021153688431,191.04803466796875,396.4601745605469
2026-07-10T12:17:45.198,0.006378368474543095,0.05221716687083244,190.83969116210938,403.6036071777344
2026-07-10T12:17:48.547,0.006378368474543095,0.05081331729888916,191.46607971191406,380.952392578125
2026-07-10T12:18:19.805,0.006561479531228542,0.06057924032211304,190.63180541992188,392.9824523925781
2026-07-10T12:18:23.065,0.006134220398962498,0.06457716226577759,190.21739196777344,386.2069091796875
2026-07-10T12:18:25.463,0.0062257759273052216,0.05691702291369438,192.3076934814453,386.2069091796875
2026-07-10T12:18:27.766,0.0066225165501236916,0.05401775985956192,191.04803466796875,403.6036071777344
2026-07-10T13:40:55.068,0.006653034593909979,0.060579247772693634,184.59915161132812,397.1631164550781
2026-07-10T13:40:58.327,0.006195257417857647,0.050386060029268265,185.38136291503906,380.952392578125
2026-07-10T13:41:01.683,0.006561479531228542,0.04910428076982498,182.8631134033203,354.9920654296875
2026-07-10T13:41:05.902,0.006530961487442255,0.05224769189953804,182.8631134033203,408.0145568847656
2026-07-10T13:41:09.157,0.006317331455647945,0.06012146547436714,184.2105255126953,361.8739929199219
2026-07-10T13:43:58.253,0.006225776858627796,0.04541154205799103,186.3684844970703,352.2012634277344
2026-07-10T13:44:00.651,0.00653096055611968,0.05697805806994438,187.165771484375,413.28411865234375
2026-07-10T13:44:27.969,0.0068666646257042885,0.059724725782871246,185.57794189453125,413.28411865234375
2026-07-10T13:44:32.187,0.0066835531033575535,0.0554521307349205,186.96580505371094,326.0552978515625
2026-07-10T13:44:35.353,0.006347850896418095,0.062715545296669,185.57794189453125,361.2903137207031
2026-07-10T13:44:39.669,0.006195257417857647,0.05246131494641304,185.7749481201172,388.21490478515625
2026-07-10T13:47:11.342,0.0079653300344944,0.4431226849555969,180.41236877441406,388.21490478515625
2026-07-10T13:47:22.649,0.00827051606029272,0.44864046573638916,180.97207641601562,143.4977569580078
2026-07-10T13:47:26.960,0.008313237689435482,0.44636985659599304,189.59913635253906,304.76190185546875
2026-07-10T13:47:44.307,0.00834986474364996,1.0446239709854126,188.78102111816406,304.76190185546875
2026-07-10T13:47:47.562,0.008374277502298355,1.0499038696289062,189.80477905273438,343.03216552734375
2026-07-10T13:47:51.783,0.00832545105367899,1.0619404315948486,189.59913635253906,343.55828857421875
2026-07-10T13:47:56.003,0.008764917962253094,1.072670817375183,175.3507080078125,421.8455810546875
2026-07-10T13:47:59.263,0.008447520434856415,1.0791101455688477,175.3507080078125,149.9330596923828
2026-07-10T13:48:07.597,0.008355963975191116,1.0938016176223755,175.3507080078125,149.9330596923828
2026-07-10T13:48:08.844,0.008630632422864437,1.0897122621536255,175.3507080078125,149.9330596923828
2026-07-10T13:48:10.092,0.00822168868035078,1.0627340078353882,175.3507080078125,149.9330596923828
2026-07-10T13:48:11.435,0.008581800386309624,1.0996733903884888,175.3507080078125,149.9330596923828
2026-07-10T13:48:13.639,0.008160647936165333,1.0908901691436768,175.3507080078125,149.9330596923828
2026-07-10T13:48:16.898,0.00837427843362093,1.1071443557739258,186.1702117919922,149.9330596923828
2026-07-10T13:48:19.200,0.008368175476789474,1.1076021194458008,186.1702117919922,149.9330596923828
2026-07-10T13:48:28.488,0.008288822136819363,1.1234841346740723,186.1702117919922,149.9330596923828
2026-07-10T13:48:30.790,0.008227789774537086,1.1274269819259644,186.1702117919922,149.9330596923828
2026-07-10T13:48:33.955,0.008569595403969288,1.0836329460144043,186.1702117919922,149.9330596923828
2026-07-10T13:48:35.202,0.008709984831511974,1.0836329460144043,186.1702117919922,149.9330596923828
2026-07-10T13:48:36.450,0.008270515128970146,1.1270973682403564,186.1702117919922,149.9330596923828
2026-07-10T13:48:37.696,0.00828882958739996,1.1256691217422485,186.1702117919922,149.9330596923828
2026-07-10T13:48:38.944,0.008502453565597534,1.0969511270523071,186.1702117919922,149.9330596923828
2026-07-10T13:48:52.275,0.008581803180277348,1.1403241157531738,175.87939453125,149.9330596923828
2026-07-10T13:48:53.518,0.008618426509201527,1.1079010963439941,175.87939453125,149.9330596923828
2026-07-10T13:48:54.766,0.008105719462037086,1.136765718460083,175.87939453125,149.9330596923828
2026-07-10T13:48:57.065,0.008404796943068504,1.1398968696594238,175.87939453125,149.9330596923828
2026-07-10T13:48:58.309,0.008355967700481415,1.146256923675537,175.87939453125,149.9330596923828
2026-07-10T13:49:00.484,0.008386485278606415,1.1414532661437988,175.87939453125,149.9330596923828
2026-07-10T13:49:03.531,0.008197270333766937,1.1547105312347412,175.87939453125,149.9330596923828
2026-07-10T13:49:06.792,0.00843531358987093,1.1534653902053833,175.87939453125,149.9330596923828
2026-07-10T13:49:08.038,0.008618428371846676,1.130784034729004,175.87939453125,149.9330596923828
2026-07-10T13:49:09.285,0.008185064420104027,1.1308815479278564,175.87939453125,149.9330596923828
2026-07-10T13:49:10.532,0.00827661994844675,1.1526474952697754,175.87939453125,149.9330596923828
2026-07-10T13:49:11.779,0.008124028332531452,1.1559557914733887,175.87939453125,149.9330596923828
2026-07-10T13:49:13.026,0.008160645142197609,1.1397016048431396,175.87939453125,149.9330596923828
2026-07-10T13:49:14.271,0.00851466041058302,1.1562609672546387,175.87939453125,149.9330596923828
2026-07-10T13:49:15.516,0.008111819624900818,1.1267495155334473,175.87939453125,149.9330596923828
2026-07-10T13:49:23.852,0.008343757130205631,1.1778738498687744,188.98487854003906,149.9330596923828
2026-07-10T13:49:40.137,0.008246103301644325,1.1822197437286377,191.2568359375,550.3685302734375
2026-07-10T13:49:42.437,0.008270516991615295,1.1810723543167114,441.919189453125,550.3685302734375
2026-07-10T13:49:43.682,0.008642840199172497,1.1729602813720703,441.919189453125,550.3685302734375
2026-07-10T13:50:01.985,0.008227791637182236,0.4379100799560547,189.18919372558594,550.3685302734375
2026-07-10T13:50:03.423,0.00840479414910078,0.4451674222946167,189.18919372558594,550.3685302734375
2026-07-10T13:50:05.628,0.008008056320250034,0.44857943058013916,167.94625854492188,550.3685302734375
2026-07-10T13:50:07.738,0.008343763649463654,0.4380016326904297,167.94625854492188,550.3685302734375
2026-07-10T13:50:10.997,0.008441419340670109,0.43785521388053894,188.1720428466797,337.3493957519531
2026-07-10T13:50:13.296,0.008050781674683094,0.44636985659599304,188.98487854003906,339.9089660644531
2026-07-10T13:50:34.572,0.008374279364943504,0.4468398690223694,189.39393615722656,386.8739318847656
2026-07-10T13:50:36.012,0.008288824930787086,0.44954994320869446,189.39393615722656,386.8739318847656
2026-07-10T13:50:38.120,0.008246099576354027,0.44737696647644043,189.39393615722656,386.8739318847656
2026-07-10T13:50:40.423,0.008185064420104027,0.44509419798851013,189.39393615722656,386.8739318847656
2026-07-10T13:50:41.665,0.008429215289652348,0.4447462856769562,189.39393615722656,386.8739318847656
2026-07-10T13:50:54.991,0.008178960531949997,0.44000375270843506,188.5775909423828,385.54217529296875
2026-07-10T13:50:57.198,0.008313240483403206,0.44773101806640625,188.5775909423828,385.54217529296875
2026-07-10T13:50:58.443,0.008740503340959549,0.4457351565361023,188.5775909423828,385.54217529296875
2026-07-10T13:50:59.689,0.008417000994086266,0.4436354339122772,188.5775909423828,385.54217529296875
2026-07-10T13:51:02.952,0.00864894688129425,0.44946444034576416,187.56698608398438,385.54217529296875
2026-07-10T13:51:05.252,0.008386487141251564,0.4454421103000641,187.56698608398438,385.54217529296875
2026-07-10T13:51:20.504,0.008368175476789474,0.44415420293807983,181.72378540039062,402.1543884277344
2026-07-10T13:51:23.856,0.008252203464508057,0.4480789601802826,188.98487854003906,402.1543884277344
2026-07-10T13:51:26.157,0.00831934716552496,0.44511252641677856,188.98487854003906,402.1543884277344
2026-07-10T13:51:28.362,0.008441419340670109,0.44682157039642334,188.37460327148438,402.1543884277344
2026-07-10T13:51:41.775,0.008380381390452385,0.4496719241142273,187.7682342529297,402.1543884277344
2026-07-10T13:51:44.936,0.008429210633039474,0.44168829917907715,188.98487854003906,363.0469970703125
2026-07-10T13:51:48.194,0.0083986921235919,0.4455031454563141,187.9699249267578,363.0469970703125
2026-07-10T13:52:02.469,0.008661150000989437,0.44250011444091797,190.83969116210938,303.93487548828125
2026-07-10T13:52:05.823,0.00834986288100481,0.44596096873283386,189.59913635253906,303.93487548828125
2026-07-10T13:53:03.353,0.008490250445902348,0.4411817193031311,183.63064575195312,292.04693603515625
2026-07-10T13:53:06.616,0.008661153726279736,0.44332411885261536,183.63064575195312,292.04693603515625
2026-07-10T13:53:10.929,0.00820948090404272,0.4443068206310272,176.233642578125,147.65985107421875
2026-07-10T13:53:15.149,0.008215585723519325,0.4493728578090668,178.389404296875,292.4281921386719
2026-07-10T13:53:17.355,0.008545181713998318,0.4464431405067444,178.389404296875,292.4281921386719
2026-07-10T13:53:20.618,0.008539075031876564,0.44421523809432983,176.41128540039062,112.0
2026-07-10T13:53:24.926,0.008075198158621788,0.4418470859527588,176.76766967773438,112.0
2026-07-10T13:53:27.324,0.00843531358987093,0.4401807487010956,182.48175048828125,118.51851654052734
2026-07-10T13:53:30.392,0.008227788843214512,0.44280532002449036,182.1019744873047,277.9156188964844
2026-07-10T13:53:32.503,0.008038577623665333,0.4506852328777313,171.23287963867188,277.9156188964844
2026-07-10T13:53:34.710,0.008197272196412086,0.44578397274017334,171.23287963867188,277.9156188964844
2026-07-10T13:53:52.059,0.008368175476789474,0.4431898593902588,190.63180541992188,384.21954345703125
2026-07-10T13:53:55.223,0.008471937850117683,0.4476943910121918,190.83969116210938,387.5432434082031
2026-07-10T13:53:59.541,0.008117918856441975,0.4420240819454193,189.39393615722656,350.5477294921875
2026-07-10T13:54:02.803,0.00836817268282175,0.444978266954422,191.67579650878906,375.83892822265625
2026-07-10T13:54:05.105,0.00867336243391037,0.4468032419681549,192.3076934814453,375.83892822265625
2026-07-10T13:54:08.266,0.008496353402733803,0.442365825176239,190.63180541992188,353.31231689453125
2026-07-10T13:54:11.527,0.008191169239580631,0.44933021068573,188.5775909423828,343.03216552734375
2026-07-10T13:54:14.789,0.008203377947211266,0.4380565881729126,191.88597106933594,360.7085266113281
2026-07-10T13:54:19.104,0.00835596676915884,0.4419446885585785,176.9464111328125,360.7085266113281
2026-07-10T13:54:22.362,0.008435314521193504,0.4493606686592102,192.3076934814453,165.31365966796875
2026-07-10T13:54:51.765,0.008301031775772572,0.4451064169406891,193.79844665527344,404.3321228027344
2026-07-10T13:54:56.077,0.008136237040162086,0.44223153591156006,191.04803466796875,375.83892822265625
2026-07-10T13:54:58.283,0.008136237040162086,0.4494766891002655,194.0133056640625,362.45953369140625
2026-07-10T13:55:00.679,0.008630635216832161,0.4439527988433838,192.0966033935547,362.45953369140625
2026-07-10T13:55:17.837,0.008349861018359661,0.4446242153644562,191.04803466796875,395.0617370605469
2026-07-10T13:55:20.140,0.008203377015888691,0.44983065128326416,190.83969116210938,395.0617370605469
2026-07-10T13:55:23.401,0.008441421203315258,0.4425489008426666,192.9437713623047,358.974365234375
2026-07-10T13:55:26.664,0.008392591029405594,0.44332408905029297,189.80477905273438,367.81610107421875
2026-07-10T13:55:29.924,0.008038576692342758,0.4482131898403168,192.51925659179688,367.81610107421875
2026-07-10T13:55:33.183,0.00822168868035078,0.44956210255622864,191.67579650878906,335.83209228515625
2026-07-10T13:55:36.443,0.008203377947211266,0.44472798705101013,191.67579650878906,398.5765075683594
2026-07-10T13:55:39.703,0.008459728211164474,0.4411756098270416,185.38136291503906,367.2131042480469
2026-07-10T13:55:43.918,0.008496349677443504,0.4430311322212219,192.9437713623047,397.8685607910156
2026-07-10T13:55:46.215,0.00830103736370802,0.445680171251297,194.0133056640625,378.3783874511719
2026-07-10T13:59:48.329,0.008441416546702385,0.44645535945892334,196.62921142578125,382.2525634765625
2026-07-10T14:00:52.840,0.008459726348519325,0.44922637939453125,196.62921142578125,248.88888549804688
2026-07-10T14:01:11.144,0.008166751824319363,0.44597315788269043,196.62921142578125,248.88888549804688
2026-07-10T14:01:34.542,0.008551285602152348,1.056538462638855,191.88597106933594,438.3561706542969
2026-07-10T14:01:40.872,0.008496351540088654,1.0735251903533936,187.7682342529297,507.9364929199219
2026-07-10T14:01:45.094,0.008648945949971676,1.0862818956375122,195.09475708007812,469.6016845703125
2026-07-10T14:01:51.423,0.008453627116978168,1.0837123394012451,194.0133056640625,489.0829772949219
2026-07-10T14:08:36.137,0.008471938781440258,1.1852960586547852,197.29425048828125,427.4809265136719
2026-07-10T14:16:22.934,0.008069096133112907,1.178246021270752,196.4085235595703,484.8484802246094
2026-07-10T14:25:24.408,0.008478042669594288,1.1766411066055298,194.44444274902344,543.6893310546875
2026-07-10T14:25:28.722,0.008459731005132198,1.178820252418518,194.44444274902344,173.2405242919922
2026-07-10T14:25:33.987,0.008447520434856415,1.1836603879928589,192.3076934814453,507.9364929199219
2026-07-10T14:25:38.206,0.008197270333766937,1.182360291481018,192.3076934814453,529.5508422851562
2026-07-10T14:25:41.463,0.008490248583257198,1.176500678062439,194.2286376953125,513.761474609375
2026-07-10T14:26:19.808,0.008557385765016079,0.6440381407737732,194.66073608398438,445.3280334472656
2026-07-10T14:26:25.078,0.008685562759637833,0.6559649109840393,193.58407592773438,416.35687255859375
2026-07-10T14:26:28.334,0.008703876286745071,0.6534440517425537,194.44444274902344,443.5643615722656
2026-07-10T14:27:17.813,0.008600117638707161,0.652626097202301,194.44444274902344,449.7991943359375
2026-07-10T14:27:20.207,0.008673361502587795,0.6626667976379395,194.0133056640625,446.21514892578125
2026-07-10T14:27:22.412,0.008398693054914474,0.6605914235115051,194.2286376953125,437.5
2026-07-10T14:27:24.619,0.008185063488781452,0.6607440710067749,193.15673828125,336.3363342285156
2026-07-10T14:27:25.962,0.008673359639942646,0.6594927906990051,194.87750244140625,464.73028564453125
2026-07-10T14:27:28.168,0.008465832099318504,0.658082902431488,193.58407592773438,431.5992431640625
2026-07-10T14:27:30.374,0.008575696498155594,0.6605426669120789,0.0,440.0785827636719
2026-07-10T14:27:31.716,0.008539077825844288,0.6604877710342407,194.66073608398438,412.52301025390625
2026-07-10T14:27:33.924,0.008508561179041862,0.6560747027397156,192.3076934814453,397.8685607910156
2026-07-10T14:28:54.547,0.008502455428242683,0.6613056659698486,193.79844665527344,459.0163879394531
2026-07-10T14:28:57.712,0.00841700192540884,0.657423734664917,194.0133056640625,448.0
2026-07-10T14:29:32.117,0.008545182645320892,0.875643253326416,195.3125,511.41552734375
2026-07-10T14:29:37.198,0.008435314521193504,0.8795067667961121,194.87750244140625,503.37078857421875
2026-07-10T14:29:50.603,0.008648943156003952,0.879976749420166,194.44444274902344,488.0174255371094
2026-07-10T14:29:53.857,0.008233891800045967,0.8737755417823792,195.09475708007812,527.058837890625
2026-07-10T14:29:56.062,0.00847803894430399,0.8757103085517883,194.44444274902344,504.5045166015625
2026-07-10T14:30:00.379,0.008374280296266079,0.874422550201416,192.7312774658203,474.5762634277344
2026-07-10T14:30:03.627,0.008648945018649101,0.8766075968742371,191.2568359375,476.5957336425781
2026-07-10T14:30:05.831,0.008410902693867683,0.8800685405731201,195.96864318847656,525.8215942382812
2026-07-10T14:30:08.129,0.008465832099318504,0.8746544122695923,193.79844665527344,325.1088562011719
2026-07-10T14:30:27.389,0.00867336057126522,1.0400402545928955,192.51925659179688,357.8274841308594
2026-07-10T14:30:30.742,0.008386483415961266,1.0506118535995483,196.62921142578125,561.4035034179688
2026-07-10T14:30:35.915,0.008648945949971676,1.0639300346374512,195.96864318847656,567.088623046875
2026-07-10T14:30:39.363,0.00870387814939022,1.0695210695266724,193.15673828125,522.14453125
2026-07-10T14:30:43.487,0.008551285602152348,1.0617388486862183,194.87750244140625,567.088623046875
2026-07-10T14:30:50.762,0.008508559316396713,1.0779870748519897,194.2286376953125,535.8851928710938
2026-07-10T14:30:56.027,0.008148442953824997,1.0880337953567505,192.9437713623047,479.6573791503906
2026-07-10T14:31:23.443,0.008551282808184624,0.9968993663787842,194.44444274902344,510.2505798339844
2026-07-10T14:31:28.716,0.00838038232177496,0.9937803745269775,193.79844665527344,530.8056640625
2026-07-10T14:31:34.940,0.008282724767923355,0.9945311546325684,194.2286376953125,517.321044921875
2026-07-10T14:31:58.320,0.00836207065731287,0.9957395792007446,192.0966033935547,433.26885986328125
2026-07-10T14:32:02.639,0.008398693986237049,0.9952818155288696,194.87750244140625,459.95892333984375
2026-07-10T14:32:07.910,0.008044677786529064,0.9922239184379578,193.79844665527344,408.0145568847656
2026-07-10T14:32:12.227,0.008453628048300743,0.9874875545501709,195.09475708007812,495.5752258300781
2026-07-10T14:32:16.442,0.008081299252808094,0.9881283640861511,187.9699249267578,350.5477294921875
2026-07-10T14:32:19.697,0.0087405014783144,0.996673583984375,192.7312774658203,330.8714904785156
2026-07-10T14:32:39.047,0.008679465390741825,0.9879696369171143,193.58407592773438,390.243896484375
2026-07-10T14:32:46.327,0.00831934716552496,0.9938719868659973,194.2286376953125,437.5
2026-07-10T14:32:50.637,0.008172853849828243,0.9905819892883301,194.66073608398438,450.7042236328125
2026-07-10T14:33:05.877,0.008526869118213654,0.9862788915634155,193.79844665527344,443.5643615722656
2026-07-10T14:33:10.194,0.008319342508912086,0.9883114099502563,195.96864318847656,565.6565551757812
2026-07-10T14:33:14.414,0.008441419340670109,0.9962767958641052,178.20773315429688,565.6565551757812
2026-07-10T14:33:30.809,0.008630632422864437,0.9856196641921997,194.0133056640625,112.0
2026-07-10T14:33:37.999,0.008594010025262833,0.9869136810302734,194.44444274902344,479.6573791503906
2026-07-10T14:33:42.222,0.008258311077952385,1.0007202625274658,194.66073608398438,539.759033203125
2026-07-10T14:33:45.484,0.008618426509201527,0.996411144733429,192.3076934814453,358.3999938964844
2026-07-10T14:33:46.923,0.008246100507676601,0.9960752725601196,194.0133056640625,463.76812744140625
2026-07-10T14:33:51.047,0.008429210633039474,0.9934202432632446,184.9894256591797,368.4210510253906
2026-07-10T14:34:16.353,0.008313240483403206,0.9967285394668579,193.3701629638672,411.0091857910156
2026-07-10T14:34:19.607,0.008514662273228168,0.9863277673721313,191.2568359375,411.0091857910156
2026-07-10T14:34:24.878,0.008319344371557236,0.9953368306159973,192.7312774658203,397.1631164550781
2026-07-10T14:34:28.134,0.00867336057126522,0.9971373677253723,194.0133056640625,435.79766845703125
2026-07-10T15:08:49.869,0.008532974869012833,0.9962766766548157,189.80477905273438,421.8455810546875
2026-07-10T15:10:01.364,0.008508559316396713,0.8819056749343872,191.46607971191406,419.47564697265625
2026-07-10T15:10:16.681,0.008551288396120071,0.8831446170806885,190.83969116210938,398.5765075683594
2026-07-10T15:10:20.896,0.008093510754406452,0.8811793327331543,191.04803466796875,387.5432434082031
2026-07-10T15:10:39.195,0.008117923513054848,0.6625751256942749,191.88597106933594,362.45953369140625
2026-07-10T15:10:42.452,0.008319346234202385,0.6602985262870789,192.9437713623047,350.0
2026-07-10T15:11:27.898,0.008447522297501564,0.8861232995986938,191.04803466796875,373.3333435058594
2026-07-10T15:11:30.102,0.008410901762545109,0.8804895877838135,192.3076934814453,407.2727355957031
2026-07-10T15:11:33.362,0.008545180782675743,0.8794214129447937,191.67579650878906,402.877685546875
2026-07-10T15:11:35.665,0.008239999413490295,0.8838222026824951,191.67579650878906,395.75970458984375
2026-07-10T15:11:37.871,0.008105716668069363,0.8783959746360779,0.0,405.7970886230469
2026-07-10T15:11:39.214,0.008508557453751564,0.8800744414329529,194.0133056640625,421.0526428222656
2026-07-10T15:11:42.471,0.008569592610001564,0.8788233399391174,191.88597106933594,395.0617370605469
2026-07-10T15:11:45.636,0.008307136595249176,0.8803552389144897,193.15673828125,390.9249572753906
2026-07-10T15:11:47.932,0.00838648620992899,0.8839260339736938,195.09475708007812,408.7591247558594
2026-07-10T15:12:14.293,0.008197269402444363,0.8811182379722595,192.0966033935547,408.7591247558594
2026-07-10T15:12:17.554,0.008294932544231415,0.8811061978340149,193.3701629638672,356.1208190917969
2026-07-10T15:12:32.899,0.008624529466032982,0.8873196244239807,195.3125,493.3920593261719
2026-07-10T15:12:35.106,0.008740502409636974,0.8875027298927307,192.7312774658203,434.1085205078125
2026-07-10T15:13:18.702,0.008258305490016937,0.8834803700447083,195.7494354248047,465.69647216796875
2026-07-10T15:13:23.968,0.008587907999753952,0.8777185082435608,194.66073608398438,314.60675048828125
2026-07-10T15:13:28.284,0.008612323552370071,0.8804711699485779,191.46607971191406,411.0091857910156
2026-07-10T15:13:35.472,0.00866725668311119,0.8763697147369385,190.21739196777344,506.7873229980469
2026-07-10T15:13:52.716,0.008655047044157982,0.8814417123794556,190.83969116210938,432.43243408203125
2026-07-10T15:14:09.097,0.008673358708620071,0.6547502279281616,191.67579650878906,434.9514465332031
2026-07-10T15:14:13.313,0.00845362525433302,0.657088041305542,191.2568359375,389.5652160644531
2026-07-10T15:14:16.570,0.008673358708620071,0.6518204212188721,191.67579650878906,460.9053649902344
2026-07-10T15:14:19.928,0.008734400384128094,0.6552935242652893,193.79844665527344,440.0785827636719
2026-07-10T15:15:08.335,0.008606217801570892,0.5455304384231567,190.63180541992188,384.8797302246094
2026-07-10T15:15:11.596,0.008539078757166862,0.5544236302375793,190.0108642578125,402.1543884277344
2026-07-10T15:15:15.815,0.008203375153243542,0.5485518574714661,191.2568359375,395.75970458984375
2026-07-10T15:15:31.141,0.00841700192540884,0.4464980959892273,193.3701629638672,357.25677490234375
2026-07-10T15:15:35.442,0.008398691192269325,0.4513016641139984,190.42437744140625,390.9249572753906
2026-07-10T15:15:38.690,0.008581802248954773,0.4481948912143707,192.7312774658203,385.54217529296875
2026-07-10T15:16:27.093,0.00869167409837246,0.3536546230316162,192.3076934814453,375.83892822265625
2026-07-10T15:16:29.394,0.008539077825844288,0.3507309854030609,191.04803466796875,354.4303894042969
2026-07-10T15:16:34.670,0.008020265959203243,0.3539048731327057,192.3076934814453,366.0130615234375
2026-07-10T15:16:39.946,0.008398691192269325,0.3529526889324188,194.2286376953125,373.95660400390625
2026-07-10T15:18:06.512,0.008624526672065258,0.3684896230697632,191.46607971191406,361.8739929199219
2026-07-10T15:18:10.917,0.008734394796192646,0.3682302236557007,193.3701629638672,402.1543884277344
2026-07-10T15:18:15.041,0.00875270925462246,0.366322785615921,191.88597106933594,358.974365234375
2026-07-10T15:18:18.302,0.00872829183936119,0.36897486448287964,191.67579650878906,401.4336853027344
2026-07-10T15:18:20.605,0.008438359946012497,0.36514171957969666,189.59913635253906,306.4295349121094
2026-07-10T15:18:50.982,0.008642843924462795,0.26688721776008606,189.39393615722656,306.4295349121094
2026-07-10T15:18:57.305,0.008597055450081825,0.26710084080696106,190.83969116210938,346.2132873535156
2026-07-10T15:19:10.535,0.008520770817995071,0.3707662522792816,191.46607971191406,402.1543884277344
2026-07-10T15:19:23.946,0.00866115465760231,0.3291512727737427,191.04803466796875,402.1543884277344
2026-07-10T15:19:29.126,0.008633681572973728,0.3346324563026428,192.7312774658203,373.3333435058594
2026-07-10T15:19:34.401,0.008514665067195892,0.3318735361099243,191.46607971191406,293.5779724121094
2026-07-10T15:19:55.793,0.008478034287691116,0.3477311432361603,191.88597106933594,347.8260803222656
2026-07-10T15:19:59.152,0.008587910793721676,0.34893351793289185,192.9437713623047,377.1043701171875
2026-07-10T15:20:02.412,0.008755762130022049,0.3502427935600281,191.04803466796875,361.8739929199219
2026-07-10T15:20:05.476,0.008606215938925743,0.34924790263175964,191.04803466796875,351.09716796875
2026-07-10T15:20:08.736,0.008874786086380482,0.3513810634613037,192.0966033935547,374.5819396972656
2026-07-10T15:20:11.801,0.008462783880531788,0.3499864339828491,191.88597106933594,402.1543884277344
2026-07-10T15:20:14.102,0.008719144389033318,0.3476944863796234,192.51925659179688,335.329345703125
2026-07-10T15:20:22.343,0.008609268814325333,0.34998032450675964,192.9437713623047,350.5477294921875
2026-07-10T15:20:24.644,0.008691669441759586,0.3493973910808563,192.7312774658203,350.5477294921875
2026-07-10T15:20:37.870,0.008703879080712795,0.35055404901504517,191.46607971191406,354.9920654296875
2026-07-10T15:20:42.275,0.008740506134927273,0.34814006090164185,191.46607971191406,354.9920654296875
2026-07-10T15:20:48.408,0.008706926368176937,0.3485703766345978,192.7312774658203,346.7492370605469
2026-07-10T15:20:54.732,0.008297975175082684,0.3486039340496063,189.59913635253906,352.2012634277344
2026-07-10T15:20:59.046,0.008703883737325668,0.3499375879764557,189.18919372558594,352.2012634277344
2026-07-10T15:24:58.458,0.008600114844739437,0.3464951813220978,190.42437744140625,367.81610107421875
2026-07-10T15:25:03.730,0.008426159620285034,0.34608012437820435,191.46607971191406,367.81610107421875
2026-07-10T15:25:07.946,0.008392583578824997,0.3478654623031616,191.04803466796875,367.81610107421875
2026-07-10T15:25:12.164,0.008691675961017609,0.3459336459636688,191.04803466796875,351.6483459472656
2026-07-10T15:27:34.146,0.008508557453751564,0.3461655378341675,192.7312774658203,347.2868347167969
2026-07-10T15:27:37.409,0.008761860430240631,0.3475480377674103,192.3076934814453,364.2276306152344
2026-07-10T15:27:40.669,0.008459726348519325,0.34453892707824707,192.0966033935547,370.2479248046875
2026-07-10T15:27:43.928,0.008603169582784176,0.3488847613334656,192.7312774658203,321.8390808105469
2026-07-10T15:27:47.190,0.008359013125300407,0.34801188111305237,190.83969116210938,376.4705810546875
2026-07-10T15:32:54.000,0.008612319827079773,0.3501909375190735,1446.281005859375,376.4705810546875
2026-07-10T15:34:17.672,0.008526865392923355,0.3493760824203491,243.90243530273438,320.4577941894531
2026-07-10T15:34:21.893,0.008536035194993019,0.34711772203445435,227.27272033691406,278.6069641113281
2026-07-10T15:34:25.339,0.008197265677154064,0.346150279045105,229.00762939453125,278.6069641113281
2026-07-10T15:34:30.508,0.00849939789623022,0.34982165694236755,215.82733154296875,301.4804992675781
2026-07-10T15:34:32.711,0.008609266020357609,0.3495500087738037,240.0,301.4804992675781
2026-07-10T15:36:12.287,0.008902255445718765,0.34933334589004517,232.55813598632812,334.8280944824219
2026-07-10T15:36:15.548,0.008798489347100258,0.3499376177787781,236.22047424316406,334.8280944824219
2026-07-10T15:36:19.001,0.00871608592569828,0.3479386866092682,240.0,315.0492248535156
2026-07-10T15:36:28.108,0.008847322314977646,0.3476731479167938,222.22222900390625,313.7254943847656
2026-07-10T15:36:31.366,0.00864284485578537,0.3508836627006531,225.56390380859375,313.7254943847656
2026-07-10T15:36:37.596,0.008548230864107609,0.3513719141483307,225.56390380859375,255.1252899169922
2026-07-10T15:36:38.841,0.008532973937690258,0.3513719141483307,225.56390380859375,255.1252899169922
2026-07-10T15:37:32.324,0.008563494309782982,0.3503679037094116,208.3333282470703,284.7682189941406
2026-07-10T15:37:36.640,0.008603163994848728,0.3484208583831787,236.22047424316406,327.24505615234375
2026-07-10T15:37:39.900,0.008795440196990967,0.34785014390945435,238.09524536132812,273.1893310546875
2026-07-10T15:37:42.198,0.008758814074099064,0.3502519130706787,238.09524536132812,273.1893310546875
2026-07-10T15:41:40.101,0.00847193505614996,0.3501451015472412,223.88059997558594,289.7574157714844
2026-07-10T15:42:00.748,0.008633685298264027,0.34895798563957214,236.22047424316406,294.5205383300781
2026-07-10T15:42:04.794,0.008346814662218094,0.3492051362991333,247.9338836669922,339.1167297363281
2026-07-10T15:42:07.847,0.00846888404339552,0.34793558716773987,218.9781036376953,339.1167297363281
2026-07-10T15:42:09.788,0.008667257614433765,0.3475571572780609,229.00762939453125,255.64804077148438
2026-07-10T15:46:02.068,0.008435317315161228,0.658186674118042,236.22047424316406,310.24530029296875
2026-07-10T15:46:05.422,0.008374279364943504,0.6654256582260132,227.27272033691406,310.24530029296875
2026-07-10T15:46:08.584,0.008557392284274101,0.6558610796928406,240.0,403.3771057128906
2026-07-10T15:46:10.885,0.008288824930787086,0.6610797643661499,272.7272644042969,385.3046569824219
2026-07-10T15:46:14.145,0.008148442022502422,0.6619893908500671,240.0,373.2638854980469
2026-07-10T15:46:30.359,0.008355967700481415,0.6544511318206787,227.27272033691406,350.7341003417969
2026-07-10T15:46:33.620,0.008441419340670109,0.6599628329277039,243.90243530273438,381.2056884765625
2026-07-10T15:46:35.923,0.008337654173374176,0.6599932909011841,265.4867248535156,377.1929931640625
2026-07-10T15:46:39.182,0.00822168868035078,0.6586750149726868,247.9338836669922,383.24420166015625
2026-07-10T15:46:42.349,0.00863673910498619,0.6634175181388855,250.0,415.8607482910156
2026-07-10T15:46:44.651,0.008355967700481415,0.6566606760025024,227.27272033691406,415.8607482910156
2026-07-10T15:46:47.910,0.008410897105932236,0.6632221937179565,241.93548583984375,354.7854919433594
2026-07-10T15:46:51.168,0.008325446397066116,0.6564592123031616,236.22047424316406,361.34454345703125
2026-07-10T15:46:54.425,0.008404795080423355,0.6566301584243774,236.22047424316406,351.30718994140625
2026-07-10T15:48:39.794,0.008639788255095482,0.9578723907470703,252.10084533691406,388.0866394042969
2026-07-10T15:48:44.094,0.008417002856731415,0.9606097936630249,247.9338836669922,374.564453125
2026-07-10T15:48:47.357,0.008679469116032124,0.960857093334198,234.375,368.15069580078125
2026-07-10T15:48:50.621,0.008371224626898766,0.9571369290351868,234.375,366.2691650390625
2026-07-10T15:48:53.880,0.008465824648737907,0.954591691493988,236.22047424316406,321.8562927246094
2026-07-10T15:48:56.183,0.008560443297028542,0.9603901505470276,245.90164184570312,321.8562927246094
2026-07-10T15:49:00.407,0.008612321689724922,0.9550097584724426,245.90164184570312,349.593505859375
2026-07-10T15:49:03.662,0.008624524809420109,0.9575916528701782,236.22047424316406,254.4378662109375
2026-07-10T15:49:06.820,0.008581800386309624,0.9597889184951782,238.09524536132812,347.33441162109375
2026-07-10T15:59:14.828,0.008239989168941975,0.962614893913269,232.55813598632812,325.757568359375
2026-07-10T15:59:18.051,0.008627580478787422,0.9621540904045105,272.7272644042969,383.24420166015625
2026-07-10T15:59:21.279,0.008450571447610855,0.9672780632972717,240.0,378.5211181640625
2026-07-10T15:59:23.556,0.008517708629369736,0.9598866105079651,225.56390380859375,322.3388366699219
2026-07-10T15:59:25.917,0.008578751236200333,0.957258939743042,220.58824157714844,322.3388366699219
2026-07-10T15:59:29.059,0.008490243926644325,0.9589771032333374,241.93548583984375,336.4632263183594
2026-07-10T15:59:32.319,0.008709979243576527,0.9545244574546814,252.10084533691406,341.26983642578125
2026-07-10T15:59:34.618,0.00858789961785078,0.961174488067627,238.09524536132812,304.1018371582031
2026-07-10T15:59:36.796,0.008410897105932236,0.9604694843292236,238.09524536132812,351.8821716308594
2026-07-10T16:11:34.151,0.008743558079004288,1.0971314907073975,240.0,441.47845458984375
2026-07-10T16:11:37.375,0.008545183576643467,1.0945374965667725,247.9338836669922,477.77777099609375
2026-07-10T16:11:44.659,0.008600115776062012,1.1010136604309082,240.0,483.14605712890625
2026-07-10T16:11:50.983,0.008536028675734997,1.096511960029602,252.10084533691406,472.5274658203125
2026-07-10T16:12:09.128,0.008603167720139027,0.960600733757019,256.4102478027344,476.7184143066406
2026-07-10T16:12:12.437,0.008713037706911564,0.961760401725769,240.0,440.5737609863281
2026-07-10T16:12:15.746,0.00845972541719675,0.9603260159492493,236.22047424316406,405.6603698730469
2026-07-10T16:12:18.896,0.008545181713998318,0.9585742950439453,240.0,426.5873107910156
2026-07-10T16:12:22.155,0.008575702086091042,0.9579059481620789,232.55813598632812,390.9090881347656
2026-07-10T16:12:24.444,0.008346814662218094,0.9594258069992065,230.76922607421875,379.188720703125
2026-07-10T16:13:39.478,0.008536025881767273,0.9567157030105591,238.09524536132812,311.5942077636719
2026-07-10T16:13:42.803,0.008536024950444698,0.9567005038261414,225.56390380859375,350.1628723144531
2026-07-10T16:13:46.029,0.008484136313199997,0.9606372714042664,245.90164184570312,393.77288818359375
2026-07-10T16:13:48.301,0.00856043491512537,0.955873429775238,240.0,348.4602966308594
2026-07-10T16:13:51.532,0.00842310395091772,0.9630116820335388,267.8571472167969,376.53240966796875
2026-07-10T16:13:53.806,0.008578754961490631,0.9571949243545532,252.10084533691406,349.593505859375
2026-07-10T16:13:55.989,0.008526867255568504,0.9581165313720703,232.55813598632812,349.593505859375
2026-07-10T17:11:35.842,0.008584856055676937,0.9618488550186157,175.4385986328125,327.24505615234375
2026-07-10T17:11:57.193,0.008261353708803654,0.9601429104804993,186.3354034423828,364.4067687988281
2026-07-10T17:11:59.389,0.008383434265851974,0.9583789110183716,197.36842346191406,281.4136047363281
2026-07-10T17:12:04.645,0.00850550178438425,0.9638020396232605,192.3076934814453,353.618408203125
2026-07-10T17:12:08.958,0.008325446397066116,0.9649434089660645,156.25,300.2793273925781
2026-07-10T17:12:14.223,0.008563484996557236,0.961906909942627,120.96774291992188,300.2793273925781
2026-07-10T17:12:19.492,0.008725244551897049,0.9606464505195618,170.4545440673828,279.5838623046875
2026-07-10T17:12:24.672,0.008508553728461266,0.9638508558273315,163.04347229003906,279.5838623046875
2026-07-10T17:12:36.155,0.00843836460262537,0.9636982679367065,206.89654541015625,226.55426025390625
2026-07-10T17:13:16.236,0.008563493378460407,0.957490861415863,211.26760864257812,272.8426513671875
2026-07-10T17:13:20.548,0.008645888417959213,0.9595996737480164,186.3354034423828,277.0618591308594
2026-07-10T17:13:27.833,0.00849940162152052,0.9662222266197205,15.321757316589355,277.0618591308594
2026-07-10T17:13:30.038,0.008630630560219288,0.9622486233711243,200.0,338.0503234863281
2026-07-10T17:13:35.305,0.008371219038963318,0.9667502045631409,208.3333282470703,325.2647399902344
2026-07-10T17:13:39.714,0.008709979243576527,0.9621145129203796,202.70269775390625,325.2647399902344
2026-07-10T17:13:44.791,0.008456672541797161,0.9610065221786499,209.7902069091797,348.4602966308594
2026-07-10T17:13:51.017,0.008493294939398766,0.9617452025413513,223.88059997558594,350.7341003417969
2026-07-10T17:13:55.331,0.008474982343614101,0.9661123156547546,225.56390380859375,353.03778076171875
2026-07-10T17:13:59.739,0.00852991733700037,0.9631672501564026,201.34228515625,353.03778076171875
2026-07-10T17:14:29.837,0.00859400536864996,0.9609456062316895,212.76596069335938,363.7901916503906
2026-07-10T17:14:35.110,0.008487197570502758,0.9622456431388855,212.76596069335938,345.1043395996094
2026-07-10T17:14:40.386,0.00842310395091772,0.9638386368751526,229.00762939453125,327.24505615234375
2026-07-10T17:14:45.655,0.008648944087326527,0.9615132212638855,263.15789794921875,358.3333435058594
2026-07-10T17:14:50.825,0.00844446662813425,0.9565691947937012,214.2857208251953,363.1756896972656
2026-07-10T17:14:56.098,0.008456673473119736,0.9640522599220276,202.70269775390625,344.55126953125
2026-07-10T17:15:00.409,0.008423102088272572,0.9547503590583801,212.76596069335938,361.9528503417969
2026-07-10T17:15:05.582,0.008612317033112049,0.9630268812179565,220.58824157714844,351.8821716308594
2026-07-10T17:15:09.895,0.00895718578249216,0.9582691192626953,222.22222900390625,351.8821716308594
2026-07-10T17:15:15.261,0.008331544697284698,0.9589557647705078,209.7902069091797,344.55126953125
2026-07-10T17:20:04.673,0.008673358708620071,0.9578479528427124,220.58824157714844,341.8124084472656
2026-07-10T17:20:09.948,0.008853418752551079,0.9644489884376526,217.3913116455078,347.33441162109375
2026-07-10T17:20:17.237,0.008453617803752422,0.9617176651954651,243.90243530273438,355.96026611328125
2026-07-10T17:20:22.417,0.008554331958293915,0.9593280553817749,220.58824157714844,379.188720703125
2026-07-10T17:20:27.691,0.008471931330859661,0.9632436633110046,211.26760864257812,331.2789001464844
2026-07-10T17:20:32.968,0.008661151863634586,0.9619038105010986,212.76596069335938,367.5213623046875
2026-07-10T17:20:38.241,0.008493300527334213,0.9634236693382263,217.3913116455078,383.9285583496094
2026-07-10T17:20:43.509,0.008709980174899101,0.9593006372451782,205.4794464111328,334.3701477050781
2026-07-10T17:20:48.687,0.008514665067195892,0.9676717519760132,205.4794464111328,325.2647399902344
2026-07-10T17:21:27.992,0.008478036150336266,0.9611073136329651,208.3333282470703,370.6896667480469
2026-07-10T17:21:54.258,0.008581803180277348,0.9655141234397888,217.3913116455078,349.593505859375
2026-07-10T17:22:10.648,0.008444467559456825,0.9556841850280762,202.70269775390625,368.15069580078125
2026-07-10T17:22:14.864,0.008441414684057236,0.9606068134307861,223.88059997558594,368.15069580078125
2026-07-10T17:22:23.110,0.008548230864107609,0.9614246487617493,217.3913116455078,361.34454345703125
2026-07-10T17:22:54.364,0.00863063707947731,0.9599018096923828,206.89654541015625,357.1428527832031
2026-07-10T17:22:58.672,0.00847803708165884,0.9557239413261414,212.76596069335938,264.45263671875
2026-07-10T17:23:03.942,0.008474990725517273,0.9644491076469421,200.0,305.3977355957031
2026-07-10T17:23:08.158,0.008694720454514027,0.9595966339111328,194.80519104003906,305.3977355957031
2026-07-10T17:23:13.430,0.008474985137581825,0.9602833390235901,227.27272033691406,290.9336853027344
2026-07-10T17:23:19.665,0.008523812517523766,0.9597247838973999,201.34228515625,365.6462707519531
2026-07-10T17:23:23.979,0.00866420567035675,0.9542558789253235,212.76596069335938,354.20098876953125
2026-07-10T17:25:24.003,0.008709979243576527,1.0135741233825684,197.36842346191406,354.20098876953125
2026-07-10T17:25:28.125,0.008346805348992348,1.0108121633529663,198.6754913330078,337.5196228027344
2026-07-10T17:25:34.353,0.008789332583546638,1.0196900367736816,206.89654541015625,340.72900390625
2026-07-10T17:25:39.626,0.008551277220249176,1.018835425376892,222.22222900390625,353.618408203125
2026-07-10T17:25:44.895,0.0084597272798419,1.0191131830215454,193.5483856201172,353.618408203125
2026-07-10T17:25:50.072,0.008578755892813206,1.016363501548767,212.76596069335938,323.3082580566406
2026-07-10T17:25:55.436,0.008609266951680183,1.011242389678955,252.10084533691406,323.3082580566406
2026-07-10T17:26:31.438,0.008688625879585743,0.9599140286445618,197.36842346191406,287.81793212890625
2026-07-10T17:26:35.314,0.008774067275226116,0.960197925567627,209.7902069091797,307.1428527832031
2026-07-10T17:26:38.479,0.008401738479733467,0.9581135511398315,191.0828094482422,307.1428527832031
2026-07-10T17:26:39.724,0.008621476590633392,0.9641897082328796,194.80519104003906,184.39108276367188
2026-07-10T17:26:41.931,0.008606214076280594,0.9625722765922546,200.0,332.3029479980469
2026-07-10T17:26:43.177,0.008310186676681042,0.9577381014823914,201.34228515625,332.3029479980469
2026-07-10T17:26:45.285,0.008401742205023766,0.962065577507019,174.41860961914062,340.72900390625
2026-07-10T17:26:48.449,0.008166750892996788,0.9570453763008118,198.6754913330078,340.72900390625
2026-07-10T17:26:50.743,0.008578753098845482,0.9625905752182007,182.9268341064453,108.04019927978516
2026-07-10T17:26:54.000,0.008423102088272572,0.9586628079414368,166.6666717529297,108.04019927978516
2026-07-10T17:27:04.237,0.008856470696628094,0.9566302299499512,196.07843017578125,278.8586120605469
2026-07-10T17:27:06.629,0.008539073169231415,0.9628742337226868,204.08163452148438,278.8586120605469
2026-07-10T17:27:09.890,0.008432257920503616,0.962639331817627,201.34228515625,152.59048461914062
2026-07-10T17:27:16.027,0.008835114538669586,0.9577563405036926,198.6754913330078,152.59048461914062
2026-07-10T17:31:25.555,0.008731340058147907,0.9576037526130676,212.76596069335938,294.924560546875
2026-07-10T17:31:29.777,0.008514657616615295,0.9620015621185303,225.56390380859375,361.34454345703125
2026-07-10T17:31:34.187,0.008801538497209549,0.964275062084198,205.4794464111328,361.34454345703125
2026-07-10T17:31:39.270,0.008536024950444698,0.9619526863098145,204.08163452148438,315.7121887207031
2026-07-10T17:31:43.490,0.00849634874612093,0.9607411026954651,209.7902069091797,315.7121887207031
2026-07-10T17:31:44.831,0.008664208464324474,0.9599170684814453,209.7902069091797,315.7121887207031
2026-07-10T17:31:50.011,0.008420047350227833,0.9649984240531921,232.55813598632812,358.3333435058594
2026-07-10T17:31:55.280,0.008685573004186153,0.9579914212226868,229.00762939453125,356.5505676269531
2026-07-10T17:32:14.646,0.008609267883002758,0.9586536288261414,229.00762939453125,345.6591491699219
2026-07-10T17:32:19.820,0.008600116707384586,0.9575244784355164,227.27272033691406,339.6524353027344
2026-07-10T17:32:25.091,0.00859095435589552,0.9613056778907776,222.22222900390625,345.1043395996094
2026-07-10T17:32:31.319,0.008609267883002758,0.9615436792373657,252.10084533691406,353.03778076171875
2026-07-10T17:32:36.591,0.008679462596774101,0.963829517364502,196.07843017578125,275.2880859375
2026-07-10T17:32:40.999,0.008597064763307571,0.9605122208595276,211.26760864257812,275.2880859375
2026-07-10T17:32:46.171,0.008636731654405594,0.9615284204483032,218.9781036376953,314.7876892089844
2026-07-10T17:32:51.347,0.00893277209252119,0.9601032137870789,225.56390380859375,314.3274841308594
2026-07-10T17:32:56.611,0.008450577035546303,0.957368791103363,232.55813598632812,370.6896667480469
2026-07-10T17:33:01.968,0.008615377359092236,0.9591876864433289,202.70269775390625,370.6896667480469
2026-07-10T17:33:07.139,0.008471938781440258,0.9602893590927124,225.56390380859375,350.7341003417969
2026-07-13T10:26:46.139,0.008578750304877758,0.9496171474456787,0.0,0.0
2026-07-13T10:26:47.383,0.008807643316686153,0.9506517052650452,0.0,0.0
2026-07-13T10:26:49.488,0.00872218981385231,0.9522173404693604,526.3157958984375,0.0
2026-07-13T10:26:50.736,0.00872218981385231,0.9522173404693604,0.0,0.0
2026-07-13T10:26:51.984,0.008655048906803131,0.9497482776641846,91.46341705322266,0.0
2026-07-13T10:26:53.231,0.009231855161488056,0.8880468606948853,0.0,0.0
2026-07-13T10:26:57.548,0.008618423715233803,0.9513963460922241,0.0,0.0
2026-07-13T10:26:58.788,0.00903958547860384,0.8813356757164001,0.0,0.0
2026-07-13T10:32:25.397,0.00839259009808302,0.9550677537918091,111.11111450195312,0.0
2026-07-13T10:32:26.645,0.008798491209745407,0.953749418258667,83.33333587646484,552.69921875
2026-07-13T10:32:40.828,0.008685565553605556,0.9514849185943604,200.0,394.49542236328125
2026-07-13T10:32:43.127,0.008661151863634586,0.9551043510437012,168.53932189941406,259.0361328125
2026-07-13T10:32:54.436,0.008563488721847534,0.9573168754577637,220.58824157714844,416.6666564941406
2026-07-13T10:32:55.681,0.008798486553132534,0.9552691578865051,194.80519104003906,353.03778076171875
2026-07-13T10:32:57.884,0.008746606297791004,0.9548816680908203,206.89654541015625,412.6679382324219
2026-07-13T10:32:59.127,0.008868680335581303,0.9503007531166077,209.7902069091797,429.1417236328125
2026-07-13T10:33:03.346,0.008764918893575668,0.9498918056488037,196.07843017578125,424.90118408203125
2026-07-13T10:33:06.603,0.00872829183936119,0.9507189393043518,187.5,325.757568359375
2026-07-13T10:34:39.078,0.00893277395516634,0.9558795094490051,197.36842346191406,384.6153869628906
2026-07-13T10:34:43.299,0.008551279082894325,0.9549609422683716,204.08163452148438,388.0866394042969
2026-07-13T10:34:46.562,0.00862453319132328,0.951582670211792,202.70269775390625,411.87738037109375
2026-07-13T10:34:48.765,0.00858486071228981,0.9517534375190735,198.6754913330078,410.3053283691406
2026-07-13T10:34:53.079,0.008652002550661564,0.9553027153015137,241.93548583984375,424.90118408203125
2026-07-13T10:34:54.324,0.008886991068720818,0.9507585167884827,212.76596069335938,391.6211242675781
2026-07-13T10:34:57.488,0.008685566484928131,0.9557666182518005,232.55813598632812,388.7884216308594
2026-07-13T10:35:01.802,0.008679457008838654,0.9532427191734314,240.0,418.2879333496094
2026-07-13T10:35:06.023,0.008648950606584549,0.9527513980865479,202.70269775390625,418.2879333496094
2026-07-13T10:35:07.266,0.008484145626425743,0.9496719837188721,202.70269775390625,420.74365234375
2026-07-13T10:36:19.962,0.008505504578351974,0.9509111046791077,238.09524536132812,487.5283508300781
2026-07-13T10:36:22.265,0.008816799148917198,0.9563830494880676,215.82733154296875,482.0627746582031
2026-07-13T10:36:28.496,0.008658095262944698,0.9543383717536926,197.36842346191406,411.0898742675781
2026-07-13T10:36:32.810,0.008975496515631676,0.9539263248443604,201.34228515625,430.8617248535156
2026-07-13T10:36:37.026,0.00879543274641037,0.9561664462089539,220.58824157714844,474.6136779785156
2026-07-13T10:36:38.369,0.008581799454987049,0.956587553024292,211.26760864257812,475.6637268066406
2026-07-13T10:36:43.550,0.008661150000989437,0.9525988101959229,238.09524536132812,510.6888427734375
2026-07-13T10:36:46.812,0.008529920130968094,0.9522539377212524,223.88059997558594,466.37744140625
2026-07-13T10:36:49.018,0.00855738203972578,0.952073872089386,229.00762939453125,505.8823547363281
2026-07-13T10:36:50.264,0.008700831793248653,0.9599263072013855,227.27272033691406,460.38543701171875
2026-07-13T10:37:47.058,0.008856475353240967,0.9507647156715393,206.89654541015625,381.8827819824219
2026-07-13T10:37:50.319,0.00868251547217369,0.9532031416893005,212.76596069335938,428.286865234375
2026-07-13T10:37:52.526,0.00833155307918787,0.954652726650238,241.93548583984375,410.3053283691406
2026-07-13T10:37:59.810,0.008719144389033318,0.9557452201843262,232.55813598632812,410.3053283691406
2026-07-13T10:38:03.165,0.00879848562180996,0.9497453570365906,232.55813598632812,392.33575439453125
2026-07-13T10:38:06.327,0.008676412515342236,0.9494462013244629,212.76596069335938,407.9696350097656
2026-07-13T10:38:08.533,0.00875881314277649,0.9528551697731018,212.76596069335938,427.4353942871094
2026-07-13T10:38:19.842,0.008819852024316788,0.9532031416893005,240.0,457.4468078613281
2026-07-13T10:38:22.151,0.008572643622756004,0.9580920934677124,240.0,411.0898742675781
2026-07-13T10:38:23.404,0.008716086857020855,0.9484391808509827,258.6206970214844,461.3733825683594
2026-07-13T10:42:13.997,0.008496349677443504,0.9548296332359314,227.27272033691406,390.19964599609375
2026-07-13T10:42:20.445,0.008661152794957161,0.953566312789917,234.375,415.8607482910156
2026-07-13T10:43:31.882,0.008438365533947945,0.9535936713218689,192.3076934814453,401.1194152832031
2026-07-13T10:43:33.127,0.008716084994375706,0.9511034488677979,245.90164184570312,424.0631103515625
2026-07-13T10:51:34.497,0.008780174888670444,0.9547320604324341,214.2857208251953,488.6363525390625
2026-07-13T10:51:35.742,0.008703883737325668,0.9597249031066895,256.4102478027344,514.3540649414062
2026-07-13T10:51:52.989,0.008835109882056713,0.9496354460716248,227.27272033691406,511.9047546386719
2026-07-13T10:51:54.232,0.008465835824608803,0.9596301913261414,227.27272033691406,504.69482421875
2026-07-13T10:52:10.533,0.008630634285509586,0.9503830671310425,240.0,504.69482421875
2026-07-13T10:52:11.780,0.008554338477551937,0.9503830671310425,240.0,528.2555541992188
2026-07-13T10:52:13.985,0.00879543274641037,0.9539660811424255,260.86956787109375,524.3902587890625
2026-07-13T10:52:31.238,0.008786283433437347,0.9518694281578064,247.9338836669922,537.5
2026-07-13T10:52:32.484,0.008636737242341042,0.9537065625190735,209.7902069091797,451.6806640625
2026-07-13T10:57:10.249,0.008682514540851116,0.9573291540145874,250.0,419.921875
2026-07-13T10:57:16.674,0.008600116707384586,0.9562182426452637,240.0,426.5873107910156
2026-07-13T11:03:35.541,0.008725243620574474,0.9591358304023743,260.86956787109375,525.67236328125
2026-07-13T11:03:36.788,0.008606217801570892,0.9571307301521301,240.0,521.8446655273438
2026-07-13T11:03:42.161,0.008584859780967236,0.9542224407196045,225.56390380859375,516.826904296875
2026-07-13T11:03:47.338,0.008825957775115967,0.958189845085144,218.9781036376953,475.6637268066406
2026-07-13T11:03:52.611,0.008789333514869213,0.9605762958526611,223.88059997558594,528.2555541992188
2026-07-13T11:03:53.858,0.008734404109418392,0.9605762958526611,223.88059997558594,478.84185791015625
2026-07-13T11:03:56.064,0.008532973937690258,0.9500291347503662,260.86956787109375,502.3364562988281
2026-07-13T11:03:57.312,0.008651994168758392,0.9570148587226868,243.90243530273438,538.8471069335938
2026-07-13T11:04:01.626,0.008600113913416862,0.9605823755264282,229.00762939453125,526.9607543945312
2026-07-13T11:04:02.871,0.008682510815560818,0.9605823755264282,229.00762939453125,521.8446655273438
2026-07-13T11:05:21.233,0.008832057937979698,0.9541704058647156,254.23728942871094,417.4757385253906
2026-07-13T11:05:24.493,0.008487195707857609,0.9545550346374512,227.27272033691406,446.05810546875
2026-07-13T11:05:25.741,0.008856475353240967,0.9593952894210815,240.0,455.50848388671875
2026-07-13T11:05:29.963,0.008481092751026154,0.9559832811355591,240.0,457.4468078613281
2026-07-13T11:05:31.306,0.008850369602441788,0.9627919793128967,222.22222900390625,457.4468078613281
2026-07-13T11:05:37.446,0.008465837687253952,0.9541674852371216,229.00762939453125,429.1417236328125
2026-07-13T11:05:40.802,0.008706933818757534,0.9586566686630249,227.27272033691406,460.38543701171875
2026-07-13T11:05:45.976,0.008789331652224064,0.9588733911514282,0.0,459.4017028808594
2026-07-13T11:05:47.220,0.008899196051061153,0.9597950577735901,230.76922607421875,419.1033020019531
2026-07-13T11:05:48.466,0.00853601936250925,0.9531328678131104,220.58824157714844,433.4677429199219
2026-07-13T11:06:31.524,0.008996857330203056,0.9619008898735046,245.90164184570312,457.4468078613281
2026-07-13T11:06:32.865,0.00873745046555996,0.9564746618270874,238.09524536132812,452.631591796875
2026-07-13T11:06:36.032,0.008716088719666004,0.9571277499198914,250.0,430.8617248535156
2026-07-13T11:06:40.349,0.008706929162144661,0.9576679468154907,241.93548583984375,439.67279052734375
2026-07-13T11:06:44.570,0.008511612191796303,0.9544970989227295,240.0,435.2226867675781
2026-07-13T11:06:45.817,0.008587906137108803,0.9554095268249512,220.58824157714844,451.6806640625
2026-07-13T11:06:52.240,0.008648941293358803,0.9539416432380676,234.375,433.4677429199219
2026-07-13T11:06:57.327,0.008615374565124512,0.9511370062828064,227.27272033691406,436.99188232421875
2026-07-13T11:06:58.575,0.008749658241868019,0.9558704495429993,229.00762939453125,438.7755126953125
2026-07-13T11:07:05.864,0.00875575840473175,0.9564990401268005,241.93548583984375,457.4468078613281
2026-07-13T11:11:08.809,0.008401738479733467,0.9553332328796387,223.88059997558594,468.4095764160156
2026-07-13T11:11:10.056,0.00849329773336649,0.9552050828933716,250.0,467.39129638671875
2026-07-13T11:11:32.295,0.008590960875153542,0.9550738334655762,241.93548583984375,532.17822265625
2026-07-13T11:11:33.540,0.008722187019884586,0.95000159740448,241.93548583984375,521.8446655273438
2026-07-13T11:11:41.789,0.008639785461127758,0.9564929008483887,241.93548583984375,530.8641967773438
2026-07-13T11:12:13.906,0.008670308627188206,0.9557819366455078,229.00762939453125,464.36285400390625
2026-07-13T11:12:49.460,0.008691677823662758,0.9513596296310425,263.15789794921875,533.498779296875
2026-07-13T11:12:50.707,0.008664204739034176,0.9513596296310425,263.15789794921875,533.498779296875
2026-07-13T11:12:54.929,0.008853421546518803,0.9573352932929993,225.56390380859375,489.7494201660156
2026-07-13T11:13:34.036,0.008673358708620071,0.9555590748786926,250.0,571.8085327148438
2026-07-13T11:13:41.228,0.008923610672354698,0.9554950594902039,236.22047424316406,532.17822265625
2026-07-13T11:14:04.227,0.008664201945066452,0.6990907788276672,214.2857208251953,501.1654968261719
2026-07-13T11:14:05.472,0.008621478453278542,0.6985841989517212,250.0,496.5357971191406
2026-07-13T11:14:10.747,0.008636735379695892,0.7010073661804199,252.10084533691406,519.3236694335938
2026-07-13T11:14:11.993,0.0086947251111269,0.7004945874214172,220.58824157714844,497.6851806640625
2026-07-13T11:14:19.276,0.00858180969953537,0.6996584534645081,197.36842346191406,336.4632263183594
2026-07-13T11:14:23.495,0.008664202876389027,0.7010470628738403,222.22222900390625,503.51287841796875
2026-07-13T11:14:56.583,0.008798490278422832,0.5815426707267761,234.375,448.8517761230469
2026-07-13T11:15:01.764,0.008850371465086937,0.5855619311332703,241.93548583984375,493.1192626953125
2026-07-13T11:15:06.081,0.008886990137398243,0.5807674527168274,245.90164184570312,488.6363525390625
2026-07-13T11:15:10.299,0.008746610954403877,0.5825345516204834,234.375,478.84185791015625
2026-07-13T11:15:15.570,0.0090517932549119,0.582708477973938,254.23728942871094,427.4353942871094
2026-07-13T11:15:16.818,0.008700823411345482,0.5806789994239807,238.09524536132812,473.5682678222656
2026-07-13T11:15:21.227,0.008752712048590183,0.5830289721488953,256.4102478027344,507.0754699707031
2026-07-13T11:15:25.449,0.008670303970575333,0.5801144242286682,229.00762939453125,470.45953369140625
2026-07-13T11:15:29.569,0.008801542222499847,0.5886778235435486,218.9781036376953,493.1192626953125
2026-07-13T11:15:30.813,0.008560439571738243,0.5886778235435486,218.9781036376953,425.7425842285156
2026-07-13T11:15:59.100,0.00899686198681593,0.5822934508323669,232.55813598632812,479.91070556640625
2026-07-13T11:16:00.344,0.008624532260000706,0.5837002992630005,178.57142639160156,285.1458740234375
2026-07-13T11:16:05.614,0.00855738203972578,0.5791927576065063,256.4102478027344,501.1654968261719
2026-07-13T11:16:07.917,0.00856348592787981,0.5827328562736511,230.76922607421875,464.36285400390625
2026-07-13T11:16:10.309,0.008664204739034176,0.583440899848938,267.8571472167969,458.42218017578125
2026-07-13T11:16:12.420,0.008587914519011974,0.578194797039032,229.00762939453125,472.5274658203125
2026-07-13T11:16:18.655,0.00867030955851078,0.583288311958313,232.55813598632812,462.3656005859375
2026-07-13T11:16:19.902,0.008416998200118542,0.5850217342376709,260.86956787109375,501.1654968261719
2026-07-13T11:16:25.177,0.008499404415488243,0.582391083240509,225.56390380859375,452.631591796875
2026-07-13T11:16:26.423,0.008911410346627235,0.5862545967102051,240.0,488.6363525390625
2026-07-13T11:18:04.053,0.00885953102260828,0.9535510540008545,252.10084533691406,523.1143798828125
2026-07-13T11:18:08.271,0.00874965637922287,0.9581653475761414,275.2293701171875,487.5283508300781
2026-07-13T11:18:17.569,0.00867641530930996,0.9543017745018005,229.00762939453125,478.84185791015625
2026-07-13T11:18:20.825,0.008584855124354362,0.9512956738471985,222.22222900390625,505.8823547363281
2026-07-13T11:18:30.030,0.00856349803507328,0.9577715992927551,243.90243530273438,533.498779296875
2026-07-13T11:18:31.272,0.008825954049825668,0.954805314540863,250.0,514.3540649414062
2026-07-13T11:18:42.583,0.008987704291939735,0.9544939994812012,234.375,476.7184143066406
2026-07-13T11:18:43.831,0.008987704291939735,0.9544939994812012,234.375,476.7184143066406
2026-07-13T11:18:47.093,0.008767971768975258,0.9512285590171814,250.0,515.5875244140625
2026-07-13T11:18:49.492,0.008502455428242683,0.9481157064437866,260.86956787109375,516.826904296875
2026-07-13T11:20:30.979,0.008676411584019661,0.9564167261123657,260.86956787109375,483.14605712890625
2026-07-13T11:20:32.322,0.009054847061634064,0.9552874565124512,240.0,498.83990478515625
2026-07-13T11:20:33.569,0.008484141901135445,0.957258939743042,265.4867248535156,532.17822265625
2026-07-13T11:20:34.816,0.008777127601206303,0.9614460468292236,240.0,525.67236328125
2026-07-13T11:20:37.980,0.008844269439578056,0.9560443758964539,252.10084533691406,534.8258666992188
2026-07-13T11:20:39.227,0.00848414096981287,0.952925443649292,240.0,525.67236328125
2026-07-13T11:20:41.529,0.008850371465086937,0.9577747583389282,272.7272644042969,450.7337646484375
2026-07-13T11:20:42.775,0.008322387002408504,0.950944721698761,229.00762939453125,483.14605712890625
2026-07-13T11:20:44.022,0.00853601936250925,0.9520891308784485,243.90243530273438,520.5811157226562
2026-07-13T11:20:48.339,0.008285772986710072,0.9551073312759399,250.0,515.5875244140625
2026-07-13T11:22:00.573,0.008691671304404736,0.5858609676361084,270.270263671875,493.1192626953125
2026-07-13T11:22:02.684,0.008734398521482944,0.5808926820755005,258.6206970214844,509.4786682128906
2026-07-13T11:22:03.930,0.008606212213635445,0.5780696868896484,277.77777099609375,519.3236694335938
2026-07-13T11:22:05.175,0.008551277220249176,0.5818142890930176,250.0,513.12646484375
2026-07-13T11:22:09.395,0.008868682198226452,0.5840542912483215,245.90164184570312,503.51287841796875
2026-07-13T11:22:11.695,0.008771025575697422,0.5812588930130005,229.00762939453125,468.4095764160156
2026-07-13T11:22:12.943,0.008658098056912422,0.5818386673927307,0.0,488.6363525390625
2026-07-13T11:22:14.190,0.008706926368176937,0.5846403241157532,218.9781036376953,474.6136779785156
2026-07-13T11:22:18.411,0.008398689329624176,0.5817074775695801,258.6206970214844,489.7494201660156
2026-07-13T11:22:19.658,0.008499398827552795,0.5894224643707275,258.6206970214844,493.1192626953125
2026-07-13T11:30:23.579,0.008976711891591549,0.40070053935050964,270.270263671875,10750.0
2026-07-13T11:30:26.840,0.008838159032166004,0.4013853371143341,272.7272644042969,431.7268981933594
2026-07-13T11:30:55.896,0.008682516403496265,0.5052329897880554,241.93548583984375,461.3733825683594
2026-07-13T11:30:58.005,0.008733782917261124,0.5339068174362183,250.0,493.1192626953125
2026-07-13T11:31:14.970,0.008221686817705631,0.44756007194519043,254.23728942871094,478.84185791015625
2026-07-13T11:31:16.215,0.0080263651907444,0.44625386595726013,230.76922607421875,407.9696350097656
2026-07-13T11:31:22.444,0.008398693054914474,0.4461318254470825,240.0,456.4755859375
2026-07-13T11:31:28.872,0.00822168868035078,0.44869542121887207,234.375,442.3868408203125
2026-07-13T11:31:30.119,0.0087710190564394,0.44491109251976013,247.9338836669922,454.5454406738281
2026-07-13T11:31:53.328,0.008502456359565258,0.4512711763381958,265.4867248535156,464.36285400390625
2026-07-13T11:31:54.574,0.00837427657097578,0.44533833861351013,265.4867248535156,475.6637268066406
2026-07-13T11:31:57.837,0.008197274059057236,0.4458693563938141,236.22047424316406,446.05810546875
2026-07-13T11:32:28.039,0.008532972075045109,0.4502945840358734,240.0,425.7425842285156
2026-07-13T11:32:31.396,0.00839259009808302,0.44886016845703125,254.23728942871094,448.8517761230469
2026-07-13T11:32:35.616,0.008301036432385445,0.4468703866004944,232.55813598632812,438.7755126953125
2026-07-13T11:32:38.878,0.008557389490306377,0.4509170949459076,241.93548583984375,442.3868408203125
2026-07-13T11:32:45.115,0.008478042669594288,0.4501052796840668,241.93548583984375,465.3679504394531
2026-07-13T11:32:46.363,0.008368171751499176,0.44247570633888245,245.90164184570312,449.7908020019531
2026-07-13T11:32:50.679,0.008539079688489437,0.4476638734340668,234.375,432.5955810546875
2026-07-13T11:33:21.256,0.008258311077952385,0.3487350344657898,227.27272033691406,442.3868408203125
2026-07-13T11:33:22.502,0.008624527603387833,0.3491562306880951,258.6206970214844,437.8818664550781
2026-07-13T11:33:35.824,0.008130132220685482,0.3545030653476715,241.93548583984375,444.2148742675781
2026-07-13T11:33:37.072,0.00873439572751522,0.35339218378067017,236.22047424316406,433.4677429199219
2026-07-13T11:33:38.319,0.0084902448579669,0.3494614064693451,236.22047424316406,413.4615478515625
2026-07-13T11:33:43.595,0.00844141747802496,0.3464828133583069,247.9338836669922,444.2148742675781
2026-07-13T11:33:46.858,0.008545178920030594,0.3550157845020294,291.26214599609375,427.4353942871094
2026-07-13T11:33:48.102,0.008014160208404064,0.35010841488838196,254.23728942871094,408.7452392578125
2026-07-13T11:35:03.073,0.008325450122356415,0.4474014341831207,241.93548583984375,460.38543701171875
2026-07-13T11:35:04.319,0.00837427843362093,0.44746243953704834,241.93548583984375,472.5274658203125
2026-07-13T11:35:06.619,0.008459730073809624,0.44475850462913513,265.4867248535156,473.5682678222656
2026-07-13T11:35:13.908,0.008270518854260445,0.44834136962890625,245.90164184570312,458.42218017578125
2026-07-13T11:35:16.114,0.008569594472646713,0.4511125087738037,245.90164184570312,485.3273010253906
2026-07-13T11:35:18.513,0.008465835824608803,0.44624781608581543,254.23728942871094,472.5274658203125
2026-07-13T11:35:20.620,0.00835596863180399,0.4462538957595825,227.27272033691406,443.2989807128906
2026-07-13T11:35:28.865,0.008691671304404736,0.4482741951942444,243.90243530273438,455.50848388671875
2026-07-13T11:35:37.294,0.00859401561319828,0.4475356638431549,250.0,466.37744140625
2026-07-13T11:35:39.405,0.008441419340670109,0.4497573971748352,272.7272644042969,429.1417236328125
2026-07-13T11:36:41.531,0.00830103550106287,0.33801284432411194,247.9338836669922,436.10546875
2026-07-13T11:36:46.804,0.008056885562837124,0.32317066192626953,260.86956787109375,467.39129638671875
2026-07-13T11:36:49.010,0.007782219909131527,0.3340759575366974,275.2293701171875,428.286865234375
2026-07-13T11:37:14.008,0.0087099839001894,0.44417256116867065,254.23728942871094,428.286865234375
2026-07-13T11:37:16.214,0.008252200670540333,0.449665904045105,270.270263671875,446.9854431152344
2026-07-13T11:37:20.432,0.008355967700481415,0.44448378682136536,283.01885986328125,446.9854431152344
2026-07-13T11:37:23.789,0.00836206879466772,0.4519669711589813,254.23728942871094,423.22833251953125
2026-07-13T11:37:25.036,0.008539081551134586,0.4452773332595825,263.15789794921875,429.1417236328125
2026-07-13T11:37:58.978,0.008294932544231415,0.5487349629402161,272.7272644042969,521.8446655273438
2026-07-13T11:38:01.183,0.008362067863345146,0.5509322881698608,260.86956787109375,521.8446655273438
2026-07-13T11:38:08.476,0.008581801317632198,0.5470319986343384,256.4102478027344,504.69482421875
2026-07-13T11:38:09.718,0.008490247651934624,0.5489913821220398,0.0,519.3236694335938
2026-07-13T11:38:10.964,0.008435314521193504,0.5529282093048096,280.37384033203125,452.631591796875
2026-07-13T11:39:28.212,0.00845362339168787,0.44702911376953125,245.90164184570312,485.3273010253906
2026-07-13T11:39:29.554,0.008252204395830631,0.4485488831996918,267.8571472167969,504.69482421875
2026-07-13T11:39:34.637,0.008447520434856415,0.4477493166923523,263.15789794921875,411.87738037109375
2026-07-13T11:39:35.883,0.00834375899285078,0.4477493166923523,263.15789794921875,458.42218017578125
2026-07-13T11:39:42.214,0.008539075031876564,0.4438978135585785,267.8571472167969,474.6136779785156
2026-07-13T11:39:44.419,0.008502454496920109,0.445130854845047,252.10084533691406,489.7494201660156
2026-07-13T11:39:50.643,0.00847193505614996,0.454890638589859,247.9338836669922,489.7494201660156
2026-07-13T11:39:51.890,0.008490250445902348,0.4481460452079773,232.55813598632812,441.47845458984375
2026-07-13T11:41:27.342,0.00843531358987093,0.4460524618625641,256.4102478027344,447.9166564941406
2026-07-13T11:41:29.733,0.008758814074099064,0.4484695494174957,247.9338836669922,418.2879333496094
2026-07-13T11:41:38.847,0.008349860087037086,0.44494161009788513,243.90243530273438,416.6666564941406
2026-07-13T11:41:40.093,0.008441418409347534,0.4486892819404602,243.90243530273438,419.1033020019531
2026-07-13T11:41:41.340,0.008282720111310482,0.45019692182540894,254.23728942871094,437.8818664550781
2026-07-13T11:42:09.317,0.008239993825554848,0.4465285539627075,250.0,477.77777099609375
2026-07-13T11:42:10.564,0.00807519443333149,0.4430738389492035,184.049072265625,477.77777099609375
2026-07-13T11:42:11.999,0.008453627116978168,0.44505760073661804,184.049072265625,751.7482299804688
2026-07-13T11:42:18.230,0.008587908931076527,0.4444044828414917,265.4867248535156,473.5682678222656
2026-07-13T11:42:20.337,0.00845362525433302,0.4472304582595825,285.71429443359375,489.7494201660156
2026-07-13T11:42:23.692,0.008581804111599922,0.4504593312740326,241.93548583984375,453.58648681640625
2026-07-13T11:42:45.644,0.008313242346048355,0.34740445017814636,256.4102478027344,460.38543701171875
2026-07-13T11:42:46.891,0.008526870980858803,0.3556627631187439,238.09524536132812,436.99188232421875
2026-07-13T11:42:54.181,0.008496351540088654,0.3505845367908478,265.4867248535156,449.7908020019531
2026-07-13T11:42:56.387,0.008435318246483803,0.3486495912075043,247.9338836669922,416.6666564941406
2026-07-13T11:42:57.634,0.008166754618287086,0.35497915744781494,258.6206970214844,438.7755126953125
2026-07-13T11:45:22.804,0.008252201601862907,0.26547443866729736,267.8571472167969,425.7425842285156
2026-07-13T11:45:24.052,0.008594007231295109,0.2658650875091553,230.76922607421875,390.19964599609375
2026-07-13T11:45:30.271,0.008740503340959549,0.2663533687591553,256.4102478027344,419.921875
2026-07-13T11:45:33.527,0.00844141747802496,0.2659566402435303,240.0,407.9696350097656
2026-07-13T11:45:35.827,0.008526867255568504,0.26012760400772095,275.2293701171875,419.921875
2026-07-13T11:45:38.033,0.008282724767923355,0.26389357447624207,240.0,386.6906433105469
2026-07-13T11:45:42.347,0.008697777055203915,0.2635273337364197,260.86956787109375,417.4757385253906
2026-07-13T11:45:43.592,0.008429212495684624,0.26383864879608154,256.4102478027344,424.90118408203125
2026-07-13T11:45:44.839,0.008532977662980556,0.2664692997932434,245.90164184570312,394.49542236328125
2026-07-13T11:46:09.083,0.008587905205786228,0.3489120900630951,267.8571472167969,471.4912414550781
2026-07-13T11:46:10.329,0.008148440159857273,0.3565172851085663,250.0,459.4017028808594
2026-07-13T11:46:14.452,0.008484143763780594,0.3516770601272583,252.10084533691406,460.38543701171875
2026-07-13T11:46:22.693,0.008453628048300743,0.3518967926502228,254.23728942871094,431.7268981933594
2026-07-13T11:46:24.899,0.008514664135873318,0.3535020351409912,245.90164184570312,403.3771057128906
2026-07-13T11:46:28.157,0.008398691192269325,0.3527512848377228,241.93548583984375,430.0
2026-07-13T11:46:34.487,0.008514664135873318,0.3523179292678833,238.09524536132812,336.9906005859375
2026-07-13T11:46:36.694,0.008551280945539474,0.35311752557754517,227.27272033691406,401.8691711425781
2026-07-13T11:46:38.993,0.008514665998518467,0.3485580384731293,0.0,411.0898742675781
2026-07-13T11:46:40.240,0.008526869118213654,0.34968116879463196,252.10084533691406,445.13458251953125
2026-07-13T11:47:12.251,0.008215579204261303,0.351072758436203,267.8571472167969,445.13458251953125
2026-07-13T11:47:13.593,0.008532974869012833,0.35108500719070435,260.86956787109375,447.9166564941406
2026-07-13T11:47:45.302,0.008551287464797497,0.4447707235813141,252.10084533691406,438.7755126953125
2026-07-13T11:47:46.548,0.00822168868035078,0.44445937871932983,247.9338836669922,373.9130554199219
2026-07-13T11:47:50.857,0.008545185439288616,0.4460403323173523,223.88059997558594,387.38739013671875
2026-07-13T11:47:52.102,0.008209479972720146,0.45347458124160767,247.9338836669922,407.19696044921875
2026-07-13T11:48:31.787,0.008325446397066116,0.5427350401878357,256.4102478027344,395.94842529296875
2026-07-13T11:48:33.035,0.008453627116978168,0.5522385239601135,223.88059997558594,385.3046569824219
2026-07-13T11:48:37.256,0.008172856643795967,0.5490889549255371,241.93548583984375,403.3771057128906
2026-07-13T11:49:11.386,0.008581804111599922,0.5531418323516846,230.76922607421875,454.5454406738281
2026-07-13T11:49:14.551,0.008429213427007198,0.547965943813324,252.10084533691406,403.3771057128906
2026-07-13T11:49:17.813,0.00827661994844675,0.5504013299942017,258.6206970214844,422.3968505859375
2026-07-13T11:49:27.114,0.00836206879466772,0.5558946132659912,254.23728942871094,474.6136779785156
2026-07-13T11:49:31.523,0.008587907068431377,0.5512863397598267,247.9338836669922,462.3656005859375
2026-07-13T11:49:33.633,0.008264411240816116,0.5448042154312134,258.6206970214844,470.45953369140625
2026-07-13T11:49:34.881,0.008111818693578243,0.550743043422699,243.90243530273438,469.43231201171875
2026-07-13T11:49:41.205,0.008246103301644325,0.5515304803848267,283.01885986328125,431.7268981933594
2026-07-13T11:49:43.411,0.008459731005132198,0.5461531281471252,277.77777099609375,424.90118408203125
2026-07-13T11:49:44.658,0.008545182645320892,0.5481612682342529,252.10084533691406,436.99188232421875
2026-07-13T11:50:01.925,0.00834375899285078,0.548057496547699,229.00762939453125,395.94842529296875
2026-07-13T11:50:03.172,0.008252202533185482,0.5467268824577332,236.22047424316406,375.2181396484375
2026-07-13T11:50:08.445,0.008569599129259586,0.5502731204032898,256.4102478027344,404.1353454589844
2026-07-13T11:50:15.729,0.00822779256850481,0.5428632497787476,260.86956787109375,419.1033020019531
2026-07-13T11:50:17.071,0.008532973006367683,0.5511032342910767,252.10084533691406,431.7268981933594
2026-07-13T11:50:23.201,0.008545178920030594,0.5528610348701477,238.09524536132812,415.05792236328125
2026-07-13T11:50:24.448,0.008227790705859661,0.5470137596130371,252.10084533691406,459.4017028808594
2026-07-13T11:50:29.722,0.008264413103461266,0.5466902256011963,263.15789794921875,432.5955810546875
2026-07-13T11:50:32.889,0.008032471872866154,0.5536606311798096,243.90243530273438,514.3540649414062
2026-07-13T11:50:34.137,0.00834376085549593,0.5480452179908752,243.90243530273438,451.6806640625
2026-07-13T11:51:13.143,0.008496355265378952,0.5495773553848267,232.55813598632812,494.25286865234375
2026-07-13T11:51:14.391,0.008600115776062012,0.5490279793739319,252.10084533691406,495.3916931152344
2026-07-13T11:51:19.666,0.008612318895757198,0.5471785068511963,245.90164184570312,451.6806640625
2026-07-13T11:51:20.911,0.00869167223572731,0.5535752177238464,265.4867248535156,511.9047546386719
2026-07-13T11:51:52.913,0.00836207065731287,0.3993896543979645,0.0,464.36285400390625
2026-07-13T11:51:54.160,0.008410901762545109,0.3983520269393921,258.6206970214844,441.47845458984375
2026-07-13T11:51:59.429,0.008514661341905594,0.39705803990364075,250.0,437.8818664550781
2026-07-13T11:52:00.673,0.008514661341905594,0.39705803990364075,250.0,423.22833251953125
2026-07-13T11:52:08.921,0.008417006582021713,0.3938048183917999,280.37384033203125,424.0631103515625
2026-07-13T11:52:13.134,0.008526872843503952,0.39880985021591187,260.86956787109375,470.45953369140625
2026-07-13T11:52:15.433,0.008313242346048355,0.39799195528030396,241.93548583984375,392.33575439453125
2026-07-13T11:52:26.737,0.008539081551134586,0.3940611183643341,254.23728942871094,489.7494201660156
2026-07-13T11:52:27.985,0.008343758061528206,0.398651123046875,240.0,447.9166564941406
2026-07-13T11:52:29.232,0.008557391352951527,0.40017709136009216,240.0,424.90118408203125
2026-07-13T11:52:49.554,0.008587906137108803,0.3955443501472473,243.90243530273438,452.631591796875
2026-07-13T11:52:50.800,0.008215582929551601,0.3998657464981079,243.90243530273438,408.7452392578125
2026-07-13T11:52:55.980,0.008594010025262833,0.3943297564983368,0.0,427.4353942871094
2026-07-13T11:52:57.227,0.008520767092704773,0.3969726264476776,283.01885986328125,467.39129638671875
2026-07-13T11:53:04.519,0.00843531358987093,0.3948119282722473,0.0,430.0
2026-07-13T11:53:05.762,0.008282724767923355,0.39577019214630127,240.0,435.2226867675781
2026-07-13T11:53:11.993,0.00865505076944828,0.3965819478034973,258.6206970214844,466.37744140625
2026-07-13T11:53:13.241,0.008215583860874176,0.4026368260383606,250.0,464.36285400390625
2026-07-13T11:53:18.603,0.008368171751499176,0.39598381519317627,277.77777099609375,400.3724365234375
2026-07-13T11:53:19.850,0.008264409378170967,0.3946898281574249,252.10084533691406,488.6363525390625
2026-07-13T11:56:18.265,0.00841700378805399,0.3948790431022644,243.90243530273438,415.8607482910156
2026-07-13T11:56:20.467,0.008368175476789474,0.39462268352508545,250.0,409.5238037109375
2026-07-13T11:56:27.751,0.008221687749028206,0.39856570959091187,258.6206970214844,416.6666564941406
2026-07-13T11:56:49.413,0.008447523228824139,0.3953002095222473,250.0,465.3679504394531
2026-07-13T11:56:50.658,0.008569598197937012,0.3958495259284973,250.0,424.90118408203125
2026-07-13T11:56:54.880,0.008697777055203915,0.39486679434776306,258.6206970214844,467.39129638671875
2026-07-13T11:57:02.167,0.00837427657097578,0.3925169110298157,265.4867248535156,395.2205810546875
2026-07-13T11:57:03.416,0.008697775192558765,0.39927369356155396,272.7272644042969,439.67279052734375
2026-07-13T11:57:11.662,0.008447520434856415,0.39459216594696045,250.0,454.5454406738281
2026-07-13T11:57:12.909,0.008526872843503952,0.398468017578125,247.9338836669922,436.10546875
2026-07-13T11:57:16.170,0.008258306421339512,0.3984008729457855,247.9338836669922,451.6806640625
2026-07-13T11:57:21.445,0.00865505076944828,0.3984741270542145,258.6206970214844,446.05810546875
2026-07-13T11:57:22.692,0.008172857575118542,0.39549553394317627,241.93548583984375,410.3053283691406
2026-07-13T11:58:32.011,0.008246097713708878,0.3937620520591736,297.0296936035156,435.2226867675781
2026-07-13T11:58:35.271,0.008874781429767609,0.39495226740837097,243.90243530273438,448.8517761230469
2026-07-13T11:58:37.478,0.00818506721407175,0.39708858728408813,245.90164184570312,449.7908020019531
2026-07-13T11:58:43.904,0.008087404072284698,0.3960021138191223,267.8571472167969,475.6637268066406
2026-07-13T11:58:48.029,0.008612320758402348,0.39589226245880127,230.76922607421875,424.0631103515625
2026-07-13T11:58:51.284,0.00827661994844675,0.39713746309280396,263.15789794921875,473.5682678222656
2026-07-13T11:59:00.587,0.00875270925462246,0.3992187976837158,0.0,458.42218017578125
2026-07-13T11:59:01.835,0.008484143763780594,0.40158697962760925,258.6206970214844,440.5737609863281
2026-07-13T11:59:09.030,0.008368170820176601,0.39686882495880127,250.0,480.9843444824219
2026-07-13T11:59:53.998,0.008301036432385445,0.3937254846096039,272.7272644042969,371.3298645019531
2026-07-13T11:59:57.258,0.008258307352662086,0.3949034512042999,232.55813598632812,413.4615478515625
2026-07-13T12:00:05.505,0.008478039875626564,0.39786991477012634,218.9781036376953,434.34344482421875
2026-07-13T12:00:06.752,0.00839259009808302,0.4022706151008606,258.6206970214844,430.8617248535156
2026-07-13T12:00:10.967,0.008374274708330631,0.4011475443840027,0.0,409.5238037109375
2026-07-13T12:00:12.216,0.008557388558983803,0.4004822075366974,256.4102478027344,456.4755859375
2026-07-13T12:00:13.460,0.00851466041058302,0.40002450346946716,236.22047424316406,404.89642333984375
2026-07-13T12:00:19.884,0.008301036432385445,0.3973693549633026,263.15789794921875,479.91070556640625
2026-07-13T12:00:21.991,0.008453626185655594,0.3964599668979645,254.23728942871094,483.14605712890625
2026-07-13T12:00:24.290,0.008136235177516937,0.40009769797325134,265.4867248535156,450.7337646484375
2026-07-13T12:01:08.959,0.008001953363418579,0.39914557337760925,272.7272644042969,404.1353454589844
2026-07-13T12:01:10.397,0.008343759924173355,0.39334702491760254,250.0,436.10546875
2026-07-13T12:01:15.478,0.00792871043086052,0.3951048254966736,270.270263671875,419.921875
2026-07-13T12:01:44.824,0.00836206879466772,0.45144814252853394,265.4867248535156,402.6217346191406
2026-07-13T12:01:46.070,0.008368175476789474,0.44384291768074036,263.15789794921875,459.4017028808594
2026-07-13T12:01:50.194,0.00848414096981287,0.4445876181125641,258.6206970214844,420.74365234375
2026-07-13T12:01:58.532,0.008532974869012833,0.44643092155456543,270.270263671875,10750.0
2026-07-13T12:01:59.779,0.008410897105932236,0.4484085440635681,270.270263671875,10750.0
2026-07-13T12:02:05.055,0.008307134732604027,0.44378799200057983,272.7272644042969,451.6806640625
2026-07-13T12:02:06.301,0.008252202533185482,0.4489150941371918,238.09524536132812,406.4272155761719
2026-07-13T12:02:11.578,0.008655047044157982,0.44906771183013916,254.23728942871094,412.6679382324219
2026-07-13T12:02:12.825,0.008465830236673355,0.44406262040138245,238.09524536132812,416.6666564941406
2026-07-13T12:02:15.031,0.008490249514579773,0.4482010006904602,234.375,419.1033020019531
2026-07-13T12:02:54.059,0.008197274059057236,0.6582660675048828,277.77777099609375,415.8607482910156
2026-07-13T12:02:56.458,0.008221686817705631,0.6636555194854736,254.23728942871094,430.0
2026-07-13T12:03:04.518,0.00865505076944828,0.6590107083320618,245.90164184570312,437.8818664550781
2026-07-13T12:03:07.779,0.008655051700770855,0.6508011817932129,265.4867248535156,462.3656005859375
2026-07-13T12:03:10.174,0.008612320758402348,0.6567767262458801,267.8571472167969,445.13458251953125
2026-07-13T12:03:14.299,0.008014162071049213,0.6559649109840393,263.15789794921875,363.7901916503906
2026-07-13T12:03:45.360,0.008563494309782982,0.6592974662780762,283.01885986328125,495.3916931152344
2026-07-13T12:03:46.607,0.008697777055203915,0.6657369136810303,265.4867248535156,513.12646484375
2026-07-13T12:03:53.895,0.008404796943068504,0.657350480556488,260.86956787109375,491.9908447265625
2026-07-13T12:03:55.141,0.00828882772475481,0.6642842292785645,265.4867248535156,494.25286865234375
2026-07-13T12:04:23.794,0.008447522297501564,0.5500046014785767,252.10084533691406,508.27423095703125
2026-07-13T12:04:25.039,0.00835596676915884,0.5471968650817871,265.4867248535156,530.8641967773438
2026-07-13T12:04:27.438,0.008502456359565258,0.5526657700538635,288.4615478515625,480.9843444824219
2026-07-13T12:04:31.554,0.00858180783689022,0.5453413128852844,270.270263671875,505.8823547363281
2026-07-13T12:04:38.841,0.008575696498155594,0.5474165678024292,260.86956787109375,524.3902587890625
2026-07-13T12:04:45.071,0.008453626185655594,0.5470870137214661,238.09524536132812,483.14605712890625
2026-07-13T12:04:46.318,0.008453626185655594,0.5470870137214661,238.09524536132812,483.14605712890625
2026-07-13T12:05:18.331,0.008166754618287086,0.4496048390865326,270.270263671875,470.45953369140625
2026-07-13T12:05:19.578,0.008545180782675743,0.44728538393974304,247.9338836669922,493.1192626953125
2026-07-13T12:05:23.894,0.008508559316396713,0.4420972168445587,267.8571472167969,460.38543701171875
2026-07-13T12:05:33.094,0.008111818693578243,0.4530717134475708,0.0,479.91070556640625
2026-07-13T12:05:34.340,0.008490247651934624,0.4458998739719391,263.15789794921875,467.39129638671875
2026-07-13T12:05:35.586,0.008594013750553131,0.4458998739719391,263.15789794921875,502.3364562988281
2026-07-13T12:05:40.863,0.008618428371846676,0.44499653577804565,0.0,436.10546875
2026-07-13T12:05:42.110,0.00827051792293787,0.44433116912841797,247.9338836669922,443.2989807128906
2026-07-13T12:05:48.347,0.008575697429478168,0.44405654072761536,243.90243530273438,456.4755859375
2026-07-13T12:05:49.689,0.008386488072574139,0.44642484188079834,267.8571472167969,395.2205810546875
2026-07-13T13:07:13.213,0.008435309864580631,0.5800595283508301,265.4867248535156,521.8446655273438
2026-07-13T13:07:15.416,0.008749661035835743,0.5813931822776794,230.76922607421875,484.2342224121094
2026-07-13T13:07:21.648,0.00889920350164175,0.5797145962715149,260.86956787109375,430.8617248535156
2026-07-13T13:07:22.991,0.008685569278895855,0.5852171182632446,247.9338836669922,520.5811157226562
2026-07-13T13:07:26.156,0.008590957149863243,0.5825803279876709,232.55813598632812,502.3364562988281
2026-07-13T13:07:29.418,0.008673357777297497,0.5803707838058472,260.86956787109375,490.8675842285156
2026-07-13T13:07:32.675,0.008807648904621601,0.5805966258049011,0.0,461.3733825683594
2026-07-13T13:07:33.921,0.008911406621336937,0.583044171333313,0.0,459.4017028808594
2026-07-13T13:07:35.167,0.00868861936032772,0.5807492136955261,241.93548583984375,476.7184143066406
2026-07-13T13:07:38.237,0.008441419340670109,0.5821438431739807,241.93548583984375,487.5283508300781
2026-07-13T13:21:57.514,0.008474981412291527,0.5822720527648926,254.23728942871094,509.4786682128906
2026-07-13T13:22:07.865,0.008810696192085743,0.5841092467308044,247.9338836669922,509.4786682128906
2026-07-13T13:22:10.069,0.008355963043868542,0.5807980895042419,229.00762939453125,490.8675842285156
2026-07-13T13:22:14.288,0.008819852024316788,0.5835050344467163,245.90164184570312,463.362060546875
2026-07-13T13:22:20.620,0.008645900525152683,0.5845944881439209,265.4867248535156,514.3540649414062
2026-07-13T13:25:27.007,0.008215583860874176,0.44727933406829834,247.9338836669922,470.45953369140625
2026-07-13T13:25:29.214,0.008441421203315258,0.450703501701355,243.90243530273438,444.2148742675781
2026-07-13T13:25:34.391,0.008459730073809624,0.4457656145095825,232.55813598632812,463.362060546875
2026-07-13T13:25:41.585,0.008154548704624176,0.445466548204422,256.4102478027344,467.39129638671875
2026-07-13T13:25:43.888,0.008471936918795109,0.4506608247756958,247.9338836669922,476.7184143066406
2026-07-13T13:25:49.067,0.008722187951207161,0.4445021450519562,250.0,494.25286865234375
2026-07-13T13:25:50.313,0.008478043600916862,0.44664451479911804,247.9338836669922,488.6363525390625
2026-07-13T13:25:56.632,0.008447520434856415,0.4472549557685852,247.9338836669922,476.7184143066406
2026-07-13T13:25:57.880,0.007983642630279064,0.44554585218429565,247.9338836669922,454.5454406738281
2026-07-13T13:25:59.126,0.008209478110074997,0.44415417313575745,232.55813598632812,457.4468078613281
2026-07-13T13:26:23.264,0.008386488072574139,0.44638824462890625,243.90243530273438,415.05792236328125
2026-07-13T13:26:26.429,0.008569597266614437,0.446504145860672,0.0,468.4095764160156
2026-07-13T13:26:27.676,0.008703879080712795,0.44996488094329834,252.10084533691406,420.74365234375
2026-07-13T13:26:35.924,0.008594010025262833,0.4505814015865326,258.6206970214844,456.4755859375
2026-07-13T13:26:38.322,0.008239996619522572,0.44919586181640625,258.6206970214844,442.3868408203125
2026-07-13T13:26:43.405,0.00844141561537981,0.44906163215637207,265.4867248535156,454.5454406738281
2026-07-13T13:26:44.846,0.00833155307918787,0.4495559632778168,234.375,391.6211242675781
2026-07-13T13:27:08.719,0.008532972075045109,0.5496993660926819,272.7272644042969,443.2989807128906
2026-07-13T13:27:12.936,0.00839869026094675,0.5563097596168518,247.9338836669922,416.6666564941406
2026-07-13T13:29:59.536,0.00848414283245802,0.5470991730690002,256.4102478027344,478.84185791015625
2026-07-13T13:30:05.769,0.008203374221920967,0.5524887442588806,236.22047424316406,401.1194152832031
2026-07-13T13:30:07.016,0.00830103363841772,0.5510543584823608,238.09524536132812,477.77777099609375
2026-07-13T13:30:09.220,0.008465835824608803,0.550102174282074,236.22047424316406,406.4272155761719
2026-07-13T13:30:12.482,0.008368175476789474,0.5435651540756226,241.93548583984375,407.19696044921875
2026-07-13T13:30:17.758,0.008337653242051601,0.547953724861145,236.22047424316406,419.1033020019531
2026-07-13T13:30:19.005,0.00842310395091772,0.5516159534454346,270.270263671875,416.6666564941406
2026-07-13T13:30:20.252,0.00841700378805399,0.5486311912536621,232.55813598632812,398.1481628417969
2026-07-13T13:31:49.245,0.008520766161382198,0.6546159386634827,252.10084533691406,428.286865234375
2026-07-13T13:31:52.505,0.008526872843503952,0.6565936207771301,240.0,401.1194152832031
2026-07-13T13:31:54.807,0.008673364296555519,0.6562700867652893,252.10084533691406,450.7337646484375
2026-07-13T13:31:57.013,0.007977539673447609,0.6549822092056274,265.4867248535156,476.7184143066406
2026-07-13T13:32:30.858,0.008490247651934624,0.44566792249679565,260.86956787109375,493.1192626953125
2026-07-13T13:32:32.202,0.008325446397066116,0.4448133707046509,254.23728942871094,469.43231201171875
2026-07-13T13:32:35.367,0.008417000994086266,0.44642478227615356,238.09524536132812,477.77777099609375
2026-07-13T13:32:40.640,0.008630629628896713,0.44652244448661804,243.90243530273438,490.8675842285156
2026-07-13T13:32:41.886,0.008429210633039474,0.4485916495323181,243.90243530273438,467.39129638671875
2026-07-13T13:32:47.162,0.008087408728897572,0.4470778703689575,0.0,426.5873107910156
2026-07-13T13:32:48.410,0.008325451985001564,0.4466322958469391,220.58824157714844,318.0473327636719
2026-07-13T13:32:54.636,0.008618430234491825,0.4455641806125641,238.09524536132812,445.13458251953125
2026-07-13T13:32:55.882,0.008417002856731415,0.4497818052768707,272.7272644042969,484.2342224121094
2026-07-13T13:33:02.116,0.008459729142487049,0.4487442076206207,258.6206970214844,471.4912414550781
2026-07-13T13:33:16.410,0.00833155494183302,0.45070961117744446,260.86956787109375,486.42535400390625
2026-07-13T13:33:17.656,0.008636741898953915,0.4503982961177826,252.10084533691406,500.0
2026-07-13T13:33:24.942,0.008404798805713654,0.45022743940353394,0.0,483.14605712890625
2026-07-13T13:33:26.187,0.008587905205786228,0.4457656145095825,240.0,435.2226867675781
2026-07-13T13:33:32.414,0.00871608592569828,0.4498489797115326,232.55813598632812,455.50848388671875
2026-07-13T13:33:33.850,0.008508559316396713,0.44688865542411804,243.90243530273438,488.6363525390625
2026-07-13T13:33:37.015,0.008502455428242683,0.4444960057735443,245.90164184570312,443.2989807128906
2026-07-13T13:33:46.318,0.008526872843503952,0.44731593132019043,250.0,461.3733825683594
2026-07-13T13:33:49.485,0.008575698360800743,0.44862204790115356,252.10084533691406,442.3868408203125
2026-07-13T13:33:50.732,0.008545179851353168,0.45141756534576416,256.4102478027344,474.6136779785156
2026-07-13T13:34:32.704,0.00839259009808302,0.4486709535121918,256.4102478027344,484.2342224121094
2026-07-13T13:34:38.940,0.008551283739507198,0.4466201066970825,245.90164184570312,465.3679504394531
2026-07-13T13:34:41.242,0.008679467253386974,0.4475112855434418,241.93548583984375,423.22833251953125
2026-07-13T13:34:43.542,0.008313240483403206,0.4473220109939575,243.90243530273438,462.3656005859375
2026-07-13T13:34:44.788,0.008246099576354027,0.4542558193206787,256.4102478027344,494.25286865234375
2026-07-13T13:34:51.981,0.008423108607530594,0.44958046078681946,260.86956787109375,465.3679504394531
2026-07-13T13:34:55.244,0.00866115465760231,0.44843289256095886,0.0,436.99188232421875
2026-07-13T13:34:56.490,0.00828272383660078,0.45221108198165894,222.22222900390625,361.9528503417969
2026-07-13T13:34:57.737,0.00839258823543787,0.4431348443031311,247.9338836669922,447.9166564941406
2026-07-13T13:35:00.997,0.008569599129259586,0.44623562693595886,263.15789794921875,441.47845458984375
2026-07-13T13:36:31.399,0.008618426509201527,0.4515763223171234,247.9338836669922,432.5955810546875
2026-07-13T13:36:33.606,0.00869167409837246,0.4492324888706207,252.10084533691406,488.6363525390625
2026-07-13T13:36:37.923,0.00825220625847578,0.4472854733467102,270.270263671875,490.8675842285156
2026-07-13T13:36:41.181,0.008429212495684624,0.45026400685310364,270.270263671875,486.42535400390625
2026-07-13T13:36:43.387,0.008539079688489437,0.45177161693573,258.6206970214844,502.3364562988281
2026-07-13T13:36:44.729,0.008789331652224064,0.44455093145370483,243.90243530273438,410.3053283691406
2026-07-13T13:36:46.935,0.008722187019884586,0.4438307285308838,252.10084533691406,439.67279052734375
2026-07-13T13:36:49.238,0.008771019987761974,0.4433790147304535,272.7272644042969,494.25286865234375
2026-07-13T13:36:54.417,0.008673361502587795,0.45192423462867737,0.0,474.6136779785156
2026-07-13T13:36:55.664,0.008276619017124176,0.45178383588790894,256.4102478027344,456.4755859375
2026-07-13T13:47:26.314,0.00845362525433302,0.45031893253326416,241.93548583984375,441.47845458984375
2026-07-13T13:47:27.562,0.008600118570029736,0.4470474123954773,250.0,475.6637268066406
2026-07-13T13:47:28.807,0.008563494309782982,0.4505814015865326,254.23728942871094,480.9843444824219
2026-07-13T13:47:32.065,0.008429211564362049,0.44992828369140625,256.4102478027344,508.27423095703125
2026-07-13T13:47:34.365,0.008618425577878952,0.4482864439487457,254.23728942871094,476.7184143066406
2026-07-13T13:47:38.583,0.00822168868035078,0.44901275634765625,265.4867248535156,487.5283508300781
2026-07-13T13:47:40.882,0.008661153726279736,0.4498001039028168,260.86956787109375,445.13458251953125
2026-07-13T13:47:45.101,0.00838038232177496,0.4515458643436432,243.90243530273438,478.84185791015625
2026-07-13T13:47:46.348,0.008215585723519325,0.4454420804977417,252.10084533691406,451.6806640625
2026-07-13T13:47:49.697,0.008740502409636974,0.45211952924728394,232.55813598632812,354.20098876953125
2026-07-13T13:50:32.811,0.008389529772102833,0.9627797603607178,245.90164184570312,514.3540649414062
2026-07-13T13:50:38.089,0.008554335683584213,0.9583728909492493,252.10084533691406,518.072265625
2026-07-13T13:50:43.356,0.008783225901424885,0.9589282870292664,230.76922607421875,494.25286865234375
2026-07-13T13:50:50.642,0.008728298358619213,0.9604206085205078,241.93548583984375,521.8446655273438
2026-07-13T13:50:56.870,0.008847316727042198,0.9572864770889282,252.10084533691406,532.17822265625
2026-07-13T13:51:05.215,0.008975498378276825,0.960155189037323,0.0,521.8446655273438
2026-07-13T13:51:06.460,0.008462785743176937,0.9609547257423401,177.51478576660156,509.4786682128906
2026-07-13T13:51:11.639,0.008645891211926937,0.9625996351242065,225.56390380859375,541.5617065429688
2026-07-13T13:51:13.943,0.008603169582784176,0.9587695598602295,252.10084533691406,532.17822265625
2026-07-13T13:51:19.218,0.008899202570319176,0.9630300402641296,270.270263671875,511.9047546386719
2026-07-13T13:57:34.014,0.008697775192558765,0.9616352319717407,288.4615478515625,508.27423095703125
2026-07-13T13:57:38.220,0.008420046418905258,0.9649191498756409,220.58824157714844,477.77777099609375
2026-07-13T13:57:45.684,0.008532974869012833,0.9560534954071045,260.86956787109375,496.5357971191406
2026-07-13T13:57:50.765,0.008584853261709213,0.9647298455238342,232.55813598632812,493.1192626953125
2026-07-13T14:43:59.595,0.008316285908222198,0.9576190710067749,230.76922607421875,493.1192626953125
2026-07-13T14:44:01.804,0.008755763061344624,0.9627431631088257,215.82733154296875,519.3236694335938
2026-07-13T14:44:07.075,0.008514661341905594,0.9573290944099426,238.09524536132812,488.6363525390625
2026-07-13T14:44:14.348,0.008420057594776154,0.9606770277023315,236.22047424316406,559.8958129882812
2026-07-13T14:44:17.698,0.008557386696338654,0.9594928622245789,232.55813598632812,495.3916931152344
2026-07-13T14:44:20.853,0.008590959943830967,0.9599323868751526,247.9338836669922,511.9047546386719
2026-07-13T14:44:25.062,0.008749657310545444,0.9578937292098999,223.88059997558594,521.8446655273438
2026-07-13T14:44:26.303,0.008688614703714848,0.9564411044120789,225.56390380859375,482.0627746582031
2026-07-13T14:44:31.759,0.008682520128786564,0.9632039070129395,428.5714416503906,474.6136779785156
2026-07-13T14:44:33.002,0.008511608466506004,0.9581714868545532,245.90164184570312,496.5357971191406
2026-07-13T14:49:18.518,0.008590959012508392,0.9650776386260986,230.76922607421875,497.6851806640625
2026-07-13T14:49:19.764,0.008645890280604362,0.9578661918640137,256.4102478027344,509.4786682128906
2026-07-13T14:49:27.051,0.008743559010326862,0.9575641751289368,220.58824157714844,489.7494201660156
2026-07-13T14:49:28.298,0.008890045806765556,0.9630604386329651,229.00762939453125,490.8675842285156
2026-07-13T14:49:36.545,0.008713035844266415,0.9637044668197632,247.9338836669922,452.631591796875
2026-07-13T14:49:37.791,0.008652005344629288,0.9683827757835388,483.8709716796875,555.5555419921875
2026-07-13T14:49:43.070,0.0086947251111269,0.9651723504066467,220.58824157714844,516.826904296875
2026-07-13T14:49:44.316,0.008822902105748653,0.9573565721511841,230.76922607421875,524.3902587890625
2026-07-13T14:49:45.565,0.008652004413306713,0.9607410430908203,247.9338836669922,526.9607543945312
2026-07-13T14:49:50.931,0.008789325132966042,0.9642598628997803,229.00762939453125,494.25286865234375
2026-07-13T14:51:34.152,0.008761860430240631,0.9648366570472717,238.09524536132812,452.631591796875
2026-07-13T14:51:35.401,0.008841213770210743,0.9673941135406494,238.09524536132812,529.556640625
2026-07-13T14:51:37.704,0.008441412821412086,0.9651876091957092,441.1764831542969,508.27423095703125
2026-07-13T14:51:38.950,0.008795439265668392,0.9653707146644592,227.27272033691406,494.25286865234375
2026-07-13T14:51:43.168,0.00868251547217369,0.9630909562110901,232.55813598632812,524.3902587890625
2026-07-13T14:51:44.418,0.008639788255095482,0.9660786986351013,0.0,526.9607543945312
2026-07-13T14:51:45.666,0.008514662273228168,0.9635578989982605,214.2857208251953,520.5811157226562
2026-07-13T14:51:46.912,0.008655046112835407,0.9623157978057861,236.22047424316406,495.3916931152344
2026-07-13T14:51:49.308,0.008532973937690258,0.9640858173370361,243.90243530273438,555.5555419921875
2026-07-13T14:51:52.376,0.008438365533947945,0.963286280632019,227.27272033691406,528.2555541992188
2026-07-13T14:53:15.634,0.008789333514869213,0.9669363498687744,461.5384521484375,548.4693603515625
2026-07-13T14:53:17.938,0.008474988862872124,0.9630573987960815,225.56390380859375,526.9607543945312
2026-07-13T14:53:39.906,0.00848414283245802,0.9639759659767151,227.27272033691406,502.3364562988281
2026-07-13T14:53:41.151,0.00857264082878828,0.9618672132492065,476.19049072265625,498.83990478515625
2026-07-13T14:53:47.572,0.008572645485401154,0.9666799306869507,223.88059997558594,514.3540649414062
2026-07-13T14:53:48.816,0.008633687160909176,0.963316798210144,245.90164184570312,515.5875244140625
2026-07-13T14:53:53.998,0.008529922924935818,0.9613392353057861,232.55813598632812,519.3236694335938
2026-07-13T14:53:58.313,0.008673363365232944,0.9590381383895874,232.55813598632812,549.8721313476562
2026-07-13T14:54:00.514,0.00862758606672287,0.9599659442901611,220.58824157714844,509.4786682128906
2026-07-13T14:54:04.724,0.00848108809441328,0.9631704092025757,241.93548583984375,521.8446655273438
2026-07-13T14:54:10.091,0.008609273470938206,0.9587055444717407,256.4102478027344,519.3236694335938
2026-07-13T14:54:13.253,0.008890044875442982,0.9639333486557007,225.56390380859375,455.50848388671875
2026-07-13T14:54:26.570,0.008563491515815258,0.9611958265304565,238.09524536132812,551.2820434570312
2026-07-13T14:54:28.775,0.00878322683274746,0.9607807993888855,238.09524536132812,530.8641967773438
2026-07-13T14:54:32.997,0.008813750930130482,0.9647969007492065,225.56390380859375,503.51287841796875
2026-07-13T14:54:42.299,0.008465827442705631,0.9568957686424255,227.27272033691406,470.45953369140625
2026-07-13T14:54:43.548,0.008883940987288952,0.961235523223877,240.0,423.22833251953125
2026-07-13T14:54:48.920,0.008621476590633392,0.9594928622245789,236.22047424316406,523.1143798828125
2026-07-13T14:54:51.030,0.008816796354949474,0.9653341174125671,229.00762939453125,523.1143798828125
2026-07-13T14:54:59.278,0.008764923550188541,0.9642109870910645,230.76922607421875,515.5875244140625
2026-07-13T14:55:01.581,0.008505507372319698,0.9586871862411499,241.93548583984375,530.8641967773438
2026-07-13T14:55:06.843,0.008771020919084549,0.960326075553894,447.7611999511719,511.9047546386719
2026-07-13T14:55:25.061,0.008423103019595146,0.9625721573829651,454.5454406738281,533.498779296875
2026-07-13T14:55:26.309,0.009128092788159847,0.961912989616394,236.22047424316406,484.2342224121094
2026-07-13T14:55:28.612,0.00846583116799593,0.9587146639823914,258.6206970214844,542.9293212890625
2026-07-13T14:55:32.832,0.008868684060871601,0.9644399285316467,240.0,544.3037719726562
2026-07-13T14:55:35.131,0.008355962112545967,0.964671790599823,229.00762939453125,530.8641967773438
2026-07-13T14:55:37.336,0.00857570581138134,0.9649129509925842,218.9781036376953,519.3236694335938
2026-07-13T14:55:42.604,0.008499396033585072,0.9661733508110046,218.9781036376953,516.826904296875
2026-07-13T14:55:43.944,0.008575696498155594,0.9588764905929565,250.0,518.072265625
2026-07-13T14:55:45.282,0.008609267883002758,0.9600849151611328,238.09524536132812,524.3902587890625
2026-07-13T14:55:49.312,0.008310181088745594,0.9619709849357605,230.76922607421875,510.6888427734375
2026-07-13T14:57:24.614,0.008627581410109997,0.9578693509101868,252.10084533691406,503.51287841796875
2026-07-13T14:57:26.917,0.008557388558983803,0.9635884165763855,252.10084533691406,549.8721313476562
2026-07-13T14:57:28.259,0.008798488415777683,0.961821436882019,454.5454406738281,515.5875244140625
2026-07-13T14:57:31.516,0.00862453505396843,0.960844874382019,218.9781036376953,472.5274658203125
2026-07-13T14:57:33.627,0.008532978594303131,0.9629048109054565,238.09524536132812,545.685302734375
2026-07-13T14:57:37.935,0.008493298664689064,0.9632954597473145,229.00762939453125,537.5
2026-07-13T14:57:39.183,0.008651996031403542,0.9632954597473145,229.00762939453125,537.5
2026-07-13T14:57:42.441,0.008600116707384586,0.9590259790420532,234.375,503.51287841796875
2026-07-13T14:57:43.688,0.00875270925462246,0.9608203768730164,223.88059997558594,465.3679504394531
2026-07-13T14:57:45.991,0.008886987343430519,0.9595264196395874,215.82733154296875,446.9854431152344
2026-07-13T15:03:16.810,0.008328495547175407,0.9617146253585815,232.55813598632812,478.84185791015625
2026-07-13T15:03:18.058,0.00870387814939022,0.9627614617347717,232.55813598632812,503.51287841796875
2026-07-13T15:03:20.358,0.00871608592569828,0.9645832777023315,234.375,538.8471069335938
2026-07-13T15:03:23.617,0.008523821830749512,0.9627735614776611,211.26760864257812,514.3540649414062
2026-07-13T15:03:28.892,0.008551277220249176,0.9627125263214111,447.7611999511719,513.12646484375
2026-07-13T15:03:32.064,0.008761860430240631,0.9594653844833374,245.90164184570312,532.17822265625
2026-07-13T15:03:33.309,0.00850245077162981,0.9611194729804993,227.27272033691406,468.4095764160156
2026-07-13T15:03:39.640,0.008679459802806377,0.9597737193107605,241.93548583984375,530.8641967773438
2026-07-13T15:03:42.899,0.00870388001203537,0.9634113907814026,220.58824157714844,491.9908447265625
2026-07-13T15:03:45.103,0.00887478981167078,0.9645040035247803,234.375,520.5811157226562
2026-07-13T15:04:17.893,0.008484137244522572,0.961784839630127,232.55813598632812,541.5617065429688
2026-07-13T15:04:20.193,0.008688618429005146,0.9644337296485901,245.90164184570312,511.9047546386719
2026-07-13T15:04:28.434,0.00859400350600481,0.9611438512802124,229.00762939453125,533.498779296875
2026-07-13T15:04:29.681,0.008728286251425743,0.9645619988441467,212.76596069335938,477.77777099609375
2026-07-13T15:04:34.957,0.00847193505614996,0.9658895134925842,232.55813598632812,524.3902587890625
2026-07-13T15:04:39.178,0.008722187019884586,0.9580645561218262,267.8571472167969,542.9293212890625
2026-07-13T15:04:42.434,0.008618421852588654,0.9641652703285217,0.0,544.3037719726562
2026-07-13T15:04:43.680,0.008706931956112385,0.9657612442970276,206.89654541015625,487.5283508300781
2026-07-13T15:04:48.952,0.008804593235254288,0.957857072353363,232.55813598632812,515.5875244140625
2026-07-13T15:06:05.358,0.00865200161933899,0.9677146077156067,297.0296936035156,530.8641967773438
2026-07-13T15:06:08.618,0.00876796804368496,0.9605487585067749,245.90164184570312,536.1596069335938
2026-07-13T15:06:09.865,0.008670304901897907,0.9673788547515869,223.88059997558594,505.8823547363281
2026-07-13T15:06:11.208,0.008694720454514027,0.9570087194442749,263.15789794921875,490.8675842285156
2026-07-13T15:06:15.336,0.008609267883002758,0.9636921882629395,0.0,518.072265625
2026-07-13T15:06:16.582,0.008829007856547832,0.9628987312316895,238.09524536132812,544.3037719726562
2026-07-13T15:06:17.830,0.008542126044631004,0.9631550312042236,241.93548583984375,536.1596069335938
2026-07-13T15:06:21.078,0.00885037425905466,0.9646382331848145,217.3913116455078,472.5274658203125
2026-07-13T15:06:22.416,0.0085970563814044,0.9609149694442749,227.27272033691406,516.826904296875
2026-07-13T15:06:24.616,0.008349856361746788,0.9603687524795532,232.55813598632812,509.4786682128906
2026-07-13T15:07:00.685,0.008789332583546638,0.9660176634788513,243.90243530273438,544.3037719726562
2026-07-13T15:07:02.891,0.008340701460838318,0.9558276534080505,223.88059997558594,524.3902587890625
2026-07-13T15:07:05.191,0.008655053563416004,0.9561969041824341,223.88059997558594,516.826904296875
2026-07-13T15:07:06.436,0.008777119219303131,0.9618794322013855,256.4102478027344,529.556640625
2026-07-13T15:07:08.834,0.008725243620574474,0.9627949595451355,236.22047424316406,511.9047546386719
2026-07-13T15:07:10.941,0.008362066932022572,0.9658529758453369,240.0,521.8446655273438
2026-07-13T15:07:12.187,0.008398687466979027,0.9638569355010986,236.22047424316406,544.3037719726562
2026-07-13T15:07:14.393,0.008395642042160034,0.9650472402572632,223.88059997558594,534.8258666992188
2026-07-13T15:07:16.697,0.008471930399537086,0.9600818753242493,247.9338836669922,479.91070556640625
2026-07-13T15:07:17.942,0.008658098988234997,0.9686911106109619,265.4867248535156,490.8675842285156
2026-07-13T15:07:39.233,0.008438365533947945,0.9642353653907776,238.09524536132812,551.2820434570312
2026-07-13T15:07:40.479,0.008633676916360855,0.9645222425460815,238.09524536132812,545.685302734375
2026-07-13T15:07:45.763,0.008536026813089848,0.9582904577255249,230.76922607421875,504.69482421875
2026-07-13T15:07:51.992,0.008474988862872124,0.9643148183822632,240.0,529.556640625
2026-07-13T15:08:52.490,0.008716088719666004,1.0944948196411133,252.10084533691406,558.4415283203125
2026-07-13T15:08:54.793,0.008597060106694698,1.099786639213562,225.56390380859375,558.4415283203125
2026-07-13T15:08:57.958,0.00876491330564022,1.0944093465805054,234.375,524.3902587890625
2026-07-13T15:09:00.259,0.008914460428059101,1.097705364227295,223.88059997558594,502.3364562988281
2026-07-13T15:09:24.324,0.008893098682165146,0.8285829424858093,236.22047424316406,541.5617065429688
2026-07-13T15:09:26.528,0.008499400690197945,0.8293275237083435,223.88059997558594,530.8641967773438
2026-07-13T15:09:32.863,0.008456672541797161,0.8264222145080566,227.27272033691406,525.67236328125
2026-07-13T15:09:40.063,0.008685573004186153,0.8349307179450989,245.90164184570312,534.8258666992188
2026-07-13T15:09:41.312,0.008832057006657124,0.8356143236160278,263.15789794921875,476.7184143066406
2026-07-13T15:09:46.590,0.008786280639469624,0.8310427069664001,212.76596069335938,509.4786682128906
2026-07-13T15:10:00.864,0.008563491515815258,0.8328249454498291,236.22047424316406,547.0737915039062
2026-07-13T15:10:03.166,0.00868862122297287,0.8307527899742126,227.27272033691406,514.3540649414062
2026-07-13T15:10:04.411,0.008334598504006863,0.8323611617088318,361.4457702636719,415.8607482910156
2026-07-13T15:10:09.584,0.00875880941748619,0.8340945243835449,236.22047424316406,541.5617065429688
2026-07-13T15:10:11.022,0.008655044250190258,0.8327517509460449,243.90243530273438,536.1596069335938
2026-07-13T15:10:13.131,0.00873744860291481,0.8349856734275818,240.0,508.27423095703125
2026-07-13T15:10:14.373,0.008655054494738579,0.8342654705047607,222.22222900390625,511.9047546386719
2026-07-13T15:10:16.673,0.008566546253859997,0.8277833461761475,250.0,542.9293212890625
2026-07-13T15:10:17.920,0.008536024950444698,0.8333346843719482,232.55813598632812,537.5
2026-07-13T15:10:20.125,0.00868251547217369,0.8288758993148804,230.76922607421875,538.8471069335938
2026-07-13T15:11:15.176,0.008709982968866825,0.8982885479927063,0.0,430.8617248535156
2026-07-13T15:11:16.420,0.00856349803507328,0.8951696157455444,217.3913116455078,504.69482421875
2026-07-13T15:11:24.663,0.00860010925680399,0.8894108533859253,230.76922607421875,525.67236328125
2026-07-13T15:11:26.006,0.008722192607820034,0.8866488933563232,240.0,510.6888427734375
2026-07-13T15:11:32.237,0.008377330377697945,0.8910527229309082,241.93548583984375,508.27423095703125
2026-07-13T15:11:33.485,0.008682512678205967,0.8935765027999878,245.90164184570312,520.5811157226562
2026-07-13T15:11:40.679,0.00868556834757328,0.8928624987602234,223.88059997558594,516.826904296875
2026-07-13T15:11:42.981,0.00881984829902649,0.8922855854034424,223.88059997558594,536.1596069335938
2026-07-13T15:11:47.298,0.008594014681875706,0.8900699615478516,230.76922607421875,502.3364562988281
2026-07-13T15:12:03.511,0.008670303970575333,0.8949742913246155,238.09524536132812,489.7494201660156
2026-07-13T15:12:11.756,0.008951084688305855,0.8971593976020813,230.76922607421875,515.5875244140625
2026-07-13T15:12:17.996,0.008633690886199474,0.8948491811752319,229.00762939453125,541.5617065429688
2026-07-13T15:12:20.297,0.008835113607347012,0.8956273794174194,225.56390380859375,515.5875244140625
2026-07-13T15:12:25.568,0.008810698054730892,0.8922429084777832,384.6153869628906,458.42218017578125
2026-07-13T15:12:34.861,0.008563493378460407,0.8927494287490845,223.88059997558594,501.1654968261719
2026-07-13T15:12:36.105,0.008563493378460407,0.8927494287490845,0.0,501.1654968261719
2026-07-13T15:12:37.352,0.008856471627950668,0.8928471207618713,238.09524536132812,493.1192626953125
2026-07-13T15:12:46.560,0.00857569370418787,0.8971532583236694,250.0,534.8258666992188
2026-07-13T15:16:25.454,0.008752712979912758,0.896057665348053,220.58824157714844,509.4786682128906
2026-07-13T15:16:26.699,0.008789329789578915,0.8983679413795471,416.6666564941406,488.6363525390625
2026-07-13T15:16:29.860,0.008410893380641937,0.8919987678527832,227.27272033691406,504.69482421875
2026-07-13T15:16:33.119,0.008520767092704773,0.8941776752471924,232.55813598632812,545.685302734375
2026-07-13T15:16:35.325,0.008737456053495407,0.9011541604995728,234.375,500.0
2026-07-13T15:16:37.623,0.008594010025262833,0.895618200302124,227.27272033691406,507.0754699707031
2026-07-13T15:16:41.838,0.008792382664978504,0.8938207030296326,198.6754913330078,482.0627746582031
2026-07-13T15:16:45.099,0.00849634688347578,0.8951634168624878,254.23728942871094,518.072265625
2026-07-13T15:16:48.363,0.008740496821701527,0.8971410393714905,234.375,524.3902587890625
2026-07-13T15:16:49.611,0.00873439572751522,0.8968786001205444,245.90164184570312,521.8446655273438
2026-07-13T15:17:35.260,0.008496353402733803,0.8992071747779846,227.27272033691406,498.83990478515625
2026-07-13T15:17:36.508,0.008655047044157982,0.8970159292221069,240.0,511.9047546386719
2026-07-13T15:17:37.754,0.008618418127298355,0.8972020745277405,236.22047424316406,556.9948120117188
2026-07-13T15:18:06.914,0.008612324483692646,0.8978918194770813,250.0,528.2555541992188
2026-07-13T15:18:10.080,0.008572645485401154,0.8934056162834167,275.2293701171875,523.1143798828125
2026-07-13T15:18:13.344,0.008416999131441116,0.8934636116027832,245.90164184570312,561.3577270507812
2026-07-13T15:18:15.739,0.008874785155057907,0.8960089087486267,220.58824157714844,489.7494201660156
2026-07-13T15:18:18.042,0.00851771142333746,0.8948583006858826,227.27272033691406,544.3037719726562
2026-07-13T15:18:22.162,0.008694726042449474,0.8976263403892517,232.55813598632812,513.12646484375
2026-07-13T15:18:23.409,0.008233887143433094,0.8988714814186096,263.15789794921875,530.8641967773438
2026-07-13T15:18:26.667,0.008624531328678131,0.8938755989074707,240.0,533.498779296875
2026-07-13T15:18:28.870,0.008615374565124512,0.8964513540267944,222.22222900390625,495.3916931152344
2026-07-13T15:18:30.117,0.008792383596301079,0.8990118503570557,222.22222900390625,524.3902587890625
2026-07-13T15:18:53.220,0.00840784516185522,0.8979498147964478,236.22047424316406,518.072265625
2026-07-13T15:18:58.482,0.008368166163563728,0.895264208316803,250.0,529.556640625
2026-07-13T15:18:59.728,0.008822906762361526,0.8943486213684082,234.375,518.072265625
2026-07-13T15:19:00.973,0.008499406278133392,0.8971166014671326,241.93548583984375,476.7184143066406
2026-07-13T15:19:08.258,0.008755765855312347,0.8999487161636353,222.22222900390625,526.9607543945312
2026-07-13T15:19:10.462,0.008731347508728504,0.8940770626068115,245.90164184570312,458.42218017578125
2026-07-13T15:19:11.709,0.008517717942595482,0.8941106200218201,400.0,489.7494201660156
2026-07-13T15:19:18.032,0.008819850161671638,0.8943212032318115,236.22047424316406,530.8641967773438
2026-07-13T15:19:22.344,0.008444464765489101,0.8967688083648682,230.76922607421875,518.072265625
2026-07-13T15:19:23.592,0.008587907068431377,0.897186815738678,232.55813598632812,523.1143798828125
2026-07-13T15:19:52.276,0.008401735685765743,0.8926884531974792,267.8571472167969,544.3037719726562
2026-07-13T15:19:53.523,0.008594011887907982,0.893890917301178,252.10084533691406,548.4693603515625
2026-07-13T15:20:02.730,0.008740503340959549,0.8932255506515503,229.00762939453125,508.27423095703125
2026-07-13T15:20:05.990,0.00825219601392746,0.8958470821380615,240.0,475.6637268066406
2026-07-13T15:20:13.285,0.008664210326969624,0.8913059830665588,238.09524536132812,505.8823547363281
2026-07-13T15:20:17.502,0.00876186229288578,0.8925449848175049,241.93548583984375,488.6363525390625
2026-07-13T15:20:18.749,0.00854519009590149,0.8972356915473938,223.88059997558594,493.1192626953125
2026-07-13T15:20:21.042,0.008758814074099064,0.8962560296058655,285.71429443359375,547.0737915039062
2026-07-13T15:20:22.286,0.008548233658075333,0.8983435034751892,215.82733154296875,496.5357971191406
2026-07-13T15:20:27.544,0.00861538015305996,0.8922825455665588,247.9338836669922,532.17822265625
2026-07-13T15:21:11.001,0.008575698360800743,0.8933660387992859,250.0,501.1654968261719
2026-07-13T15:21:13.210,0.008642841130495071,0.8938267230987549,252.10084533691406,511.9047546386719
2026-07-13T15:21:14.460,0.008630635216832161,0.8974004983901978,252.10084533691406,533.498779296875
2026-07-13T15:21:18.680,0.008722194470465183,0.8914220333099365,245.90164184570312,508.27423095703125
2026-07-13T15:21:19.921,0.008886993862688541,0.8940098285675049,245.90164184570312,532.17822265625
2026-07-13T15:21:22.217,0.008380375802516937,0.8943578600883484,0.0,534.8258666992188
2026-07-13T15:21:23.462,0.008542126975953579,0.8993322253227234,229.00762939453125,493.1192626953125
2026-07-13T15:21:26.626,0.00872829183936119,0.8931248188018799,230.76922607421875,511.9047546386719
2026-07-13T15:21:27.873,0.008801537565886974,0.8946813344955444,241.93548583984375,515.5875244140625
2026-07-13T15:21:29.118,0.008410900831222534,0.8911290168762207,241.93548583984375,549.8721313476562
2026-07-13T15:34:34.481,0.008471943438053131,0.8974829316139221,254.23728942871094,509.4786682128906
2026-07-13T15:34:36.781,0.008600116707384586,0.9001989960670471,272.7272644042969,511.9047546386719
2026-07-13T15:34:40.994,0.008661148138344288,0.8929753303527832,232.55813598632812,513.12646484375
2026-07-13T15:34:42.238,0.00856348779052496,0.8955908417701721,265.4867248535156,529.556640625
2026-07-13T15:34:51.635,0.008679463528096676,0.8986089825630188,240.0,529.556640625
2026-07-13T15:34:53.743,0.008383437059819698,0.8968908190727234,236.22047424316406,518.072265625
2026-07-13T15:34:59.975,0.008798491209745407,0.8925877213478088,240.0,528.2555541992188
2026-07-13T15:35:01.221,0.00854517798870802,0.8992713093757629,218.9781036376953,450.7337646484375
2026-07-13T15:35:03.526,0.008716090582311153,0.8966192007064819,232.55813598632812,544.3037719726562
2026-07-13T15:35:04.771,0.008758815005421638,0.8980475068092346,241.93548583984375,504.69482421875
2026-07-13T15:35:47.402,0.00845667440444231,0.8977301120758057,240.0,545.685302734375
2026-07-13T15:35:48.648,0.008407841436564922,0.8964025378227234,240.0,544.3037719726562
2026-07-13T15:35:49.895,0.00852381531149149,0.8980352282524109,229.00762939453125,501.1654968261719
2026-07-13T15:36:13.942,0.008664208464324474,0.8959295153617859,243.90243530273438,532.17822265625
2026-07-13T15:36:18.161,0.008737454190850258,0.8936254382133484,256.4102478027344,530.8641967773438
2026-07-13T15:36:22.476,0.008435312658548355,0.8968144059181213,229.00762939453125,474.6136779785156
2026-07-13T15:36:24.685,0.008655051700770855,0.8981390595436096,240.0,515.5875244140625
2026-07-13T15:36:30.918,0.008728292770683765,0.8979955911636353,258.6206970214844,515.5875244140625
2026-07-13T15:36:32.165,0.008670307695865631,0.8949803113937378,234.375,508.27423095703125
2026-07-13T15:36:42.412,0.008822905831038952,0.896088182926178,247.9338836669922,519.3236694335938
2026-07-13T15:36:43.659,0.008560441434383392,0.9024572968482971,422.53521728515625,491.9908447265625
2026-07-13T15:36:45.960,0.008401747792959213,0.9003241658210754,229.00762939453125,467.39129638671875
2026-07-13T15:36:53.250,0.008706930093467236,0.8987066745758057,236.22047424316406,485.3273010253906
2026-07-13T15:37:24.801,0.008594010956585407,0.9618732333183289,236.22047424316406,519.3236694335938
2026-07-13T15:37:27.099,0.008471934124827385,0.9539751410484314,252.10084533691406,475.6637268066406
2026-07-13T15:37:33.329,0.00870693288743496,0.9615345001220703,230.76922607421875,503.51287841796875
2026-07-13T15:37:34.576,0.008713040500879288,0.9619007110595703,241.93548583984375,545.685302734375
2026-07-13T15:37:39.846,0.008786279708147049,0.9629963040351868,247.9338836669922,523.1143798828125
2026-07-13T15:37:46.082,0.008420057594776154,0.9610035419464111,240.0,536.1596069335938
2026-07-13T15:37:47.326,0.008975496515631676,0.9675588011741638,240.0,532.17822265625
2026-07-13T15:37:52.600,0.008594010025262833,0.9653890132904053,227.27272033691406,524.3902587890625
2026-07-13T15:37:53.849,0.008627582341432571,0.965782642364502,229.00762939453125,502.3364562988281
2026-07-13T15:37:56.052,0.00896023865789175,0.9593982696533203,238.09524536132812,548.4693603515625
2026-07-13T15:38:47.452,0.008825956843793392,0.9636372327804565,238.09524536132812,525.67236328125
2026-07-13T15:38:51.674,0.00871303491294384,0.9624652862548828,240.0,513.12646484375
2026-07-13T15:38:52.922,0.00852991733700037,0.9614765048027039,245.90164184570312,508.27423095703125
2026-07-13T15:38:58.193,0.00862148031592369,0.9661672711372375,256.4102478027344,538.8471069335938
2026-07-13T15:38:59.441,0.008569594472646713,0.9608234167098999,254.23728942871094,545.685302734375
2026-07-13T15:39:03.655,0.008606217801570892,0.9627277255058289,247.9338836669922,495.3916931152344
2026-07-13T15:39:04.903,0.008432255126535892,0.9655904173851013,454.5454406738281,548.4693603515625
2026-07-13T15:39:06.149,0.00854518637061119,0.9619922637939453,454.5454406738281,505.8823547363281
2026-07-13T15:39:09.410,0.008584859780967236,0.9604206681251526,234.375,469.43231201171875
2026-07-13T15:39:11.705,0.008563496172428131,0.964195728302002,230.76922607421875,516.826904296875
2026-07-13T15:40:41.079,0.008825954981148243,0.9642171263694763,247.9338836669922,532.17822265625
2026-07-13T15:40:42.512,0.008691667579114437,0.9641194939613342,238.09524536132812,495.3916931152344
2026-07-13T15:40:45.668,0.008682518266141415,0.9659078121185303,240.0,536.1596069335938
2026-07-13T15:40:48.930,0.008154542185366154,0.9620258212089539,230.76922607421875,529.556640625
2026-07-13T15:40:53.248,0.008627580478787422,0.9612293243408203,236.22047424316406,540.2009887695312
2026-07-13T15:40:56.414,0.008655049838125706,0.9639790058135986,254.23728942871094,482.0627746582031
2026-07-13T15:41:00.631,0.008572650142014027,0.9644246697425842,454.5454406738281,537.5
2026-07-13T15:41:01.878,0.008664203807711601,0.9636036157608032,232.55813598632812,525.67236328125
2026-07-13T15:41:04.182,0.008435312658548355,0.9617511630058289,234.375,548.4693603515625
2026-07-13T15:41:05.525,0.008841215632855892,0.9611682891845703,232.55813598632812,514.3540649414062
2026-07-13T15:42:27.694,0.008789327926933765,0.9603656530380249,234.375,507.0754699707031
2026-07-13T15:42:29.802,0.008581806905567646,0.9649220108985901,236.22047424316406,509.4786682128906
2026-07-13T15:42:34.022,0.008841217495501041,0.9649922847747803,454.5454406738281,520.5811157226562
2026-07-13T15:42:35.461,0.008679468184709549,0.9659261107444763,245.90164184570312,551.2820434570312
2026-07-13T15:42:37.569,0.008874787949025631,0.9599323272705078,247.9338836669922,542.9293212890625
2026-07-13T15:42:43.798,0.008679461665451527,0.9652668833732605,250.0,436.10546875
2026-07-13T15:42:48.016,0.008447514846920967,0.9649770259857178,227.27272033691406,518.072265625
2026-07-13T15:42:50.316,0.008380375802516937,0.9577320218086243,258.6206970214844,495.3916931152344
2026-07-13T15:42:52.521,0.008459721691906452,0.9621174335479736,250.0,501.1654968261719
2026-07-13T15:42:56.932,0.008652003481984138,0.9576037526130676,227.27272033691406,458.42218017578125
2026-07-13T15:43:26.846,0.008600116707384586,0.9608234167098999,227.27272033691406,505.8823547363281
2026-07-13T15:43:29.147,0.008334599435329437,0.9616748690605164,227.27272033691406,538.8471069335938
2026-07-13T15:43:34.421,0.008282716386020184,0.9615131616592407,229.00762939453125,445.13458251953125
2026-07-13T15:43:35.666,0.008343751542270184,0.9657430052757263,263.15789794921875,459.4017028808594
2026-07-13T15:43:42.861,0.008438359014689922,0.9619373083114624,230.76922607421875,540.2009887695312
2026-07-13T15:43:44.108,0.008529920130968094,0.9599629044532776,232.55813598632812,525.67236328125
2026-07-13T15:43:46.409,0.008371221832931042,0.9589527249336243,240.0,537.5
2026-07-13T15:44:10.376,0.008490247651934624,0.8343081474304199,241.93548583984375,544.3037719726562
2026-07-13T15:44:11.624,0.008395637385547161,0.8401768207550049,236.22047424316406,538.8471069335938
2026-07-13T15:44:12.873,0.008581793867051601,0.8317262530326843,270.270263671875,536.1596069335938
2026-07-13T15:44:15.173,0.00876186415553093,0.8322298526763916,241.93548583984375,542.9293212890625
2026-07-13T15:44:19.381,0.008624527603387833,0.8371495008468628,263.15789794921875,540.2009887695312
2026-07-13T15:44:21.673,0.008551285602152348,0.8311922550201416,227.27272033691406,521.8446655273438
2026-07-13T15:44:23.868,0.008572643622756004,0.8347415328025818,229.00762939453125,540.2009887695312
2026-07-13T15:44:27.117,0.008691678754985332,0.8319125175476074,258.6206970214844,525.67236328125
2026-07-13T15:44:28.361,0.008789329789578915,0.8326631784439087,230.76922607421875,525.67236328125
2026-07-13T15:44:30.651,0.008661153726279736,0.8366702795028687,234.375,469.43231201171875
2026-07-13T15:45:04.971,0.008471937850117683,0.8990026712417603,225.56390380859375,519.3236694335938
2026-07-13T15:45:06.214,0.008630634285509586,0.8935186266899109,241.93548583984375,510.6888427734375
2026-07-13T15:45:09.474,0.008639780804514885,0.891986608505249,252.10084533691406,502.3364562988281
2026-07-13T15:45:11.678,0.00873439759016037,0.8950719237327576,241.93548583984375,479.91070556640625
2026-07-13T15:45:18.970,0.008478039875626564,0.897052526473999,230.76922607421875,541.5617065429688
2026-07-13T15:45:20.218,0.008438359014689922,0.9019567966461182,238.09524536132812,541.5617065429688
2026-07-13T15:45:25.491,0.00846582930535078,0.8982855081558228,240.0,504.69482421875
2026-07-13T15:45:26.739,0.008612323552370071,0.8944737315177917,236.22047424316406,520.5811157226562
2026-07-13T15:45:37.006,0.00867336057126522,0.889822781085968,434.7826232910156,538.8471069335938
2026-07-13T15:45:38.254,0.008612314239144325,0.9019781351089478,434.7826232910156,496.5357971191406
2026-07-13T15:47:17.379,0.0086275739595294,0.9606586694717407,229.00762939453125,507.0754699707031
2026-07-13T15:47:26.586,0.008642846718430519,0.9627430438995361,232.55813598632812,552.69921875
2026-07-13T15:47:31.860,0.008761865086853504,0.960460364818573,250.0,500.0
2026-07-13T15:47:34.153,0.008920562453567982,0.9647969603538513,254.23728942871094,556.9948120117188
2026-07-13T15:47:38.374,0.008529921062290668,0.9583698511123657,232.55813598632812,533.498779296875
2026-07-13T15:47:43.650,0.00879543088376522,0.9611836075782776,229.00762939453125,532.17822265625
2026-07-13T15:47:49.884,0.008407840505242348,0.9640522599220276,225.56390380859375,510.6888427734375
2026-07-13T15:49:13.092,0.008731351234018803,0.8938511610031128,400.0,476.7184143066406
2026-07-13T15:49:16.347,0.008734394796192646,0.8968206644058228,229.00762939453125,513.12646484375
2026-07-13T15:49:21.616,0.00864284299314022,0.8961156606674194,225.56390380859375,478.84185791015625
2026-07-13T15:49:26.793,0.00863979198038578,0.8975897431373596,258.6206970214844,507.0754699707031
2026-07-13T15:49:36.087,0.008685573004186153,0.8947483897209167,252.10084533691406,513.12646484375
2026-07-13T15:49:40.400,0.008688614703714848,0.9016119241714478,220.58824157714844,478.84185791015625
2026-07-13T15:50:14.426,0.008761350996792316,0.8918153643608093,230.76922607421875,510.6888427734375
2026-07-13T15:50:15.672,0.008802046068012714,0.8954776525497437,229.00762939453125,509.4786682128906
2026-07-13T15:50:21.903,0.008362064138054848,0.8963727951049805,256.4102478027344,513.12646484375
2026-07-13T15:50:23.246,0.008494319394230843,0.8922860622406006,256.4102478027344,521.8446655273438
2026-07-13T15:50:34.369,0.008430731482803822,0.8969782590866089,447.7611999511719,548.4693603515625
2026-07-13T15:50:35.807,0.008774073794484138,0.8907396793365479,225.56390380859375,483.14605712890625
2026-07-13T15:50:42.909,0.008654537610709667,0.8942363858222961,227.27272033691406,501.1654968261719
2026-07-13T15:50:45.210,0.008779161609709263,0.8915789127349854,240.0,464.36285400390625
2026-07-13T15:50:52.403,0.008779164403676987,0.8955563902854919,225.56390380859375,511.9047546386719
2026-07-13T15:50:53.841,0.008654541335999966,0.8938450217247009,234.375,538.8471069335938
2026-07-13T15:56:48.440,0.008606215007603168,0.8933414220809937,230.76922607421875,438.7755126953125
2026-07-13T15:56:53.710,0.00853500235825777,0.895156979560852,214.2857208251953,462.3656005859375
2026-07-13T16:02:33.367,0.008835110813379288,0.8996282815933228,272.7272644042969,500.0
2026-07-13T16:02:34.614,0.008557388558983803,0.8996282815933228,272.7272644042969,536.1596069335938
2026-07-13T16:02:40.941,0.00870693102478981,0.8998327851295471,250.0,534.8258666992188
2026-07-13T16:02:45.162,0.00870388001203537,0.8967870473861694,229.00762939453125,458.42218017578125
2026-07-13T16:02:46.408,0.008685567416250706,0.8965978026390076,252.10084533691406,520.5811157226562
2026-07-13T16:03:00.684,0.00844141561537981,0.8989660739898682,236.22047424316406,534.8258666992188
2026-07-13T16:03:02.888,0.00847803708165884,0.9005744457244873,447.7611999511719,507.0754699707031
2026-07-13T16:03:11.225,0.008536023087799549,0.8964909911155701,0.0,514.3540649414062
2026-07-13T16:03:12.474,0.008551289327442646,0.8965429663658142,234.375,466.37744140625
2026-07-13T16:03:20.720,0.00831324327737093,0.8975774645805359,234.375,518.072265625
2026-07-13T16:04:04.808,0.008764916099607944,0.7031710743904114,254.23728942871094,497.6851806640625
2026-07-13T16:04:08.061,0.008581796661019325,0.7072789072990417,227.27272033691406,487.5283508300781
2026-07-13T16:04:12.372,0.008416997268795967,0.7053683996200562,230.76922607421875,507.0754699707031
2026-07-13T16:04:14.579,0.008832057006657124,0.7019808888435364,220.58824157714844,491.9908447265625
2026-07-13T16:04:21.860,0.008651996962726116,0.7032229900360107,245.90164184570312,525.67236328125
2026-07-13T16:04:24.159,0.00875880941748619,0.7063236832618713,243.90243530273438,541.5617065429688
2026-07-13T16:04:45.157,0.008597063831984997,0.7652392387390137,230.76922607421875,513.12646484375
2026-07-13T16:04:48.417,0.00871608592569828,0.7696095108985901,447.7611999511719,476.7184143066406
2026-07-13T16:04:56.655,0.008752711117267609,0.7724600434303284,232.55813598632812,536.1596069335938
2026-07-13T16:04:57.900,0.008578749373555183,0.7694265246391296,232.55813598632812,507.0754699707031
2026-07-13T16:07:58.168,0.008600110188126564,0.8305391073226929,247.9338836669922,521.8446655273438
2026-07-13T16:08:06.504,0.008719139732420444,0.8327059745788574,243.90243530273438,547.0737915039062
2026-07-13T16:08:08.708,0.008822900243103504,0.839325487613678,240.0,544.3037719726562
2026-07-13T16:08:13.982,0.0087252426892519,0.8317659497261047,223.88059997558594,507.0754699707031
2026-07-13T16:08:19.164,0.008587910793721676,0.835666298866272,241.93548583984375,494.25286865234375
2026-07-13T16:08:57.213,0.008597063831984997,0.8957890272140503,272.7272644042969,523.1143798828125
2026-07-13T16:08:59.417,0.008615370839834213,0.897247850894928,236.22047424316406,507.0754699707031
2026-07-13T16:09:04.783,0.00862148031592369,0.8937382698059082,232.55813598632812,534.8258666992188
2026-07-13T16:09:06.990,0.008764917030930519,0.8989660739898682,227.27272033691406,497.6851806640625
2026-07-13T16:09:09.289,0.008706930093467236,0.9005102515220642,258.6206970214844,508.27423095703125
2026-07-13T16:10:14.389,0.008505510166287422,0.8305819034576416,236.22047424316406,534.8258666992188
2026-07-13T16:10:16.689,0.00874355249106884,0.8322451114654541,258.6206970214844,544.3037719726562
2026-07-13T16:10:23.016,0.008859527297317982,0.8384159803390503,265.4867248535156,551.2820434570312
2026-07-13T16:10:24.358,0.008664202876389027,0.8363377451896667,238.09524536132812,544.3037719726562
2026-07-13T16:10:29.535,0.008386480621993542,0.8363742828369141,454.5454406738281,464.36285400390625
2026-07-13T16:10:40.664,0.008667249232530594,0.8328890800476074,223.88059997558594,528.2555541992188
2026-07-13T16:10:43.063,0.008771024644374847,0.8358554840087891,193.5483856201172,510.6888427734375
2026-07-13T16:10:50.159,0.008703876286745071,0.8338778018951416,234.375,549.8721313476562
2026-07-13T16:10:51.499,0.00870998203754425,0.8341067433357239,232.55813598632812,490.8675842285156
2026-07-13T16:10:56.665,0.008703886531293392,0.8338565230369568,230.76922607421875,508.27423095703125
2026-07-13T16:13:30.037,0.008597063831984997,0.8357944488525391,234.375,536.1596069335938
2026-07-13T16:13:33.297,0.008807643316686153,0.8348056077957153,238.09524536132812,478.84185791015625
2026-07-13T16:13:35.598,0.008795433677732944,0.8344242572784424,238.09524536132812,545.685302734375
2026-07-13T16:13:39.905,0.008703883737325668,0.8330783247947693,236.22047424316406,516.826904296875
2026-07-13T16:13:47.293,0.00876491516828537,0.8390721678733826,250.0,526.9607543945312
2026-07-13T16:13:49.405,0.008587905205786228,0.8334963917732239,468.75,513.12646484375
2026-07-13T16:13:53.625,0.008764919824898243,0.8357701897621155,241.93548583984375,521.8446655273438
2026-07-13T16:13:55.065,0.008633683435618877,0.8364353179931641,230.76922607421875,514.3540649414062
2026-07-13T16:14:00.246,0.008627582341432571,0.8392126560211182,225.56390380859375,498.83990478515625
2026-07-13T16:14:06.380,0.008572649210691452,0.834128201007843,247.9338836669922,536.1596069335938
2026-07-13T16:17:25.973,0.008639790117740631,0.8968938589096069,227.27272033691406,514.3540649414062
2026-07-13T16:17:28.272,0.00873134471476078,0.8955816030502319,241.93548583984375,541.5617065429688
2026-07-13T16:17:33.545,0.008603165857493877,0.8979894518852234,238.09524536132812,473.5682678222656
2026-07-13T16:17:35.750,0.008331545628607273,0.8963658809661865,243.90243530273438,495.3916931152344
2026-07-13T16:17:39.966,0.008496349677443504,0.8989660143852234,218.9781036376953,487.5283508300781
2026-07-13T16:17:50.320,0.008697780780494213,0.8979589939117432,220.58824157714844,482.0627746582031
2026-07-13T16:17:51.661,0.008520768024027348,0.9000860452651978,229.00762939453125,515.5875244140625
2026-07-13T16:17:59.808,0.008450566790997982,0.8981694579124451,232.55813598632812,479.91070556640625
2026-07-13T16:18:02.010,0.008603163063526154,0.893118679523468,222.22222900390625,454.5454406738281
2026-07-13T16:18:34.415,0.008795437403023243,0.8999181985855103,400.0,425.7425842285156
2026-07-13T16:23:19.724,0.008871728554368019,0.5836301445960999,236.22047424316406,498.83990478515625
2026-07-13T16:23:25.956,0.008566542528569698,0.5805020332336426,238.09524536132812,509.4786682128906
2026-07-13T16:23:32.194,0.008551284670829773,0.5846402645111084,225.56390380859375,483.14605712890625
2026-07-13T16:23:34.494,0.008566546253859997,0.584771454334259,212.76596069335938,455.50848388671875
2026-07-13T16:23:39.773,0.008804588578641415,0.5854307413101196,245.90164184570312,502.3364562988281
2026-07-13T16:24:02.022,0.008569587022066116,0.5825772285461426,241.93548583984375,504.69482421875
2026-07-13T16:24:04.325,0.008487188257277012,0.5836759209632874,241.93548583984375,465.3679504394531
2026-07-13T16:24:12.575,0.008551289327442646,0.5848295092582703,222.22222900390625,471.4912414550781
2026-07-13T16:24:17.849,0.008612314239144325,0.586217999458313,236.22047424316406,507.0754699707031
2026-07-13T16:24:19.192,0.008514653891324997,0.5873319506645203,434.7826232910156,480.9843444824219
2026-07-13T16:25:44.110,0.008697771467268467,0.5858885049819946,247.9338836669922,504.69482421875
2026-07-13T16:25:45.453,0.008771018125116825,0.5875059366226196,218.9781036376953,484.2342224121094
2026-07-13T16:26:08.651,0.008786279708147049,0.585577130317688,245.90164184570312,488.6363525390625
2026-07-13T16:26:09.898,0.00856348779052496,0.5904783606529236,245.90164184570312,511.9047546386719
2026-07-13T16:26:17.091,0.008743549697101116,0.5864652991294861,238.09524536132812,490.8675842285156
2026-07-13T16:26:18.340,0.008474985137581825,0.5835141539573669,230.76922607421875,496.5357971191406
2026-07-13T16:26:23.609,0.008624526672065258,0.5839688777923584,229.00762939453125,498.83990478515625
2026-07-13T16:26:25.909,0.008700824342668056,0.5850309133529663,218.9781036376953,478.84185791015625
2026-07-13T16:26:29.171,0.008374275639653206,0.5840024352073669,245.90164184570312,483.14605712890625
2026-07-13T16:26:32.433,0.008825954981148243,0.5877562165260315,230.76922607421875,473.5682678222656
2026-07-13T16:26:36.655,0.008450568653643131,0.5823087096214294,229.00762939453125,486.42535400390625
2026-07-13T16:26:39.053,0.00893887598067522,0.5866605639457703,468.75,483.14605712890625
2026-07-13T16:27:18.279,0.008545173332095146,0.5865049362182617,227.27272033691406,493.1192626953125
2026-07-13T16:27:20.486,0.008694717660546303,0.5808651447296143,220.58824157714844,495.3916931152344
2026-07-13T16:27:21.733,0.008563489653170109,0.5837247967720032,230.76922607421875,487.5283508300781
2026-07-13T16:27:24.131,0.008850371465086937,0.5868223309516907,234.375,502.3364562988281
2026-07-13T16:27:28.446,0.008911408483982086,0.5870756506919861,236.22047424316406,484.2342224121094
2026-07-13T16:27:30.558,0.008551281876862049,0.5864011645317078,476.19049072265625,490.8675842285156
2026-07-13T16:27:32.765,0.008627574890851974,0.5847042798995972,236.22047424316406,471.4912414550781
2026-07-13T16:27:35.066,0.008786278776824474,0.5851407647132874,240.0,501.1654968261719
2026-07-13T16:27:38.328,0.008566541597247124,0.5857114791870117,243.90243530273438,502.3364562988281
2026-07-13T16:27:39.577,0.008600115776062012,0.5879941582679749,260.86956787109375,491.9908447265625
2026-07-13T16:28:12.944,0.008740497753024101,0.5880582928657532,476.19049072265625,501.1654968261719
2026-07-13T16:28:16.107,0.00850550178438425,0.5852597951889038,245.90164184570312,491.9908447265625
2026-07-13T16:28:17.356,0.008694722317159176,0.5829738974571228,238.09524536132812,488.6363525390625
2026-07-13T16:28:19.656,0.008856469765305519,0.5882962942123413,240.0,508.27423095703125
2026-07-13T16:28:23.870,0.008874786086380482,0.5883359313011169,234.375,498.83990478515625
2026-07-13T16:28:26.076,0.00854517426341772,0.589846670627594,241.93548583984375,515.5875244140625
2026-07-13T16:28:28.380,0.00865198951214552,0.5868589282035828,225.56390380859375,497.6851806640625
2026-07-13T16:28:29.627,0.008459729142487049,0.5865598320960999,229.00762939453125,490.8675842285156
2026-07-13T16:28:36.822,0.008578750304877758,0.5830289125442505,232.55813598632812,475.6637268066406
2026-07-13T16:28:39.124,0.008627583272755146,0.585595428943634,247.9338836669922,515.5875244140625
2026-07-13T16:29:57.468,0.008807643316686153,0.5845608711242676,241.93548583984375,480.9843444824219
2026-07-13T16:29:59.673,0.008941926062107086,0.5882413983345032,422.53521728515625,459.4017028808594
2026-07-13T16:30:01.972,0.008639797568321228,0.5846006274223328,236.22047424316406,486.42535400390625
2026-07-13T16:30:03.216,0.008676409721374512,0.5835568904876709,236.22047424316406,493.1192626953125
2026-07-13T16:30:06.570,0.008960239589214325,0.5880522131919861,229.00762939453125,480.9843444824219
2026-07-13T16:30:08.680,0.00867336057126522,0.5856199264526367,230.76922607421875,480.9843444824219
2026-07-13T16:30:11.937,0.008597063831984997,0.5878263711929321,227.27272033691406,486.42535400390625
2026-07-13T16:30:14.240,0.008633689023554325,0.5889433026313782,252.10084533691406,497.6851806640625
2026-07-13T16:30:16.445,0.008951086550951004,0.5827206373214722,240.0,509.4786682128906
2026-07-13T16:30:18.746,0.008795439265668392,0.5798366665840149,234.375,502.3364562988281
2026-07-13T16:42:48.143,0.008655051700770855,0.5855039358139038,291.26214599609375,477.77777099609375
2026-07-13T16:42:49.388,0.008401735685765743,0.5818631052970886,227.27272033691406,483.14605712890625
2026-07-13T16:42:54.854,0.008554335683584213,0.5876950621604919,241.93548583984375,514.3540649414062
2026-07-13T16:44:43.846,0.008709979243576527,0.9671071767807007,238.09524536132812,540.2009887695312
2026-07-13T16:44:46.147,0.00854517612606287,0.9708640575408936,240.0,525.67236328125
2026-07-13T16:44:50.363,0.008557386696338654,0.967345118522644,232.55813598632812,540.2009887695312
2026-07-13T16:44:55.639,0.008505505509674549,0.9648823738098145,223.88059997558594,511.9047546386719
2026-07-13T16:44:56.884,0.008395635522902012,0.9672048687934875,225.56390380859375,516.826904296875
2026-07-13T16:45:05.133,0.00852686446160078,0.965923011302948,254.23728942871094,570.291748046875
2026-07-13T16:45:09.450,0.008307129144668579,0.9633870124816895,225.56390380859375,526.9607543945312
2026-07-13T16:52:26.036,0.008633690886199474,0.9670064449310303,476.19049072265625,485.3273010253906
2026-07-13T16:52:34.285,0.008664201013743877,0.9662038683891296,263.15789794921875,523.1143798828125
2026-07-13T16:52:40.606,0.008697775192558765,0.968941330909729,230.76922607421875,544.3037719726562
2026-07-13T16:52:45.785,0.008697766810655594,0.966032862663269,229.00762939453125,529.556640625
2026-07-13T16:52:54.134,0.008807643316686153,0.9661214351654053,225.56390380859375,505.8823547363281
2026-07-13T16:53:21.168,0.008685566484928131,0.964397132396698,217.3913116455078,439.67279052734375
2026-07-13T16:53:25.383,0.008731349371373653,0.9628742337226868,222.22222900390625,452.631591796875
2026-07-13T16:53:28.835,0.008374272845685482,0.9728109836578369,232.55813598632812,452.631591796875
2026-07-13T16:53:33.914,0.008468886837363243,0.964519202709198,212.76596069335938,409.5238037109375
2026-07-13T16:53:35.355,0.008606220595538616,0.9660694599151611,234.375,461.3733825683594
2026-07-13T16:55:33.391,0.008572649210691452,0.9674336910247803,223.88059997558594,464.36285400390625
2026-07-13T16:55:34.637,0.008575703017413616,0.9659901261329651,447.7611999511719,449.7908020019531
2026-07-13T16:55:40.867,0.008624532260000706,0.962944507598877,229.00762939453125,446.05810546875
2026-07-13T16:55:47.202,0.008587904274463654,0.9651691913604736,258.6206970214844,465.3679504394531
2026-07-13T16:55:49.408,0.00870387814939022,0.9660481214523315,222.22222900390625,449.7908020019531
2026-07-13T16:55:56.703,0.008584854193031788,0.9686726927757263,241.93548583984375,453.58648681640625
2026-07-13T16:57:00.739,0.008694724179804325,0.9700796604156494,220.58824157714844,449.7908020019531
2026-07-13T16:57:10.034,0.008377322927117348,0.9677327871322632,434.7826232910156,480.9843444824219
2026-07-13T16:57:15.312,0.008642840199172497,0.9625171422958374,238.09524536132812,448.8517761230469
2026-07-13T16:57:43.974,0.008392582647502422,0.9651203751564026,250.0,469.43231201171875
2026-07-13T16:57:46.180,0.008645891211926937,0.967842698097229,227.27272033691406,463.362060546875
2026-07-13T16:57:51.452,0.008496350608766079,0.9680837988853455,223.88059997558594,452.631591796875
2026-07-13T16:57:52.700,0.008713031187653542,0.9668477773666382,272.7272644042969,479.91070556640625
2026-07-13T16:57:58.932,0.008551291190087795,0.9681630730628967,222.22222900390625,467.39129638671875
2026-07-13T16:58:26.701,0.008911403827369213,0.9629231095314026,258.6206970214844,469.43231201171875
2026-07-13T16:58:27.949,0.00842615868896246,0.9658771753311157,234.375,455.50848388671875
2026-07-13T16:58:34.178,0.008639787323772907,0.963707447052002,230.76922607421875,455.50848388671875
2026-07-13T16:58:55.177,0.00846888404339552,0.9647085070610046,227.27272033691406,447.9166564941406
2026-07-13T16:58:56.424,0.008700823411345482,0.9626942276954651,222.22222900390625,460.38543701171875
2026-07-13T16:59:01.697,0.008734404109418392,0.9646228551864624,238.09524536132812,441.47845458984375
2026-07-13T16:59:18.753,0.008380373939871788,0.9647908806800842,222.22222900390625,472.5274658203125
2026-07-13T16:59:19.997,0.00854517426341772,0.9658405780792236,215.82733154296875,450.7337646484375
2026-07-13T16:59:26.231,0.00870082899928093,0.9653035998344421,234.375,477.77777099609375
2026-07-13T16:59:27.570,0.008691675961017609,0.9652607440948486,223.88059997558594,463.362060546875
2026-07-13T17:02:07.658,0.008359014056622982,0.9657033681869507,241.93548583984375,446.05810546875
2026-07-13T17:02:09.863,0.008310185745358467,0.966899573802948,236.22047424316406,475.6637268066406
2026-07-13T17:02:15.327,0.008481091819703579,0.9647144079208374,225.56390380859375,455.50848388671875
2026-07-13T17:02:21.463,0.008624531328678131,0.9636372327804565,288.4615478515625,482.0627746582031
2026-07-13T17:02:22.709,0.00876796804368496,0.9675832986831665,220.58824157714844,467.39129638671875
2026-07-13T17:02:28.946,0.008694726973772049,0.9705221652984619,319.14892578125,450.7337646484375
2026-07-13T17:02:30.191,0.00866725668311119,0.9621051549911499,229.00762939453125,470.45953369140625
2026-07-13T17:02:36.426,0.008389534428715706,0.9670522212982178,217.3913116455078,445.13458251953125
2026-07-13T17:02:40.735,0.008584855124354362,0.9644001722335815,238.09524536132812,458.42218017578125
2026-07-13T17:02:41.982,0.008725241757929325,0.9660664200782776,225.56390380859375,423.22833251953125
2026-07-13T17:03:11.093,0.008557387627661228,0.9690297842025757,240.0,456.4755859375
2026-07-13T17:03:12.340,0.008566542528569698,0.9709188938140869,229.00762939453125,465.3679504394531
2026-07-13T17:03:17.417,0.008435308001935482,0.9652089476585388,230.76922607421875,463.362060546875
2026-07-13T17:03:25.759,0.008249144069850445,0.963420569896698,225.56390380859375,450.7337646484375
2026-07-13T17:03:28.927,0.008276614360511303,0.9637623429298401,230.76922607421875,467.39129638671875
2026-07-13T17:03:32.185,0.008630630560219288,0.9620685577392578,238.09524536132812,448.8517761230469
2026-07-13T17:03:34.487,0.008462777361273766,0.965483546257019,222.22222900390625,470.45953369140625
2026-07-13T17:03:38.707,0.008661150000989437,0.9583209156990051,416.6666564941406,470.45953369140625
2026-07-13T17:03:41.968,0.008368167094886303,0.9587664604187012,260.86956787109375,462.3656005859375
2026-07-13T17:03:46.183,0.008465832099318504,0.962462306022644,217.3913116455078,432.5955810546875
2026-07-14T10:53:27.895,0.008658105507493019,0.5526535511016846,217.3913116455078,431.7268981933594
2026-07-14T10:53:38.885,0.008566540665924549,0.5491987466812134,212.76596069335938,412.6679382324219
2026-07-14T10:55:31.064,0.008740507066249847,0.5494887232780457,234.375,405.6603698730469
2026-07-14T10:55:36.041,0.008667247369885445,0.5471082925796509,208.3333282470703,401.8691711425781
2026-07-14T10:57:24.004,0.00877712108194828,0.5482069253921509,250.0,418.2879333496094
2026-07-14T10:57:25.539,0.008890049532055855,0.5468061566352844,389.6103820800781,393.77288818359375
2026-07-14T10:57:33.574,0.009002966806292534,0.5488539338111877,214.2857208251953,426.5873107910156
2026-07-14T10:58:09.279,0.00744651909917593,0.0,254.23728942871094,452.631591796875
2026-07-14T10:58:44.864,0.007492301054298878,0.0,240.0,501.1654968261719
2026-07-14T10:59:11.709,0.007394636981189251,0.0,236.22047424316406,3644.06787109375
2026-07-14T10:59:12.569,0.007431262172758579,0.0,236.22047424316406,3644.06787109375
2026-07-14T10:59:16.965,0.007547229062765837,0.0,230.76922607421875,472.5274658203125
2026-07-14T10:59:25.488,0.0076052164658904076,0.0,212.76596069335938,456.4755859375
2026-07-14T10:59:26.542,0.007644889410585165,0.0,208.3333282470703,440.5737609863281
2026-07-14T10:59:34.964,0.007431264501065016,0.0,288.4615478515625,0.0
2026-07-14T10:59:35.824,0.007263414096087217,0.0,212.76596069335938,435.2226867675781
2026-07-14T11:00:21.142,0.007641837000846863,0.0,222.22222900390625,375.8741149902344
2026-07-14T11:00:23.151,0.007513661403208971,0.0,236.22047424316406,398.8868408203125
2026-07-14T11:00:47.833,0.007535023149102926,0.0,227.27272033691406,386.6906433105469
2026-07-14T11:00:51.757,0.007623525336384773,0.0,230.76922607421875,421.5686340332031
2026-07-14T11:00:54.346,0.007312240544706583,0.0,202.70269775390625,379.858642578125
2026-07-14T11:01:02.775,0.0075472318567335606,0.0,300.0,403.3771057128906
2026-07-14T11:01:06.317,0.007412949576973915,0.0,201.34228515625,387.38739013671875
2026-07-14T11:01:09.378,0.007464832626283169,0.0,223.88059997558594,430.0
2026-07-14T11:01:11.292,0.007223740220069885,0.0,225.56390380859375,411.0898742675781
2026-07-14T11:01:13.299,0.007406850345432758,0.0,208.3333282470703,430.8617248535156
2026-07-14T11:01:42.960,0.00744346808642149,0.0,243.90243530273438,473.5682678222656
2026-07-14T11:01:44.490,0.0073397113010287285,0.0,243.90243530273438,452.631591796875
2026-07-14T11:01:50.019,0.0074831414967775345,0.0,198.6754913330078,443.2989807128906
2026-07-14T11:01:54.515,0.007568593602627516,0.0,247.9338836669922,424.90118408203125
2026-07-14T11:01:55.948,0.007473987992852926,0.0,218.9781036376953,448.8517761230469
2026-07-14T11:01:58.431,0.0073519134894013405,0.0,230.76922607421875,459.4017028808594
2026-07-14T11:02:03.308,0.0074709379114210606,0.0,240.0,462.3656005859375
2026-07-14T11:02:07.207,0.0074984002858400345,0.0,238.09524536132812,471.4912414550781
2026-07-14T11:02:09.504,0.007632679771631956,0.0,245.90164184570312,465.3679504394531
2026-07-14T11:02:13.033,0.0076265763491392136,0.0,214.2857208251953,437.8818664550781
2026-07-14T11:04:21.020,0.007559442427009344,0.0,227.27272033691406,443.2989807128906
2026-07-14T11:04:21.879,0.0074343131855130196,0.0,234.375,465.3679504394531
2026-07-14T11:04:31.272,0.0075380741618573666,0.0,294.1176452636719,466.37744140625
2026-07-14T11:04:33.280,0.007333604618906975,0.0,218.9781036376953,455.50848388671875
2026-07-14T11:04:52.139,0.0073122442699968815,0.0,240.0,475.6637268066406
2026-07-14T11:04:54.149,0.007370224222540855,0.0,236.22047424316406,480.9843444824219
2026-07-14T11:05:14.996,0.007522815838456154,0.0,241.93548583984375,463.362060546875
2026-07-14T11:05:19.015,0.0075716436840593815,0.0,232.55813598632812,465.3679504394531
2026-07-14T11:05:53.719,0.007327503524720669,0.0,234.375,455.50848388671875
2026-07-14T11:05:55.158,0.007458727806806564,0.0,223.88059997558594,463.362060546875
2026-07-14T11:06:03.661,0.007501453626900911,0.0,245.90164184570312,474.6136779785156
2026-07-14T11:06:08.163,0.007376332301646471,0.0,238.09524536132812,482.0627746582031
2026-07-14T11:06:10.651,0.0074221049435436726,0.0,236.22047424316406,453.58648681640625
2026-07-14T11:06:12.654,0.007431263104081154,0.0,277.77777099609375,461.3733825683594
2026-07-14T11:06:20.211,0.00713218143209815,0.0,240.0,0.0
2026-07-14T11:06:21.072,0.007370226550847292,0.0,241.93548583984375,479.91070556640625
2026-07-14T11:06:39.715,0.007428212556988001,0.0,230.76922607421875,458.42218017578125
2026-07-14T11:06:41.243,0.007440419867634773,0.0,220.58824157714844,425.7425842285156
2026-07-14T11:07:11.582,0.0073030851781368256,0.0,217.3913116455078,433.4677429199219
2026-07-14T11:07:13.146,0.007583850994706154,0.0,240.0,446.05810546875
2026-07-14T11:07:22.643,0.0077150785364210606,0.0,260.86956787109375,395.2205810546875
2026-07-14T11:07:24.383,0.007638782262802124,0.0,230.76922607421875,454.5454406738281
2026-07-14T11:07:29.364,0.007480091415345669,0.0,250.0,466.37744140625
2026-07-14T11:07:31.168,0.00766930403187871,0.0,241.93548583984375,461.3733825683594
2026-07-14T11:07:40.176,0.00752281304448843,0.0,220.58824157714844,0.0
2026-07-14T11:07:41.038,0.007519764360040426,0.0,220.58824157714844,433.4677429199219
2026-07-14T11:07:51.932,0.007364123594015837,0.0,208.3333282470703,442.3868408203125
2026-07-14T11:07:52.881,0.007571644615381956,0.0,236.22047424316406,477.77777099609375
2026-07-14T11:08:03.218,0.00751976203173399,0.0,236.22047424316406,467.39129638671875
2026-07-14T11:08:25.705,0.007528921589255333,0.0,238.09524536132812,451.6806640625
2026-07-14T11:08:28.291,0.007440418470650911,0.0,223.88059997558594,449.7908020019531
2026-07-14T11:08:30.782,0.007492299657315016,0.0,236.22047424316406,462.3656005859375
2026-07-14T11:08:35.753,0.0076693021692335606,0.0,265.4867248535156,465.3679504394531
2026-07-14T11:08:37.763,0.00748314568772912,0.0,229.00762939453125,454.5454406738281
2026-07-14T11:08:40.721,0.007486194837838411,0.0,204.08163452148438,435.2226867675781
2026-07-14T11:08:42.535,0.007568593602627516,0.0,227.27272033691406,424.0631103515625
2026-07-14T11:08:47.989,0.007406849414110184,0.0,212.76596069335938,443.2989807128906
2026-07-14T11:08:49.812,0.0075502824038267136,0.0,245.90164184570312,479.91070556640625
2026-07-14T11:08:51.248,0.007434316445142031,0.0,240.0,482.0627746582031
2026-07-14T11:11:16.475,0.007419053465127945,0.0,234.375,468.4095764160156
2026-07-14T11:11:17.910,0.007391589228063822,0.0,234.375,451.6806640625
2026-07-14T11:11:19.443,0.0073854862712323666,0.0,254.23728942871094,491.9908447265625
2026-07-14T11:11:20.976,0.007644889876246452,0.0,245.90164184570312,482.0627746582031
2026-07-14T11:11:23.459,0.007367176469415426,0.0,243.90243530273438,487.5283508300781
2026-07-14T11:11:24.890,0.007461779750883579,0.0,240.0,466.37744140625
2026-07-14T11:11:26.900,0.007538077421486378,0.0,234.375,457.4468078613281
2026-07-14T11:11:29.389,0.007486197166144848,0.0,238.09524536132812,446.05810546875
2026-07-14T11:11:31.401,0.00744346808642149,0.0,267.8571472167969,477.77777099609375
2026-07-14T11:11:32.933,0.007416001986712217,0.0,225.56390380859375,461.3733825683594
2026-07-14T11:12:18.535,0.007376332301646471,0.0,247.9338836669922,485.3273010253906
2026-07-14T11:12:20.546,0.007473988924175501,0.0,245.90164184570312,471.4912414550781
2026-07-14T11:12:22.559,0.0075594400987029076,0.0,234.375,470.45953369140625
2026-07-14T11:12:27.534,0.0073122428730130196,0.0,241.93548583984375,480.9843444824219
2026-07-14T11:12:29.061,0.007397694047540426,0.0,234.375,452.631591796875
2026-07-14T11:12:31.074,0.007617422845214605,0.0,236.22047424316406,468.4095764160156
2026-07-14T11:12:34.521,0.007467884570360184,0.0,238.09524536132812,457.4468078613281
2026-07-14T11:12:37.014,0.007507557049393654,0.0,265.4867248535156,467.39129638671875
2026-07-14T11:12:39.024,0.007303087040781975,0.0,230.76922607421875,465.3679504394531
2026-07-14T11:12:41.038,0.007342755328863859,0.0,217.3913116455078,436.99188232421875
2026-07-14T11:14:04.025,0.007354966830462217,0.0,243.90243530273438,434.34344482421875
2026-07-14T11:14:08.622,0.007300032302737236,0.0,234.375,441.47845458984375
2026-07-14T11:14:10.053,0.007535022683441639,0.0,217.3913116455078,0.0
2026-07-14T11:14:29.970,0.007290878798812628,0.0,265.4867248535156,422.3968505859375
2026-07-14T11:14:31.408,0.007416002918034792,0.0,245.90164184570312,444.2148742675781
2026-07-14T11:14:46.534,0.007425159215927124,0.0,245.90164184570312,430.8617248535156
2026-07-14T11:14:48.070,0.007345807738602161,0.0,245.90164184570312,465.3679504394531
2026-07-14T11:14:52.572,0.007489246316254139,0.0,220.58824157714844,403.3771057128906
2026-07-14T11:15:39.347,0.007473986595869064,0.0,225.56390380859375,396.678955078125
2026-07-14T11:15:40.874,0.007422108203172684,0.0,230.76922607421875,452.631591796875
2026-07-14T11:16:02.769,0.007434315048158169,0.0,0.0,0.0
2026-07-14T11:16:03.626,0.007455676794052124,0.0,243.90243530273438,429.1417236328125
2026-07-14T11:16:23.634,0.007300036959350109,0.0,238.09524536132812,401.1194152832031
2026-07-14T11:16:25.169,0.007409899029880762,0.0,270.270263671875,402.6217346191406
2026-07-14T11:16:49.275,0.007385483477264643,0.0,241.93548583984375,504.69482421875
2026-07-14T11:16:50.712,0.007428211625665426,0.0,241.93548583984375,494.25286865234375
2026-07-14T11:16:55.211,0.007480090484023094,0.0,222.22222900390625,407.9696350097656
2026-07-14T11:16:56.743,0.0074098980985581875,0.0,229.00762939453125,488.6363525390625
2026-07-14T11:17:11.758,0.0073732780292630196,0.0,236.22047424316406,0.0
2026-07-14T11:17:12.619,0.007623524870723486,0.0,217.3913116455078,453.58648681640625
2026-07-14T11:17:33.000,0.007397693581879139,0.0,241.93548583984375,488.6363525390625
2026-07-14T11:17:36.354,0.007388536352664232,0.0,258.6206970214844,474.6136779785156
2026-07-14T11:17:41.806,0.007477039471268654,0.0,238.09524536132812,442.3868408203125
2026-07-14T11:17:43.337,0.0075624906457960606,0.0,230.76922607421875,444.2148742675781
2026-07-14T11:18:08.975,0.007333604618906975,0.0,243.90243530273438,424.0631103515625
2026-07-14T11:18:10.892,0.007364122197031975,0.0,250.0,422.3968505859375
2026-07-14T11:18:15.201,0.007376329507678747,0.0,243.90243530273438,407.19696044921875
2026-07-14T11:18:21.140,0.00737022515386343,0.0,225.56390380859375,388.0866394042969
2026-07-14T11:18:22.957,0.007525867782533169,0.0,243.90243530273438,410.3053283691406
2026-07-14T11:18:29.948,0.007528920657932758,0.0,236.22047424316406,397.4122009277344
2026-07-14T11:18:32.915,0.007513658609241247,0.0,211.26760864257812,0.0
2026-07-14T11:18:34.446,0.007629630155861378,0.0,245.90164184570312,428.286865234375
2026-07-14T11:18:37.412,0.007580799516290426,0.0,236.22047424316406,388.0866394042969
2026-07-14T11:18:41.906,0.007547229062765837,0.0,232.55813598632812,384.6153869628906
2026-07-14T11:19:07.743,0.00758995721116662,0.0,236.22047424316406,0.0
2026-07-14T11:19:08.601,0.007519765291363001,0.0,230.76922607421875,397.4122009277344
2026-07-14T11:19:29.055,0.00738243293017149,0.0,256.4102478027344,416.6666564941406
2026-07-14T11:19:30.013,0.007547229528427124,0.0,258.6206970214844,429.1417236328125
2026-07-14T11:19:35.278,0.007452621590346098,0.0,245.90164184570312,391.6211242675781
2026-07-14T11:19:36.812,0.007391589693725109,0.0,238.09524536132812,379.188720703125
2026-07-14T11:19:42.268,0.007049781735986471,0.0,250.0,429.1417236328125
2026-07-14T11:19:44.087,0.00704978359863162,0.0,243.90243530273438,401.8691711425781
2026-07-14T11:19:48.113,0.007367173209786415,0.0,234.375,411.87738037109375
2026-07-14T11:19:49.551,0.007397690787911415,0.0,240.0,411.87738037109375
2026-07-14T11:20:10.971,0.007382433395832777,0.0,258.6206970214844,0.0
2026-07-14T11:20:11.832,0.007553335279226303,0.0,256.4102478027344,434.34344482421875
2026-07-14T11:20:18.149,0.007443468552082777,0.0,247.9338836669922,414.2581787109375
2026-07-14T11:20:20.734,0.0074282134883105755,0.0,230.76922607421875,423.22833251953125
2026-07-14T11:20:22.647,0.007388537749648094,0.0,245.90164184570312,439.67279052734375
2026-07-14T11:20:28.671,0.0074678827077150345,0.0,232.55813598632812,415.05792236328125
2026-07-14T11:20:33.175,0.007229839451611042,0.0,254.23728942871094,444.2148742675781
2026-07-14T11:20:36.241,0.0075380755588412285,0.0,214.2857208251953,369.4158020019531
2026-07-14T11:20:37.769,0.007272565737366676,0.0,225.56390380859375,405.6603698730469
2026-07-14T11:20:47.233,0.007330555468797684,0.0,232.55813598632812,395.94842529296875
2026-07-14T11:21:15.817,0.007504505570977926,0.0,252.10084533691406,444.2148742675781
2026-07-14T11:21:19.836,0.007348859682679176,0.0,222.22222900390625,383.24420166015625
2026-07-14T11:21:21.645,0.007422109134495258,0.0,254.23728942871094,441.47845458984375
2026-07-14T11:21:26.136,0.0076143695041537285,0.0,258.6206970214844,440.5737609863281
2026-07-14T11:21:28.628,0.007254257332533598,0.0,225.56390380859375,422.3968505859375
2026-07-14T11:21:30.158,0.007318341638892889,0.0,247.9338836669922,440.5737609863281
2026-07-14T11:21:34.661,0.007593006361275911,0.0,241.93548583984375,407.19696044921875
2026-07-14T11:21:36.099,0.0074190557934343815,0.0,223.88059997558594,379.858642578125
2026-07-14T11:21:41.645,0.007461779285222292,0.0,230.76922607421875,393.77288818359375
2026-07-14T11:21:43.178,0.00745262810960412,0.0,250.0,445.13458251953125
2026-07-14T11:22:07.560,0.0072451005689799786,0.0,252.10084533691406,457.4468078613281
2026-07-14T11:22:09.478,0.007473988924175501,0.0,234.375,398.8868408203125
2026-07-14T11:22:14.829,0.007287828717380762,0.0,252.10084533691406,426.5873107910156
2026-07-14T11:22:20.288,0.007440418470650911,0.0,230.76922607421875,379.188720703125
2026-07-14T11:22:22.299,0.007455678191035986,0.0,241.93548583984375,406.4272155761719
2026-07-14T11:22:29.855,0.007467884570360184,0.0,247.9338836669922,431.7268981933594
2026-07-14T11:22:33.876,0.007480091881006956,0.0,309.2783508300781,440.5737609863281
2026-07-14T11:22:39.425,0.007388537749648094,0.0,225.56390380859375,391.6211242675781
2026-07-14T11:22:41.339,0.007336657494306564,0.0,241.93548583984375,437.8818664550781
2026-07-14T11:22:43.826,0.007516712415963411,0.0,223.88059997558594,388.7884216308594
2026-07-14T11:23:29.771,0.007528918329626322,0.0,245.90164184570312,436.99188232421875
2026-07-14T11:23:31.305,0.007278668228536844,0.0,256.4102478027344,446.05810546875
2026-07-14T11:23:49.389,0.007602161727845669,0.0,247.9338836669922,423.22833251953125
2026-07-14T11:23:50.821,0.00733665656298399,0.0,250.0,419.1033020019531
2026-07-14T11:23:57.328,0.007504505570977926,0.0,245.90164184570312,425.7425842285156
2026-07-14T11:23:59.337,0.0073549640364944935,0.0,234.375,404.89642333984375
2026-07-14T11:24:02.394,0.007364125456660986,0.0,250.0,425.7425842285156
2026-07-14T11:24:07.854,0.007370227016508579,0.0,245.90164184570312,435.2226867675781
2026-07-14T11:24:09.383,0.0074526225216686726,0.0,240.0,406.4272155761719
2026-07-14T11:24:11.393,0.0073244450613856316,0.0,245.90164184570312,428.286865234375
2026-07-14T11:24:17.902,0.0075380741618573666,0.0,238.09524536132812,415.8607482910156
2026-07-14T11:24:19.339,0.007361067924648523,0.0,245.90164184570312,423.22833251953125
2026-07-14T11:24:40.207,0.007345810532569885,0.0,250.0,434.34344482421875
2026-07-14T11:24:43.274,0.007354964502155781,0.0,243.90243530273438,425.7425842285156
2026-07-14T11:24:49.209,0.0073763285763561726,0.0,241.93548583984375,422.3968505859375
2026-07-14T11:24:51.795,0.0074800909496843815,0.0,258.6206970214844,440.5737609863281
2026-07-14T11:25:09.587,0.007440419401973486,0.0,247.9338836669922,410.3053283691406
2026-07-14T11:25:12.548,0.0075167091563344,0.0,254.23728942871094,426.5873107910156
2026-07-14T11:25:15.598,0.0072603607550263405,0.0,230.76922607421875,433.4677429199219
2026-07-14T11:25:41.705,0.007443469949066639,0.0,230.76922607421875,431.7268981933594
2026-07-14T11:25:43.717,0.007504506502300501,0.0,240.0,423.22833251953125
2026-07-14T11:25:49.176,0.007220685947686434,0.0,234.375,419.1033020019531
2026-07-14T11:25:52.246,0.007376329507678747,0.0,250.0,428.286865234375
2026-07-14T11:25:55.217,0.007422107271850109,0.0,260.86956787109375,437.8818664550781
2026-07-14T11:26:00.182,0.007409899961203337,0.0,234.375,433.4677429199219
2026-07-14T11:26:01.714,0.007437366060912609,0.0,234.375,409.5238037109375
2026-07-14T11:26:07.253,0.007293930277228355,0.0,240.0,415.8607482910156
2026-07-14T11:26:10.699,0.007580800447613001,0.0,230.76922607421875,433.4677429199219
2026-07-14T11:26:15.770,0.007483141962438822,0.0,245.90164184570312,435.2226867675781
2026-07-14T11:26:56.576,0.0073458109982311726,0.0,240.0,434.34344482421875
2026-07-14T11:26:58.527,0.007373279891908169,0.0,243.90243530273438,427.4353942871094
2026-07-14T11:27:04.090,0.007403799332678318,0.0,236.22047424316406,419.1033020019531
2026-07-14T11:27:10.110,0.007290880661457777,0.0,234.375,436.10546875
2026-07-14T11:27:13.071,0.007373278960585594,0.0,232.55813598632812,401.1194152832031
2026-07-14T11:27:31.416,0.007480091415345669,0.0,215.82733154296875,395.94842529296875
2026-07-14T11:27:33.421,0.007510608062148094,0.0,236.22047424316406,395.2205810546875
2026-07-14T11:27:38.872,0.0074037970043718815,0.0,232.55813598632812,437.8818664550781
2026-07-14T11:27:43.944,0.007409899961203337,0.0,258.6206970214844,442.3868408203125
2026-07-14T11:27:47.382,0.007425161078572273,0.0,252.10084533691406,436.99188232421875
2026-07-14T11:27:50.925,0.0075807999819517136,0.0,245.90164184570312,417.4757385253906
2026-07-14T11:27:53.407,0.0074068461544811726,0.0,241.93548583984375,429.1417236328125
2026-07-14T11:28:23.617,0.0073580192402005196,0.0,236.22047424316406,397.4122009277344
2026-07-14T11:28:25.049,0.007730337791144848,0.0,254.23728942871094,442.3868408203125
2026-07-14T11:28:46.477,0.007223738823086023,0.0,234.375,412.6679382324219
2026-07-14T11:28:47.434,0.007287830114364624,0.0,236.22047424316406,398.8868408203125
2026-07-14T11:28:54.805,0.007293929345905781,0.0,247.9338836669922,433.4677429199219
2026-07-14T11:28:56.718,0.007373277097940445,0.0,265.4867248535156,438.7755126953125
2026-07-14T11:29:01.985,0.007602162193506956,0.0,229.00762939453125,389.4927673339844
2026-07-14T11:29:04.477,0.007251204922795296,0.0,225.56390380859375,404.1353454589844
2026-07-14T11:29:12.038,0.00721763726323843,0.0,243.90243530273438,426.5873107910156
2026-07-14T11:29:14.525,0.007321396376937628,0.0,243.90243530273438,411.0898742675781
2026-07-14T11:29:20.551,0.007388537749648094,0.0,230.76922607421875,395.94842529296875
2026-07-14T11:29:23.516,0.007577746640890837,0.0,238.09524536132812,423.22833251953125
2026-07-14T11:29:49.820,0.007187113165855408,0.0,241.93548583984375,419.1033020019531
2026-07-14T11:29:50.683,0.007419053930789232,0.0,245.90164184570312,439.67279052734375
2026-07-14T11:29:59.112,0.007312242407351732,0.0,241.93548583984375,435.2226867675781
2026-07-14T11:30:00.645,0.0073152948170900345,0.0,247.9338836669922,411.0898742675781
2026-07-14T11:30:23.707,0.007205428089946508,0.0,240.0,419.921875
2026-07-14T11:30:25.720,0.007391588296741247,0.0,252.10084533691406,437.8818664550781
2026-07-14T11:30:30.784,0.007254253141582012,0.0,245.90164184570312,412.6679382324219
2026-07-14T11:30:32.791,0.0074404156766831875,0.0,220.58824157714844,356.5505676269531
2026-07-14T11:30:40.243,0.007159652188420296,0.0,238.09524536132812,439.67279052734375
2026-07-14T11:30:41.776,0.007397692184895277,0.0,245.90164184570312,430.0
2026-07-14T11:30:44.269,0.007443469017744064,0.0,236.22047424316406,419.921875
2026-07-14T11:30:49.244,0.007397692650556564,0.0,230.76922607421875,415.8607482910156
2026-07-14T11:30:51.728,0.0072695184499025345,0.0,236.22047424316406,432.5955810546875
2026-07-14T11:30:58.236,0.0074648307636380196,0.0,232.55813598632812,437.8818664550781
2026-07-14T11:33:48.940,0.007620474323630333,0.0,236.22047424316406,437.8818664550781
2026-07-14T11:33:51.431,0.007037576287984848,0.0,243.90243530273438,435.2226867675781
2026-07-14T11:33:53.919,0.0073824357241392136,0.0,241.93548583984375,423.22833251953125
2026-07-14T11:33:56.408,0.007486195769160986,0.0,238.09524536132812,423.22833251953125
2026-07-14T11:33:58.418,0.00740379374474287,0.0,232.55813598632812,426.5873107910156
2026-07-14T11:34:02.437,0.007583850994706154,0.0,252.10084533691406,419.1033020019531
2026-07-14T11:34:03.967,0.0074190543964505196,0.0,243.90243530273438,432.5955810546875
2026-07-14T11:34:05.979,0.007220689207315445,0.0,232.55813598632812,397.4122009277344
2026-07-14T11:34:08.464,0.007254257332533598,0.0,265.4867248535156,448.8517761230469
2026-07-14T11:34:09.516,0.007492297329008579,0.0,234.375,405.6603698730469
2026-07-14T11:38:40.871,0.007519765291363001,0.0,227.27272033691406,434.34344482421875
2026-07-14T11:38:42.884,0.007364122197031975,0.0,240.0,487.5283508300781
2026-07-14T11:39:09.479,0.007364122197031975,0.0,234.375,469.43231201171875
2026-07-14T11:39:11.966,0.007452624384313822,0.0,245.90164184570312,496.5357971191406
2026-07-14T11:39:15.988,0.007382433861494064,0.0,229.00762939453125,458.42218017578125
2026-07-14T11:39:18.464,0.0074587296694517136,0.0,243.90243530273438,475.6637268066406
2026-07-14T11:39:21.433,0.007284776773303747,0.0,277.77777099609375,483.14605712890625
2026-07-14T11:39:23.442,0.0074953497387468815,0.0,206.89654541015625,451.6806640625
2026-07-14T11:39:25.739,0.0073915887624025345,0.0,217.3913116455078,475.6637268066406
2026-07-14T11:39:30.242,0.0073336041532456875,0.0,218.9781036376953,433.4677429199219
2026-07-14T11:39:31.774,0.0072573088109493256,0.0,236.22047424316406,479.91070556640625
2026-07-14T11:39:33.208,0.007577748969197273,0.0,238.09524536132812,438.7755126953125
2026-07-14T11:40:07.558,0.0073946393094956875,0.0,241.93548583984375,466.37744140625
2026-07-14T11:40:10.052,0.007370225619524717,0.0,260.86956787109375,449.7908020019531
2026-07-14T11:40:57.322,0.007364124059677124,0.0,252.10084533691406,483.14605712890625
2026-07-14T11:40:58.662,0.007583852391690016,0.0,267.8571472167969,471.4912414550781
2026-07-14T11:41:05.164,0.007287829648703337,0.0,236.22047424316406,469.43231201171875
2026-07-14T11:41:07.080,0.0074922977946698666,0.0,245.90164184570312,475.6637268066406
2026-07-14T11:41:08.136,0.007449575699865818,0.0,229.00762939453125,447.9166564941406
2026-07-14T11:41:15.118,0.007510608993470669,0.0,229.00762939453125,447.9166564941406
2026-07-14T11:41:16.649,0.007556382566690445,0.0,229.00762939453125,456.4755859375
2026-07-14T11:41:18.660,0.007522815838456154,0.0,214.2857208251953,426.5873107910156
2026-07-14T11:41:21.622,0.007406848017126322,0.0,234.375,462.3656005859375
2026-07-14T11:41:25.072,0.007272569928318262,0.0,225.56390380859375,463.362060546875
2026-07-14T13:05:40.379,0.007190170232206583,0.0,252.10084533691406,464.36285400390625
2026-07-14T13:05:47.245,0.007397692184895277,0.0,240.0,463.362060546875
2026-07-14T13:05:49.721,0.007284776773303747,0.0,256.4102478027344,457.4468078613281
2026-07-14T13:05:55.620,0.008252198807895184,0.0,441.1764831542969,438.7755126953125
2026-07-14T13:05:56.476,0.008209473453462124,0.0,245.90164184570312,447.9166564941406
2026-07-14T13:06:03.910,0.0074922991916537285,0.0,229.00762939453125,459.4017028808594
2026-07-14T13:06:07.915,0.00750450324267149,0.0,232.55813598632812,455.50848388671875
2026-07-14T13:06:10.407,0.0074373651295900345,0.0,234.375,436.99188232421875
2026-07-14T13:06:17.464,0.007409899029880762,0.0,250.0,496.5357971191406
2026-07-14T13:06:19.445,0.007330553140491247,0.0,263.15789794921875,477.77777099609375
2026-07-14T13:08:33.866,0.00749534647911787,0.0,461.5384521484375,465.3679504394531
2026-07-14T13:08:35.875,0.007321400102227926,0.0,245.90164184570312,472.5274658203125
2026-07-14T13:08:38.827,0.0074770390056073666,0.0,227.27272033691406,381.8827819824219
2026-07-14T13:08:40.340,0.007248152047395706,0.0,250.0,419.1033020019531
2026-07-14T13:08:48.842,0.007321396376937628,0.0,245.90164184570312,496.5357971191406
2026-07-14T13:08:51.898,0.007269519381225109,0.0,256.4102478027344,482.0627746582031
2026-07-14T13:08:54.385,0.0074984002858400345,0.0,247.9338836669922,466.37744140625
2026-07-14T13:08:58.395,0.007416003383696079,0.0,230.76922607421875,475.6637268066406
2026-07-14T13:08:59.830,0.007303084712475538,0.0,230.76922607421875,0.0
2026-07-14T13:09:00.688,0.007306139450520277,0.0,230.76922607421875,0.0
2026-07-14T13:09:01.543,0.007306139450520277,0.0,230.76922607421875,0.0
2026-07-14T13:09:05.847,0.007403792813420296,0.0,240.0,453.58648681640625
2026-07-14T13:09:07.843,0.0072023761458694935,0.0,214.2857208251953,393.0530090332031
2026-07-14T13:14:55.381,0.007132179569453001,0.0,254.23728942871094,442.3868408203125
2026-07-14T13:14:56.814,0.0073610697872936726,0.0,250.0,410.3053283691406
2026-07-14T13:15:01.850,0.007303087040781975,0.0,476.19049072265625,415.05792236328125
2026-07-14T13:15:18.925,0.007394641172140837,0.0,260.86956787109375,428.286865234375
2026-07-14T13:15:20.453,0.007449569646269083,0.0,240.0,388.0866394042969
2026-07-14T13:15:26.434,0.0074404156766831875,0.0,454.5454406738281,403.3771057128906
2026-07-14T13:15:58.518,0.0072969840839505196,0.0,256.4102478027344,438.7755126953125
2026-07-14T13:16:00.048,0.007763905916363001,0.0,245.90164184570312,448.8517761230469
2026-07-14T13:16:08.620,0.007583849597722292,0.0,238.09524536132812,419.1033020019531
2026-07-14T13:16:11.376,0.007370225619524717,0.0,220.58824157714844,399.6282653808594
2026-07-14T13:16:14.142,0.0072298431769013405,0.0,252.10084533691406,427.4353942871094
2026-07-14T13:16:17.867,0.007416001986712217,0.0,258.6206970214844,404.89642333984375
2026-07-14T13:17:40.989,0.007446521893143654,0.0,240.0,426.5873107910156
2026-07-14T13:17:42.421,0.007321398239582777,0.0,240.0,401.1194152832031
2026-07-14T13:17:47.209,0.00738243293017149,0.0,245.90164184570312,449.7908020019531
2026-07-14T13:17:55.958,0.0073732780292630196,0.0,258.6206970214844,456.4755859375
2026-07-14T13:17:58.249,0.007443469017744064,0.0,240.0,431.7268981933594
2026-07-14T13:18:03.215,0.007434314116835594,0.0,245.90164184570312,446.05810546875
2026-07-14T13:18:08.267,0.007431261707097292,0.0,270.270263671875,430.8617248535156
2026-07-14T13:18:11.800,0.007571646012365818,0.0,243.90243530273438,410.3053283691406
2026-07-14T13:18:14.268,0.007568594068288803,0.0,256.4102478027344,437.8818664550781
2026-07-14T13:18:19.795,0.007388537749648094,0.0,254.23728942871094,443.2989807128906
2026-07-14T13:28:15.530,0.007409900426864624,0.0,263.15789794921875,502.3364562988281
2026-07-14T13:28:20.570,0.006988742388784885,0.0,252.10084533691406,487.5283508300781
2026-07-14T13:28:23.050,0.007330551277846098,0.0,270.270263671875,490.8675842285156
2026-07-14T13:28:28.087,0.007361069321632385,0.0,297.0296936035156,467.39129638671875
2026-07-14T13:28:38.591,0.007202373817563057,0.0,285.71429443359375,479.91070556640625
2026-07-14T13:28:40.116,0.007168808486312628,0.0,229.00762939453125,451.6806640625
2026-07-14T13:28:45.081,0.007290878798812628,0.0,250.0,463.362060546875
2026-07-14T13:28:46.032,0.0072389994747936726,0.0,247.9338836669922,474.6136779785156
2026-07-14T13:28:50.808,0.007309188134968281,0.0,225.56390380859375,430.0
2026-07-14T13:28:52.899,0.0072756195440888405,0.0,250.0,435.2226867675781
2026-07-14T13:28:55.372,0.007208481431007385,0.0,218.9781036376953,437.8818664550781
2026-07-14T13:29:01.386,0.0073610711842775345,0.0,245.90164184570312,464.36285400390625
2026-07-14T13:29:03.297,0.0074404152110219,0.0,256.4102478027344,480.9843444824219
2026-07-14T13:29:06.065,0.007434312254190445,0.0,243.90243530273438,489.7494201660156
2026-07-14T13:29:50.313,0.0071718525141477585,0.0,303.0303039550781,415.8607482910156
2026-07-14T13:29:51.173,0.007199320942163467,0.0,222.22222900390625,424.90118408203125
2026-07-14T13:29:56.519,0.007214583922177553,0.0,241.93548583984375,424.0631103515625
2026-07-14T13:29:58.989,0.007425157818943262,0.0,256.4102478027344,415.8607482910156
2026-07-14T13:30:03.283,0.007455675397068262,0.0,241.93548583984375,437.8818664550781
2026-07-14T13:30:04.807,0.0073305536061525345,0.0,240.0,454.5454406738281
2026-07-14T13:30:07.759,0.0074160038493573666,0.0,252.10084533691406,495.3916931152344
2026-07-14T13:30:31.617,0.007345812860876322,0.0,260.86956787109375,497.6851806640625
2026-07-14T13:30:36.109,0.0076052118092775345,0.0,230.76922607421875,496.5357971191406
2026-07-14T13:30:40.597,0.007385484408587217,0.0,283.01885986328125,537.5
2026-07-14T13:30:59.949,0.007528919726610184,0.0,260.86956787109375,446.9854431152344
2026-07-14T13:31:02.438,0.0073885368183255196,0.0,294.1176452636719,445.13458251953125
2026-07-14T13:31:03.966,0.007327499333769083,0.0,250.0,453.58648681640625
2026-07-14T13:31:24.641,0.007345810532569885,0.0,227.27272033691406,407.9696350097656
2026-07-14T13:31:28.170,0.007458727806806564,0.0,258.6206970214844,467.39129638671875
2026-07-14T13:31:54.331,0.007312240544706583,0.0,243.90243530273438,440.5737609863281
2026-07-14T13:31:56.623,0.0072573097422719,0.0,258.6206970214844,439.67279052734375
2026-07-14T13:32:04.648,0.007245102431625128,0.0,241.93548583984375,414.2581787109375
2026-07-14T13:32:06.158,0.007171859033405781,0.0,252.10084533691406,446.9854431152344
2026-07-14T13:32:08.638,0.0071993242017924786,0.0,232.55813598632812,356.5505676269531
2026-07-14T13:32:14.644,0.007510608062148094,0.0,252.10084533691406,419.1033020019531
2026-07-14T13:32:16.653,0.007504506502300501,0.0,247.9338836669922,435.2226867675781
2026-07-14T13:32:19.142,0.007318347226828337,0.0,263.15789794921875,436.99188232421875
2026-07-14T13:32:23.161,0.007577749900519848,0.0,267.8571472167969,430.8617248535156
2026-07-14T13:32:25.171,0.0074190557934343815,0.0,250.0,433.4677429199219
2026-07-14T13:32:34.719,0.0074495733715593815,0.0,245.90164184570312,436.10546875
2026-07-14T13:32:37.199,0.0072725689969956875,0.0,267.8571472167969,429.1417236328125
2026-07-14T13:32:41.699,0.0073305522091686726,0.0,254.23728942871094,428.286865234375
2026-07-14T13:32:48.187,0.007202375680208206,0.0,245.90164184570312,441.47845458984375
2026-07-14T13:32:52.191,0.00729698222130537,0.0,258.6206970214844,424.90118408203125
2026-07-14T13:32:54.670,0.0075411261059343815,0.0,250.0,434.34344482421875
2026-07-14T13:32:57.223,0.007303087506443262,0.0,267.8571472167969,434.34344482421875
2026-07-14T13:33:00.184,0.007309190463274717,0.0,254.23728942871094,434.34344482421875
2026-07-14T13:33:01.046,0.007419053465127945,0.0,252.10084533691406,436.10546875
2026-07-14T13:33:02.955,0.007394640240818262,0.0,240.0,440.5737609863281
2026-07-14T13:35:00.618,0.007260361686348915,0.0,260.86956787109375,465.3679504394531
2026-07-14T13:35:04.635,0.007199323736131191,0.0,256.4102478027344,415.05792236328125
2026-07-14T13:35:07.111,0.007593007292598486,0.0,270.270263671875,455.50848388671875
2026-07-14T13:35:13.127,0.0072695170529186726,0.0,252.10084533691406,445.13458251953125
2026-07-14T13:35:14.561,0.007513659540563822,0.0,260.86956787109375,430.0
2026-07-14T13:35:17.136,0.007315292488783598,0.0,252.10084533691406,436.10546875
2026-07-14T13:35:20.101,0.007486196234822273,0.0,247.9338836669922,449.7908020019531
2026-07-14T13:35:21.623,0.007300032768398523,0.0,247.9338836669922,441.47845458984375
2026-07-14T13:35:23.136,0.00738548394292593,0.0,241.93548583984375,446.05810546875
2026-07-14T13:35:27.140,0.007480091415345669,0.0,267.8571472167969,429.1417236328125
2026-07-14T13:35:41.173,0.007382434792816639,0.0,247.9338836669922,454.5454406738281
2026-07-14T13:35:43.173,0.007486192509531975,0.0,241.93548583984375,424.0631103515625
2026-07-14T13:35:46.118,0.007174910977482796,0.0,270.270263671875,431.7268981933594
2026-07-14T13:35:50.601,0.0072695184499025345,0.0,243.90243530273438,436.99188232421875
2026-07-14T13:35:59.387,0.007406845223158598,0.0,230.76922607421875,414.2581787109375
2026-07-14T13:36:02.924,0.007364119868725538,0.0,260.86956787109375,436.10546875
2026-07-14T13:36:04.926,0.007364123594015837,0.0,247.9338836669922,427.4353942871094
2026-07-14T13:36:06.450,0.007492298260331154,0.0,236.22047424316406,445.13458251953125
2026-07-14T13:36:09.416,0.007632679305970669,0.0,243.90243530273438,441.47845458984375
2026-07-14T13:36:13.885,0.007464831694960594,0.0,265.4867248535156,444.2148742675781
2026-07-14T16:52:10.867,0.5305364727973938,0.4440843164920807,50.30181121826172,0.0,0.0
2026-07-14T16:52:12.275,0.5243564248085022,0.44217678904533386,1369.863037109375,793.6508178710938,0.0
2026-07-14T16:55:45.901,0.524203896522522,0.4437182545661926,350.877197265625,0.0,0.0
2026-07-14T17:01:55.813,0.0,0.0,0.0,0.0,0.0
2026-07-15T10:51:19.630,0.04576558992266655,0.0,193.5483856201172,270.44024658203125,0.0
2026-07-15T10:51:20.908,0.04561910033226013,0.0,227.27272033691406,0.0,168.06723022460938
2026-07-15T10:51:28.505,0.04441056400537491,0.0,223.88059997558594,375.8741149902344,261.09661865234375
2026-07-15T10:51:33.011,0.044669974595308304,0.0,234.375,368.15069580078125,273.97259521484375
2026-07-15T10:51:45.176,0.04590902850031853,0.0,250.0,401.8691711425781,0.0
2026-07-15T10:51:46.409,0.04454180225729942,0.0,240.0,401.1194152832031,0.0
2026-07-15T10:51:47.820,0.04510943964123726,0.0,254.23728942871094,338.0503234863281,0.0
2026-07-15T10:51:50.996,0.045997533947229385,0.0,240.0,389.4927673339844,0.0
2026-07-15T10:51:53.259,0.0464492067694664,0.0,240.0,384.6153869628906,289.017333984375
2026-07-15T10:51:58.517,0.04468828812241554,0.0,260.86956787109375,403.3771057128906,297.6190490722656
2026-07-15T10:52:01.525,0.04498431086540222,0.0,260.86956787109375,410.3053283691406,301.204833984375
2026-07-15T10:52:03.159,0.045884620398283005,0.0,227.27272033691406,358.3333435058594,0.0
2026-07-15T10:52:06.899,0.04617149382829666,0.0,267.8571472167969,410.3053283691406,0.0
2026-07-15T10:52:09.757,0.045414622873067856,0.0,256.4102478027344,407.9696350097656,270.270263671875
2026-07-15T10:53:38.568,0.04573812335729599,0.0,252.10084533691406,402.6217346191406,0.0
2026-07-15T10:53:44.414,0.04477372765541077,0.0,258.6206970214844,407.19696044921875,289.017333984375
2026-07-15T10:53:46.072,0.04481036216020584,0.0,243.90243530273438,406.4272155761719,0.0
2026-07-15T10:53:54.922,0.0450361929833889,0.0,0.0,0.0,330.0329895019531
2026-07-15T10:53:55.598,0.04541768506169319,0.0,256.4102478027344,367.5213623046875,0.0
2026-07-15T10:53:58.676,0.04504229500889778,0.0,236.22047424316406,399.6282653808594,332.2259216308594
2026-07-15T10:54:21.428,0.04446244612336159,0.0,240.0,385.99639892578125,306.74847412109375
2026-07-15T10:54:26.539,0.04583883285522461,0.0,275.2293701171875,425.7425842285156,315.4574279785156
2026-07-15T10:54:31.779,0.04493853449821472,0.0,252.10084533691406,398.1481628417969,326.7973937988281
2026-07-15T10:54:34.038,0.04572287201881409,0.0,256.4102478027344,413.4615478515625,338.9830627441406
2026-07-15T10:55:58.319,0.045384105294942856,0.0,243.90243530273438,404.1353454589844,327.8688659667969
2026-07-15T10:56:02.947,0.04517047852277756,0.0,256.4102478027344,415.8607482910156,330.0329895019531
2026-07-15T10:56:05.919,0.04615623131394386,0.0,252.10084533691406,415.8607482910156,327.8688659667969
2026-07-15T10:56:09.561,0.044654712080955505,0.0,263.15789794921875,411.87738037109375,306.74847412109375
2026-07-15T10:56:27.921,0.044480763375759125,0.0,254.23728942871094,412.6679382324219,331.1258239746094
2026-07-15T10:56:28.758,0.04574117809534073,0.0,252.10084533691406,415.8607482910156,0.0
2026-07-15T10:56:37.841,0.044712699949741364,0.0,267.8571472167969,420.74365234375,0.0
2026-07-15T10:56:42.194,0.04526204243302345,0.0,250.0,406.4272155761719,323.6246032714844
2026-07-15T10:57:10.053,0.04511860013008118,0.0,241.93548583984375,405.6603698730469,297.6190490722656
2026-07-15T10:57:11.681,0.044419728219509125,0.0,270.270263671875,419.1033020019531,298.5074768066406
2026-07-15T10:57:21.309,0.04454179108142853,0.0,275.2293701171875,420.74365234375,310.55902099609375
2026-07-15T10:57:25.815,0.04469744861125946,0.0,245.90164184570312,416.6666564941406,306.74847412109375
2026-07-15T10:57:33.306,0.04575643688440323,0.0,252.10084533691406,424.0631103515625,0.0
2026-07-15T10:57:35.551,0.044950757175683975,0.0,256.4102478027344,424.90118408203125,313.4796142578125
2026-07-15T10:58:02.848,0.046095188707113266,0.0,272.7272644042969,427.4353942871094,263.85223388671875
2026-07-15T10:58:04.934,0.04430986940860748,0.0,245.90164184570312,419.921875,273.97259521484375
2026-07-15T10:58:34.474,0.04527425393462181,0.0,258.6206970214844,419.921875,348.43206787109375
2026-07-15T10:58:38.806,0.04516131803393364,0.0,247.9338836669922,418.2879333496094,314.4654235839844
2026-07-15T10:58:46.293,0.045997533947229385,0.0,241.93548583984375,413.4615478515625,0.0
2026-07-15T10:58:47.940,0.04423966258764267,0.0,243.90243530273438,426.5873107910156,341.29693603515625
2026-07-15T10:59:14.929,0.04492022469639778,0.0,245.90164184570312,395.2205810546875,324.6753234863281
2026-07-15T10:59:17.332,0.045967016369104385,0.0,254.23728942871094,420.74365234375,318.4713439941406
2026-07-15T10:59:23.932,0.04518267512321472,0.0,270.270263671875,415.05792236328125,298.5074768066406
2026-07-15T10:59:51.140,0.045915137976408005,0.0,254.23728942871094,411.0898742675781,0.0
2026-07-15T10:59:53.259,0.04486529529094696,0.0,265.4867248535156,410.3053283691406,325.73291015625
2026-07-15T10:59:59.428,0.04474932700395584,0.0,247.9338836669922,421.5686340332031,334.4481506347656
2026-07-15T11:00:22.056,0.0461440235376358,0.0,250.0,411.87738037109375,328.9473571777344
2026-07-15T11:00:24.477,0.04463641718029976,0.0,250.0,421.5686340332031,322.5806579589844
2026-07-15T11:00:31.051,0.04451432079076767,0.0,260.86956787109375,432.5955810546875,0.0
2026-07-15T11:00:52.407,0.04453873634338379,0.0,270.270263671875,420.74365234375,294.9852600097656
2026-07-15T11:00:54.052,0.04560384154319763,0.0,256.4102478027344,427.4353942871094,315.4574279785156
2026-07-15T11:00:59.155,0.045991431921720505,0.0,250.0,424.90118408203125,319.48883056640625
2026-07-15T11:01:04.547,0.046043314039707184,0.0,267.8571472167969,381.2056884765625,275.4820861816406
2026-07-15T11:01:06.655,0.045432936400175095,0.0,252.10084533691406,410.3053283691406,0.0
2026-07-15T11:01:09.647,0.046058569103479385,0.0,238.09524536132812,383.9285583496094,310.55902099609375
2026-07-15T11:01:20.905,0.04573813080787659,0.0,252.10084533691406,385.3046569824219,0.0
2026-07-15T11:01:24.648,0.046009745448827744,0.0,263.15789794921875,430.8617248535156,323.6246032714844
2026-07-15T11:14:44.465,0.04550313577055931,0.0,260.86956787109375,371.9723205566406,0.0
2026-07-15T11:14:45.326,0.04507280886173248,0.0,252.10084533691406,411.87738037109375,0.0
2026-07-15T11:14:51.957,0.04495074227452278,0.0,270.270263671875,419.1033020019531,0.0
2026-07-15T11:15:01.135,0.04440446197986603,0.0,270.270263671875,418.2879333496094,0.0
2026-07-15T11:15:03.957,0.04557637870311737,0.0,265.4867248535156,401.1194152832031,299.40118408203125
2026-07-15T11:15:12.960,0.04548788070678711,0.0,263.15789794921875,418.2879333496094,297.6190490722656
2026-07-15T11:15:17.469,0.04668114334344864,0.0,256.4102478027344,419.921875,309.5975341796875
2026-07-15T11:15:21.223,0.045173536986112595,0.0,272.7272644042969,418.2879333496094,297.6190490722656
2026-07-15T11:15:22.868,0.04531698301434517,0.0,250.0,427.4353942871094,330.0329895019531
2026-07-15T11:15:40.738,0.04581747576594353,0.0,265.4867248535156,423.22833251953125,301.204833984375
2026-07-15T11:15:42.995,0.04513995721936226,0.0,265.4867248535156,391.6211242675781,0.0
2026-07-15T11:15:49.163,0.04423050954937935,0.0,250.0,414.2581787109375,323.6246032714844
2026-07-15T11:15:59.657,0.04640647768974304,0.0,243.90243530273438,367.5213623046875,298.5074768066406
2026-07-15T11:16:04.752,0.044657763093709946,0.0,212.76596069335938,298.19696044921875,0.0
2026-07-15T11:16:12.256,0.04459673911333084,0.0,243.90243530273438,404.1353454589844,318.4713439941406
2026-07-15T11:16:22.761,0.04542379453778267,0.0,0.0,0.0,317.4603271484375
2026-07-15T11:16:23.476,0.047877468168735504,0.0,275.2293701171875,417.4757385253906,321.54339599609375
2026-07-15T11:16:34.007,0.04555501416325569,0.0,252.10084533691406,399.6282653808594,307.69232177734375
2026-07-15T11:16:35.669,0.04563436657190323,0.0,270.270263671875,426.5873107910156,312.5
2026-07-15T11:19:54.594,0.044758476316928864,0.0,256.4102478027344,421.5686340332031,315.4574279785156
2026-07-15T11:20:00.443,0.04501178860664368,0.0,265.4867248535156,424.0631103515625,0.0
2026-07-15T11:20:03.453,0.04484393075108528,0.0,258.6206970214844,429.1417236328125,313.4796142578125
2026-07-15T11:20:07.199,0.045304764062166214,0.0,258.6206970214844,428.286865234375,324.6753234863281
2026-07-15T11:22:59.118,0.044950757175683975,0.0,258.6206970214844,412.6679382324219,631.0679321289062
2026-07-15T11:23:03.623,0.045921240001916885,0.0,250.0,422.3968505859375,0.0
2026-07-15T11:23:05.273,0.044804248958826065,0.0,254.23728942871094,420.74365234375,0.0
2026-07-15T11:23:11.123,0.0448836050927639,0.0,272.7272644042969,424.0631103515625,625.0
2026-07-15T11:23:31.497,0.04537494480609894,0.0,265.4867248535156,435.2226867675781,619.047607421875
2026-07-15T11:23:33.145,0.045194901525974274,0.0,272.7272644042969,398.8868408203125,566.8604736328125
2026-07-15T11:23:34.558,0.044401418417692184,0.0,258.6206970214844,404.1353454589844,0.0
2026-07-15T11:31:19.698,0.04449296370148659,0.0,260.86956787109375,423.22833251953125,639.34423828125
2026-07-15T11:31:21.329,0.04465775936841965,0.0,254.23728942871094,425.7425842285156,615.1419677734375
2026-07-15T11:31:22.589,0.04476458206772804,0.0,256.4102478027344,429.1417236328125,0.0
2026-07-15T11:31:55.008,0.04520709440112114,0.0,254.23728942871094,426.5873107910156,0.0
2026-07-15T11:31:57.269,0.04621726647019386,0.0,252.10084533691406,415.05792236328125,607.4766235351562
2026-07-15T11:32:03.437,0.04501482844352722,0.0,254.23728942871094,401.1194152832031,601.8518676757812
2026-07-15T11:32:30.399,0.04579306021332741,0.0,250.0,412.6679382324219,590.9091186523438
2026-07-15T11:32:32.078,0.04438615217804909,0.0,260.86956787109375,417.4757385253906,0.0
2026-07-15T11:32:37.912,0.045313917100429535,0.0,256.4102478027344,401.1194152832031,0.0
2026-07-15T11:32:45.570,0.04534444957971573,0.0,247.9338836669922,422.3968505859375,585.5855712890625
2026-07-15T11:32:46.838,0.04491107165813446,0.0,254.23728942871094,396.678955078125,576.923095703125
2026-07-15T11:32:48.248,0.044669970870018005,0.0,263.15789794921875,420.74365234375,0.0
2026-07-15T11:32:57.419,0.04487750679254532,0.0,243.90243530273438,424.0631103515625,641.4473876953125
2026-07-15T11:32:58.258,0.04473406448960304,0.0,263.15789794921875,424.0631103515625,0.0
2026-07-15T11:33:01.168,0.04459978640079498,0.0,258.6206970214844,407.19696044921875,521.390380859375
2026-07-15T11:33:06.431,0.044773735105991364,0.0,263.15789794921875,428.286865234375,629.0322875976562
2026-07-15T11:33:30.586,0.046208109706640244,0.0,270.270263671875,415.05792236328125,592.7051391601562
2026-07-15T11:33:34.327,0.04485613852739334,0.0,275.2293701171875,424.90118408203125,587.3494262695312
2026-07-15T11:33:38.833,0.04448991268873215,0.0,252.10084533691406,408.7452392578125,0.0
2026-07-15T11:33:42.706,0.04507281631231308,0.0,258.6206970214844,428.286865234375,665.5289916992188
2026-07-15T11:33:51.582,0.04465165734291077,0.0,254.23728942871094,407.19696044921875,615.1419677734375
2026-07-15T11:33:53.201,0.044743217527866364,0.0,245.90164184570312,424.90118408203125,637.2548828125
2026-07-15T11:34:33.129,0.04510027915239334,0.0,260.86956787109375,439.67279052734375,0.0
2026-07-15T11:34:36.116,0.045081961899995804,0.0,272.7272644042969,419.921875,594.51220703125
2026-07-15T11:34:39.861,0.0463729090988636,0.0,267.8571472167969,400.3724365234375,565.2174072265625
2026-07-15T11:34:45.715,0.044550951570272446,0.0,260.86956787109375,430.8617248535156,667.8082275390625
2026-07-15T11:34:47.373,0.04563741758465767,0.0,254.23728942871094,430.8617248535156,637.2548828125
2026-07-15T11:34:48.627,0.045146070420742035,0.0,256.4102478027344,424.90118408203125,0.0
2026-07-15T11:34:56.214,0.04899442195892334,0.0,254.23728942871094,413.4615478515625,623.003173828125
2026-07-15T11:35:02.378,0.0448988638818264,0.0,265.4867248535156,418.2879333496094,600.0
2026-07-15T11:35:04.592,0.04524676874279976,0.0,254.23728942871094,426.5873107910156,637.2548828125
2026-07-15T11:35:24.721,0.04634544253349304,0.0,270.270263671875,0.0,637.2548828125
2026-07-15T11:35:25.400,0.04504840821027756,0.0,270.270263671875,425.7425842285156,654.3624267578125
2026-07-15T11:35:29.228,0.04484698176383972,0.0,272.7272644042969,412.6679382324219,598.1594848632812
2026-07-15T11:35:32.970,0.04557332023978233,0.0,260.86956787109375,390.19964599609375,565.2174072265625
2026-07-15T11:35:34.619,0.04572897031903267,0.0,260.86956787109375,443.2989807128906,633.1168823242188
2026-07-15T11:35:39.747,0.04521625488996506,0.0,265.4867248535156,410.3053283691406,590.9091186523438
2026-07-15T11:35:41.363,0.04558553174138069,0.0,252.10084533691406,425.7425842285156,621.0191040039062
2026-07-15T11:35:44.242,0.044560108333826065,0.0,254.23728942871094,436.10546875,647.8405151367188
2026-07-15T11:35:46.485,0.04529866203665733,0.0,277.77777099609375,428.286865234375,0.0
2026-07-15T11:36:00.735,0.045207105576992035,0.0,256.4102478027344,412.6679382324219,625.0
2026-07-15T11:36:02.362,0.0462203212082386,0.0,263.15789794921875,434.34344482421875,629.0322875976562
2026-07-15T11:36:25.580,0.045930396765470505,0.0,258.6206970214844,425.7425842285156,627.0096435546875
2026-07-15T11:36:27.244,0.04553670436143875,0.0,260.86956787109375,417.4757385253906,607.4766235351562
2026-07-15T11:36:34.744,0.044691335409879684,0.0,265.4867248535156,429.1417236328125,637.2548828125
2026-07-15T11:36:35.991,0.04636375606060028,0.0,272.7272644042969,409.5238037109375,0.0
2026-07-15T11:36:43.588,0.0448988638818264,0.0,260.86956787109375,411.87738037109375,603.7151489257812
2026-07-15T11:36:45.236,0.04496295005083084,0.0,256.4102478027344,411.87738037109375,592.7051391601562
2026-07-15T11:36:52.733,0.04573506861925125,0.0,267.8571472167969,407.9696350097656,560.3448486328125
2026-07-15T11:36:54.139,0.046256937086582184,0.0,247.9338836669922,417.4757385253906,0.0
2026-07-15T11:36:59.485,0.04541158303618431,0.0,270.270263671875,434.34344482421875,663.2653198242188
2026-07-15T11:37:05.329,0.04457230865955353,0.0,260.86956787109375,419.1033020019531,617.088623046875
2026-07-15T11:37:59.501,0.04447160288691521,0.0,252.10084533691406,418.2879333496094,631.0679321289062
2026-07-15T11:38:01.114,0.04437699168920517,0.0,258.6206970214844,430.0,623.003173828125
2026-07-15T11:38:22.806,0.046058569103479385,0.0,275.2293701171875,436.10546875,639.34423828125
2026-07-15T11:38:26.556,0.0463729053735733,0.0,260.86956787109375,417.4757385253906,613.20751953125
2026-07-15T11:38:32.543,0.0449904166162014,0.0,0.0,0.0,621.0191040039062
2026-07-15T11:38:33.255,0.045197948813438416,0.0,258.6206970214844,432.5955810546875,0.0
2026-07-15T11:38:42.321,0.046272195875644684,0.0,245.90164184570312,0.0,0.0
2026-07-15T11:38:43.003,0.046272195875644684,0.0,245.90164184570312,414.2581787109375,631.0679321289062
2026-07-15T11:38:49.816,0.04445330798625946,0.0,265.4867248535156,437.8818664550781,665.5289916992188
2026-07-15T11:38:55.209,0.045121654868125916,0.0,260.86956787109375,430.8617248535156,643.5643310546875
2026-07-15T11:39:00.320,0.04476763308048248,0.0,258.6206970214844,416.6666564941406,576.923095703125
2026-07-15T11:39:01.936,0.04511860013008118,0.0,254.23728942871094,410.3053283691406,587.3494262695312
2026-07-15T11:39:59.571,0.04570455104112625,0.0,270.270263671875,430.0,623.003173828125
2026-07-15T11:40:01.820,0.044621143490076065,0.0,277.77777099609375,425.7425842285156,594.51220703125
2026-07-15T11:40:24.377,0.04600974917411804,0.0,275.2293701171875,438.7755126953125,613.20751953125
2026-07-15T11:40:25.992,0.04504229873418808,0.0,263.15789794921875,431.7268981933594,637.2548828125
2026-07-15T11:41:01.254,0.04469439014792442,0.0,285.71429443359375,430.8617248535156,594.51220703125
2026-07-15T11:41:02.915,0.04606466740369797,0.0,275.2293701171875,424.0631103515625,621.0191040039062
2026-07-15T11:41:12.512,0.045359693467617035,0.0,250.0,382.5622863769531,0.0
2026-07-15T11:41:15.511,0.04482560604810715,0.0,265.4867248535156,415.05792236328125,627.0096435546875
2026-07-15T11:41:45.869,0.044569265097379684,0.0,260.86956787109375,398.8868408203125,592.7051391601562
2026-07-15T11:41:47.532,0.04517658054828644,0.0,280.37384033203125,446.9854431152344,625.0
2026-07-15T11:41:54.108,0.04458454251289368,0.0,272.7272644042969,433.4677429199219,637.2548828125
2026-07-15T11:42:03.115,0.04567098617553711,0.0,267.8571472167969,445.13458251953125,631.0679321289062
2026-07-15T13:27:40.428,0.04479815065860748,0.0,258.6206970214844,436.10546875,0.0
2026-07-15T13:27:44.317,0.04640953242778778,0.0,230.76922607421875,411.87738037109375,629.0322875976562
2026-07-15T13:27:51.050,0.04606771841645241,0.0,250.0,0.0,647.8405151367188
2026-07-15T13:27:52.295,0.04518268629908562,0.0,234.375,420.74365234375,627.0096435546875
2026-07-15T13:27:59.216,0.04573202505707741,0.0,245.90164184570312,10750.0,0.0
2026-07-15T13:27:59.832,0.048265017569065094,0.0,245.90164184570312,10750.0,645.6953735351562
2026-07-15T13:28:06.101,0.04498126357793808,0.0,254.23728942871094,0.0,0.0
2026-07-15T13:28:07.355,0.04498126357793808,0.0,243.90243530273438,0.0,643.5643310546875
2026-07-15T13:28:08.617,0.04653161019086838,0.0,243.90243530273438,415.8607482910156,617.088623046875
2026-07-15T13:28:30.246,0.0446852445602417,0.0,250.0,435.2226867675781,600.0
2026-07-15T13:28:36.858,0.044709645211696625,0.0,270.270263671875,437.8818664550781,625.0
2026-07-15T13:28:39.113,0.0460677295923233,0.0,0.0,0.0,663.2653198242188
2026-07-15T13:28:39.807,0.045274242758750916,0.0,243.90243530273438,424.0631103515625,0.0
2026-07-15T13:28:46.635,0.04484393075108528,0.0,254.23728942871094,445.13458251953125,0.0
2026-07-15T13:28:47.459,0.047029048204422,0.0,247.9338836669922,440.5737609863281,0.0
2026-07-15T13:28:56.441,0.04565572738647461,0.0,222.22222900390625,0.0,607.4766235351562
2026-07-15T13:28:57.152,0.04515521600842476,0.0,222.22222900390625,424.90118408203125,641.4473876953125
2026-07-15T13:28:59.439,0.04536274075508118,0.0,241.93548583984375,404.1353454589844,594.51220703125
2026-07-15T13:29:06.935,0.04479507356882095,0.0,254.23728942871094,435.2226867675781,623.003173828125
2026-07-15T13:30:31.060,0.04658348858356476,0.0,252.10084533691406,441.47845458984375,621.0191040039062
2026-07-15T13:30:33.462,0.04622947797179222,0.0,263.15789794921875,434.34344482421875,633.1168823242188
2026-07-15T13:30:34.728,0.0465865321457386,0.0,243.90243530273438,429.1417236328125,645.6953735351562
2026-07-15T13:30:37.227,0.04544819891452789,0.0,238.09524536132812,436.10546875,652.1738891601562
2026-07-15T13:30:40.994,0.045439038425683975,0.0,247.9338836669922,425.7425842285156,623.003173828125
2026-07-15T13:30:43.117,0.044523488730192184,0.0,247.9338836669922,413.4615478515625,605.590087890625
2026-07-15T13:30:45.543,0.045295607298612595,0.0,260.86956787109375,436.10546875,670.1030883789062
2026-07-15T13:30:47.630,0.04537191241979599,0.0,243.90243530273438,436.10546875,631.0679321289062
2026-07-15T13:30:50.651,0.044727955013513565,0.0,260.86956787109375,411.0898742675781,557.1428833007812
2026-07-15T13:30:54.396,0.04451128840446472,0.0,250.0,430.0,639.34423828125
2026-07-15T13:32:07.356,0.04550619050860405,0.0,243.90243530273438,418.2879333496094,637.2548828125
2026-07-15T13:32:09.012,0.044514331966638565,0.0,254.23728942871094,437.8818664550781,0.0
2026-07-15T13:32:12.759,0.044779833406209946,0.0,232.55813598632812,419.921875,627.0096435546875
2026-07-15T13:32:15.618,0.04500872269272804,0.0,236.22047424316406,415.8607482910156,596.3302612304688
2026-07-15T13:32:21.624,0.04549703747034073,0.0,241.93548583984375,415.05792236328125,0.0
2026-07-15T13:32:25.390,0.045173536986112595,0.0,256.4102478027344,430.0,589.1238403320312
2026-07-15T13:32:27.023,0.04547262564301491,0.0,0.0,0.0,629.0322875976562
2026-07-15T13:32:28.268,0.04551840201020241,0.0,240.0,429.1417236328125,615.1419677734375
2026-07-15T13:32:57.161,0.04624473676085472,0.0,247.9338836669922,432.5955810546875,641.4473876953125
2026-07-15T13:33:01.687,0.04560690373182297,0.0,258.6206970214844,415.8607482910156,607.4766235351562
2026-07-15T13:33:04.527,0.04515521600842476,0.0,247.9338836669922,432.5955810546875,641.4473876953125
2026-07-15T13:33:09.975,0.04558859393000603,0.0,250.0,422.3968505859375,0.0
2026-07-15T13:33:15.081,0.04481341689825058,0.0,232.55813598632812,430.0,645.6953735351562
2026-07-15T13:33:16.720,0.0445479117333889,0.0,245.90164184570312,426.5873107910156,609.375
2026-07-15T13:33:24.261,0.044691335409879684,0.0,258.6206970214844,426.5873107910156,631.0679321289062
2026-07-15T13:33:25.509,0.044727955013513565,0.0,265.4867248535156,434.34344482421875,641.4473876953125
2026-07-15T13:33:30.865,0.04552144557237625,0.0,250.0,431.7268981933594,0.0
2026-07-15T13:33:33.114,0.04470659792423248,0.0,247.9338836669922,436.10546875,0.0
2026-07-15T13:34:04.079,0.04598227143287659,0.0,258.6206970214844,446.05810546875,0.0
2026-07-15T13:34:06.968,0.044685229659080505,0.0,254.23728942871094,420.74365234375,605.590087890625
2026-07-15T13:34:08.598,0.04544210061430931,0.0,236.22047424316406,438.7755126953125,0.0
2026-07-15T13:34:14.468,0.04552754759788513,0.0,250.0,429.1417236328125,645.6953735351562
2026-07-15T13:34:17.474,0.04507587105035782,0.0,254.23728942871094,442.3868408203125,621.0191040039062
2026-07-15T13:34:19.142,0.04633933678269386,0.0,263.15789794921875,430.0,0.0
2026-07-15T13:34:27.974,0.04534138739109039,0.0,263.15789794921875,440.5737609863281,631.0679321289062
2026-07-15T13:34:31.729,0.04492328315973282,0.0,0.0,0.0,544.6927490234375
2026-07-15T13:34:32.424,0.04514910653233528,0.0,250.0,444.2148742675781,641.4473876953125
2026-07-15T13:34:35.479,0.0452193059027195,0.0,247.9338836669922,393.0530090332031,607.4766235351562
2026-07-15T13:38:58.385,0.046177592128515244,0.0,0.0,0.0,592.7051391601562
2026-07-15T13:38:59.070,0.045258983969688416,0.0,240.0,429.1417236328125,0.0
2026-07-15T13:39:03.634,0.044727958738803864,0.0,265.4867248535156,436.10546875,611.2852783203125
2026-07-15T13:39:05.875,0.04464860260486603,0.0,247.9338836669922,438.7755126953125,677.0833129882812
2026-07-15T13:39:08.875,0.0462508387863636,0.0,250.0,428.286865234375,637.2548828125
2026-07-15T13:39:10.503,0.044639453291893005,0.0,236.22047424316406,411.87738037109375,603.7151489257812
2026-07-15T13:39:12.636,0.04512165114283562,0.0,240.0,411.87738037109375,0.0
2026-07-15T13:39:15.037,0.04538717120885849,0.0,247.9338836669922,414.2581787109375,0.0
2026-07-15T13:39:17.888,0.04632408544421196,0.0,238.09524536132812,428.286865234375,0.0
2026-07-15T13:39:20.131,0.0449141263961792,0.0,256.4102478027344,431.7268981933594,629.0322875976562
2026-07-15T13:49:14.694,0.04581136628985405,0.0,245.90164184570312,427.4353942871094,611.2852783203125
2026-07-15T13:49:19.951,0.04445024952292442,0.0,238.09524536132812,417.4757385253906,623.003173828125
2026-07-15T13:49:22.973,0.04579306021332741,0.0,243.90243530273438,373.2638854980469,589.1238403320312
2026-07-15T13:49:29.722,0.04451434314250946,0.0,232.55813598632812,0.0,0.0
2026-07-15T13:49:40.234,0.04593038931488991,0.0,211.26760864257812,395.2205810546875,0.0
2026-07-15T13:49:48.473,0.04524983465671539,0.0,225.56390380859375,409.5238037109375,637.2548828125
2026-07-15T13:49:50.720,0.0447920560836792,0.0,250.0,414.2581787109375,596.3302612304688
2026-07-15T13:50:01.239,0.04891198128461838,0.0,240.0,400.3724365234375,629.0322875976562
2026-07-15T13:51:07.505,0.04499957710504532,0.0,243.90243530273438,437.8818664550781,633.1168823242188
2026-07-15T13:51:09.928,0.046275246888399124,0.0,243.90243530273438,404.1353454589844,571.8475341796875
2026-07-15T13:51:32.554,0.04507281631231308,0.0,243.90243530273438,0.0,0.0
2026-07-15T13:51:33.238,0.044593680649995804,0.0,243.90243530273438,432.5955810546875,635.1791381835938
2026-07-15T13:51:59.678,0.04462113976478577,0.0,236.22047424316406,413.4615478515625,0.0
2026-07-15T13:52:03.428,0.04468828812241554,0.0,247.9338836669922,438.7755126953125,619.047607421875
2026-07-15T13:52:11.710,0.04492633417248726,0.0,241.93548583984375,404.1353454589844,589.1238403320312
2026-07-15T13:52:13.967,0.0459456592798233,0.0,230.76922607421875,394.49542236328125,611.2852783203125
2026-07-15T13:52:35.924,0.044819507747888565,0.0,212.76596069335938,374.564453125,605.590087890625
2026-07-15T13:52:37.177,0.045985326170921326,0.0,214.2857208251953,385.3046569824219,585.5855712890625
2026-07-15T13:52:42.563,0.04494159296154976,0.0,236.22047424316406,390.19964599609375,0.0
2026-07-15T13:52:51.772,0.04534139111638069,0.0,256.4102478027344,0.0,0.0
2026-07-15T13:52:53.024,0.04988554120063782,0.0,245.90164184570312,417.4757385253906,629.0322875976562
2026-07-15T13:52:59.838,0.04469440132379532,0.0,229.00762939453125,386.6906433105469,621.0191040039062
2026-07-15T13:53:41.505,0.04451127350330353,0.0,229.00762939453125,0.0,605.590087890625
2026-07-15T13:53:42.189,0.04474017024040222,0.0,243.90243530273438,408.7452392578125,0.0
2026-07-15T13:53:47.656,0.045216258615255356,0.0,236.22047424316406,417.4757385253906,625.0
2026-07-15T13:53:49.754,0.044691335409879684,0.0,234.375,425.7425842285156,605.590087890625
2026-07-15T13:53:57.388,0.04496905952692032,0.0,260.86956787109375,431.7268981933594,631.0679321289062
2026-07-15T13:53:58.639,0.04506061226129532,0.0,240.0,411.87738037109375,601.8518676757812
2026-07-15T13:54:09.452,0.04481340944766998,0.0,252.10084533691406,431.7268981933594,607.4766235351562
2026-07-15T13:54:11.561,0.04495685175061226,0.0,245.90164184570312,415.05792236328125,575.2212524414062
2026-07-15T13:54:53.743,0.04486224055290222,0.0,0.0,0.0,633.1168823242188
2026-07-15T13:54:54.422,0.046177592128515244,0.0,245.90164184570312,436.99188232421875,0.0
2026-07-15T13:55:01.251,0.04564962908625603,0.0,241.93548583984375,419.921875,600.0
2026-07-15T13:55:03.656,0.044651664793491364,0.0,247.9338836669922,416.6666564941406,621.0191040039062
2026-07-15T13:55:13.276,0.04595175385475159,0.0,238.09524536132812,0.0,0.0
2026-07-15T13:55:14.004,0.04823751747608185,0.0,229.00762939453125,419.1033020019531,0.0
2026-07-15T13:55:20.803,0.046101298183202744,0.0,250.0,436.99188232421875,637.2548828125
2026-07-15T13:55:22.469,0.04458452761173248,0.0,254.23728942871094,409.5238037109375,0.0
2026-07-15T13:55:30.558,0.04452958703041077,0.0,223.88059997558594,0.0,631.0679321289062
2026-07-15T13:55:31.242,0.04487445205450058,0.0,223.88059997558594,388.7884216308594,476.7726135253906
2026-07-15T13:55:53.806,0.04537191987037659,0.0,236.22047424316406,429.1417236328125,0.0
2026-07-15T13:55:56.066,0.04462725296616554,0.0,247.9338836669922,414.2581787109375,611.2852783203125
2026-07-15T13:55:57.695,0.04501177370548248,0.0,243.90243530273438,415.8607482910156,601.8518676757812
2026-07-15T13:56:06.560,0.048463400453329086,0.0,254.23728942871094,6515.1513671875,0.0
2026-07-15T13:56:33.613,0.04601278156042099,0.0,243.90243530273438,439.67279052734375,0.0
2026-07-15T13:56:35.254,0.04452958703041077,0.0,243.90243530273438,419.1033020019531,0.0
2026-07-15T13:57:00.006,0.045899879187345505,0.0,252.10084533691406,436.10546875,677.0833129882812
2026-07-15T13:57:03.023,0.0445479117333889,0.0,236.22047424316406,404.89642333984375,617.088623046875
2026-07-15T13:57:29.310,0.04488056153059006,0.0,240.0,0.0,667.8082275390625
2026-07-15T13:57:30.021,0.04525288939476013,0.0,240.0,422.3968505859375,623.003173828125
2026-07-15T13:58:00.199,0.04477984830737114,0.0,254.23728942871094,0.0,698.9247436523438
2026-07-15T13:58:00.909,0.04544820263981819,0.0,254.23728942871094,420.74365234375,645.6953735351562
2026-07-15T13:58:21.317,0.0451277531683445,0.0,240.0,0.0,691.4893798828125
2026-07-15T13:58:22.013,0.04573812335729599,0.0,240.0,420.74365234375,652.1738891601562
2026-07-15T13:58:40.230,0.04466691613197327,0.0,245.90164184570312,0.0,652.1738891601562
2026-07-15T13:58:40.940,0.045902930200099945,0.0,245.90164184570312,423.22833251953125,607.4766235351562
2026-07-15T13:58:50.168,0.04629051685333252,0.0,0.0,0.0,631.0679321289062
2026-07-15T13:58:51.419,0.048283323645591736,0.0,254.23728942871094,433.4677429199219,639.34423828125
2026-07-15T13:59:15.573,0.04523152485489845,0.0,225.56390380859375,390.9090881347656,605.590087890625
2026-07-15T13:59:17.829,0.045298658311367035,0.0,247.9338836669922,430.0,658.7838134765625
2026-07-15T13:59:23.977,0.0451582670211792,0.0,241.93548583984375,421.5686340332031,609.375
2026-07-15T13:59:28.513,0.044566210359334946,0.0,240.0,425.7425842285156,596.3302612304688
2026-07-15T13:59:32.840,0.04524983465671539,0.0,209.7902069091797,371.3298645019531,590.9091186523438
2026-07-15T13:59:34.463,0.04472491890192032,0.0,196.07843017578125,279.9479064941406,525.6064453125
2026-07-15T13:59:55.588,0.04595175385475159,0.0,230.76922607421875,0.0,0.0
2026-07-15T13:59:56.845,0.04528340324759483,0.0,245.90164184570312,429.1417236328125,619.047607421875
2026-07-15T13:59:58.092,0.04581441730260849,0.0,240.0,418.2879333496094,0.0
2026-07-15T14:00:03.108,0.04504840821027756,0.0,250.0,394.49542236328125,0.0
2026-07-15T14:00:41.367,0.044691335409879684,0.0,234.375,424.0631103515625,635.1791381835938
2026-07-15T14:00:43.612,0.045970067381858826,0.0,243.90243530273438,436.10546875,663.2653198242188
2026-07-15T14:00:49.780,0.04633628949522972,0.0,240.0,415.05792236328125,609.375
2026-07-15T14:00:56.522,0.04631185531616211,0.0,247.9338836669922,422.3968505859375,0.0
2026-07-15T14:00:57.930,0.044450245797634125,0.0,243.90243530273438,439.67279052734375,0.0
2026-07-15T14:01:00.273,0.04449297487735748,0.0,236.22047424316406,425.7425842285156,639.34423828125
2026-07-15T14:01:04.052,0.04616539180278778,0.0,258.6206970214844,443.2989807128906,621.0191040039062
2026-07-15T14:01:09.905,0.044853076338768005,0.0,247.9338836669922,436.99188232421875,0.0
2026-07-15T14:01:11.559,0.04535969719290733,0.0,247.9338836669922,425.7425842285156,0.0
2026-07-15T14:01:13.650,0.045143019407987595,0.0,232.55813598632812,436.10546875,592.7051391601562
2026-07-15T14:09:14.912,0.04580526798963547,0.0,234.375,411.87738037109375,607.4766235351562
2026-07-15T14:09:19.589,0.04569540172815323,0.0,230.76922607421875,398.1481628417969,609.375
2026-07-15T14:09:22.426,0.04496600478887558,0.0,247.9338836669922,425.7425842285156,629.0322875976562
2026-07-15T14:09:27.880,0.045301709324121475,0.0,240.0,404.89642333984375,627.0096435546875
2026-07-15T14:09:33.818,0.04660790413618088,0.0,254.23728942871094,447.9166564941406,0.0
2026-07-15T14:09:36.714,0.04573813080787659,0.0,247.9338836669922,426.5873107910156,600.0
2026-07-15T14:09:37.569,0.04504534602165222,0.0,245.90164184570312,420.74365234375,0.0
2026-07-15T14:09:40.465,0.04502703621983528,0.0,232.55813598632812,399.6282653808594,592.7051391601562
2026-07-15T14:09:44.208,0.04553670063614845,0.0,217.3913116455078,404.1353454589844,601.8518676757812
2026-07-15T14:09:50.972,0.04478900507092476,0.0,260.86956787109375,423.22833251953125,605.590087890625
2026-07-15T14:10:39.042,0.04542684182524681,0.0,240.0,419.1033020019531,654.3624267578125
2026-07-15T14:10:42.046,0.045967016369104385,0.0,245.90164184570312,428.286865234375,598.1594848632812
2026-07-15T14:10:44.446,0.04564047232270241,0.0,229.00762939453125,407.9696350097656,611.2852783203125
2026-07-15T14:10:46.536,0.04532612860202789,0.0,232.55813598632812,374.564453125,0.0
2026-07-15T14:10:48.202,0.044639457017183304,0.0,236.22047424316406,390.19964599609375,0.0
2026-07-15T14:10:57.046,0.045295607298612595,0.0,260.86956787109375,0.0,613.20751953125
2026-07-15T14:10:57.770,0.047315917909145355,0.0,238.09524536132812,420.74365234375,0.0
2026-07-15T14:11:08.359,0.044618092477321625,0.0,241.93548583984375,427.4353942871094,627.0096435546875
2026-07-15T14:11:10.759,0.0462203174829483,0.0,230.76922607421875,411.0898742675781,600.0
2026-07-15T14:13:44.533,0.04653160646557808,0.0,0.0,0.0,0.0
2026-07-15T14:13:45.225,0.04590290039777756,0.0,229.00762939453125,409.5238037109375,0.0
2026-07-15T14:13:49.028,0.04580831900238991,0.0,245.90164184570312,428.286865234375,589.1238403320312
2026-07-15T14:13:51.289,0.04485613852739334,0.0,250.0,419.921875,623.003173828125
2026-07-15T14:13:52.912,0.04553365707397461,0.0,252.10084533691406,434.34344482421875,605.590087890625
2026-07-15T14:13:58.041,0.045915137976408005,0.0,236.22047424316406,418.2879333496094,631.0679321289062
2026-07-15T14:13:59.652,0.046571284532547,0.0,236.22047424316406,400.3724365234375,633.1168823242188
2026-07-15T14:14:01.787,0.04604940861463547,0.0,234.375,390.9090881347656,0.0
2026-07-15T14:14:05.536,0.04533833637833595,0.0,250.0,398.1481628417969,0.0
2026-07-15T14:14:09.310,0.04499347135424614,0.0,236.22047424316406,407.19696044921875,596.3302612304688
2026-07-15T14:19:06.013,0.04435563459992409,0.0,247.9338836669922,430.0,0.0
2026-07-15T14:19:08.263,0.04464556276798248,0.0,254.23728942871094,418.2879333496094,598.1594848632812
2026-07-15T14:19:12.031,0.04492327570915222,0.0,247.9338836669922,420.74365234375,615.1419677734375
2026-07-15T14:19:23.302,0.04658043757081032,0.0,252.10084533691406,424.90118408203125,625.0
2026-07-15T14:19:25.705,0.04447771981358528,0.0,222.22222900390625,330.76922607421875,501.28533935546875
2026-07-15T14:19:26.955,0.0446852408349514,0.0,223.88059997558594,0.0,0.0
2026-07-15T14:19:35.438,0.04452349990606308,0.0,258.6206970214844,380.5309753417969,598.1594848632812
2026-07-15T14:19:45.848,0.046000584959983826,0.0,0.0,0.0,529.8912963867188
2026-07-15T14:19:46.580,0.04632103070616722,0.0,214.2857208251953,357.1428527832031,0.0
2026-07-15T14:19:59.345,0.04514911025762558,0.0,209.7902069091797,393.0530090332031,561.9596557617188
2026-07-15T14:20:03.840,0.04569540172815323,0.0,220.58824157714844,381.2056884765625,590.9091186523438
2026-07-15T14:20:12.250,0.04460284113883972,0.0,0.0,0.0,603.7151489257812
2026-07-15T14:20:13.487,0.04564047232270241,0.0,240.0,380.5309753417969,587.3494262695312
2026-07-15T14:20:14.753,0.044966015964746475,0.0,229.00762939453125,387.38739013671875,538.6740112304688
2026-07-15T14:20:22.597,0.04536885395646095,0.0,241.93548583984375,396.678955078125,0.0
2026-07-15T14:20:39.881,0.04468829184770584,0.0,247.9338836669922,389.4927673339844,580.3571166992188
2026-07-15T14:20:40.736,0.04476458951830864,0.0,229.00762939453125,407.19696044921875,0.0
2026-07-15T14:20:47.390,0.04508502036333084,0.0,227.27272033691406,391.6211242675781,609.375
2026-07-15T14:20:49.792,0.04643699526786804,0.0,256.4102478027344,411.87738037109375,592.7051391601562
2026-07-15T14:21:01.827,0.0464186891913414,0.0,243.90243530273438,414.2581787109375,585.5855712890625
2026-07-15T14:21:07.683,0.04580526426434517,0.0,238.09524536132812,354.20098876953125,521.390380859375
2026-07-15T14:21:10.700,0.046223368495702744,0.0,236.22047424316406,314.7876892089844,465.393798828125
2026-07-15T14:21:26.467,0.04555196315050125,0.0,243.90243530273438,375.2181396484375,580.3571166992188
2026-07-15T14:21:28.128,0.04484699293971062,0.0,238.09524536132812,385.3046569824219,0.0
2026-07-15T14:21:36.980,0.044676076620817184,0.0,243.90243530273438,410.3053283691406,592.7051391601562
2026-07-15T14:21:37.853,0.044917162507772446,0.0,238.09524536132812,407.19696044921875,0.0
2026-07-15T14:21:55.779,0.04484088346362114,0.0,250.0,419.1033020019531,0.0
2026-07-15T14:21:58.768,0.04609519615769386,0.0,230.76922607421875,380.5309753417969,571.8475341796875
2026-07-15T14:22:00.415,0.04638512060046196,0.0,250.0,376.53240966796875,580.3571166992188
2026-07-15T14:22:02.518,0.0461287647485733,0.0,236.22047424316406,406.4272155761719,0.0
2026-07-15T14:22:07.938,0.04528035596013069,0.0,234.375,411.87738037109375,615.1419677734375
2026-07-15T14:22:10.028,0.04491107910871506,0.0,252.10084533691406,407.9696350097656,598.1594848632812
2026-07-15T14:22:13.018,0.04579611122608185,0.0,232.55813598632812,412.6679382324219,587.3494262695312
2026-07-15T14:22:18.296,0.04506061226129532,0.0,247.9338836669922,406.4272155761719,617.088623046875
2026-07-15T14:22:20.548,0.04535360261797905,0.0,222.22222900390625,395.2205810546875,621.0191040039062
2026-07-15T14:22:24.289,0.04500873386859894,0.0,250.0,404.89642333984375,568.5131225585938
2026-07-15T14:23:34.141,0.04494769498705864,0.0,236.22047424316406,382.5622863769531,583.8323364257812
2026-07-15T14:23:36.406,0.04506365954875946,0.0,245.90164184570312,377.85589599609375,552.407958984375
2026-07-15T14:23:38.035,0.0464797206223011,0.0,234.375,419.921875,629.0322875976562
2026-07-15T14:23:39.297,0.046360697597265244,0.0,234.375,415.05792236328125,0.0
2026-07-15T14:23:43.898,0.04468827694654465,0.0,254.23728942871094,429.1417236328125,645.6953735351562
2026-07-15T14:23:46.910,0.04495380446314812,0.0,250.0,381.2056884765625,589.1238403320312
2026-07-15T14:23:48.530,0.044941581785678864,0.0,238.09524536132812,415.05792236328125,0.0
2026-07-15T14:23:52.281,0.04507281258702278,0.0,256.4102478027344,425.7425842285156,607.4766235351562
2026-07-15T14:23:54.398,0.04573813080787659,0.0,245.90164184570312,401.1194152832031,596.3302612304688
2026-07-15T14:23:56.032,0.045066703110933304,0.0,247.9338836669922,418.2879333496094,603.7151489257812
2026-07-15T14:25:05.906,0.04591207951307297,0.0,245.90164184570312,417.4757385253906,578.635009765625
2026-07-15T14:25:07.305,0.04544210433959961,0.0,245.90164184570312,422.3968505859375,0.0
2026-07-15T14:25:08.700,0.044810350984334946,0.0,236.22047424316406,416.6666564941406,0.0
2026-07-15T14:25:11.756,0.045768652111291885,0.0,254.23728942871094,399.6282653808594,568.5131225585938
2026-07-15T14:25:16.278,0.04489276558160782,0.0,247.9338836669922,392.33575439453125,590.9091186523438
2026-07-15T14:25:19.280,0.046144019812345505,0.0,260.86956787109375,435.2226867675781,619.047607421875
2026-07-15T14:25:20.896,0.04563130438327789,0.0,240.0,429.1417236328125,617.088623046875
2026-07-15T14:25:23.031,0.04466693475842476,0.0,247.9338836669922,410.3053283691406,609.375
2026-07-15T14:25:24.645,0.04460588097572327,0.0,241.93548583984375,419.921875,643.5643310546875
2026-07-15T14:25:28.284,0.046284399926662445,0.0,241.93548583984375,411.87738037109375,0.0
2026-07-15T14:25:55.493,0.04504230618476868,0.0,250.0,393.77288818359375,580.3571166992188
2026-07-15T14:25:56.743,0.04460589960217476,0.0,232.55813598632812,404.1353454589844,623.003173828125
2026-07-15T14:25:57.993,0.04516133293509483,0.0,211.26760864257812,398.1481628417969,603.7151489257812
2026-07-15T14:26:00.800,0.044731006026268005,0.0,250.0,421.5686340332031,589.1238403320312
2026-07-15T14:26:04.552,0.04553060606122017,0.0,247.9338836669922,418.2879333496094,582.0895385742188
2026-07-15T14:26:07.419,0.04499957710504532,0.0,245.90164184570312,395.2205810546875,0.0
2026-07-15T14:26:11.167,0.0461592823266983,0.0,236.22047424316406,374.564453125,573.5294189453125
2026-07-15T14:26:13.431,0.04513689875602722,0.0,238.09524536132812,393.77288818359375,601.8518676757812
2026-07-15T14:26:15.033,0.04444413632154465,0.0,238.09524536132812,416.6666564941406,639.34423828125
2026-07-15T14:26:20.355,0.04600973427295685,0.0,236.22047424316406,416.6666564941406,617.088623046875
2026-07-15T14:38:58.826,0.04497821256518364,0.0,241.93548583984375,412.6679382324219,575.2212524414062
2026-07-15T14:39:01.074,0.045344434678554535,0.0,238.09524536132812,417.4757385253906,607.4766235351562
2026-07-15T15:07:49.095,0.04615622013807297,0.0,291.26214599609375,458.42218017578125,647.8405151367188
2026-07-15T15:07:50.341,0.04512165114283562,0.0,254.23728942871094,463.362060546875,691.4893798828125
2026-07-15T15:07:59.471,0.045500077307224274,0.0,258.6206970214844,449.7908020019531,621.0191040039062
2026-07-15T15:08:01.704,0.04571064934134483,0.0,272.7272644042969,461.3733825683594,0.0
2026-07-15T15:09:10.991,0.0454024113714695,0.0,272.7272644042969,459.4017028808594,686.6196899414062
2026-07-15T15:09:13.106,0.04560079425573349,0.0,270.270263671875,486.42535400390625,684.2105102539062
2026-07-15T15:09:31.346,0.04549397900700569,0.0,277.77777099609375,430.0,0.0
2026-07-15T15:09:36.427,0.0452040433883667,0.0,270.270263671875,461.3733825683594,0.0
2026-07-15T15:11:27.650,0.045481763780117035,0.0,277.77777099609375,463.362060546875,674.740478515625
2026-07-15T15:11:29.904,0.04526203125715256,0.0,263.15789794921875,458.42218017578125,672.413818359375
2026-07-15T15:11:35.954,0.04510944336652756,0.0,272.7272644042969,455.50848388671875,625.0
2026-07-15T15:11:42.861,0.04526814445853233,0.0,275.2293701171875,479.91070556640625,722.2222290039062
2026-07-15T15:11:45.845,0.04568624868988991,0.0,263.15789794921875,470.45953369140625,706.521728515625
2026-07-15T15:11:50.944,0.04570760205388069,0.0,260.86956787109375,463.362060546875,703.9711303710938
2026-07-15T15:12:36.748,0.04656822234392166,0.0,270.270263671875,451.6806640625,661.0169677734375
2026-07-15T15:12:42.760,0.046061623841524124,0.0,0.0,0.0,670.1030883789062
2026-07-15T15:12:43.435,0.04591207951307297,0.0,265.4867248535156,468.4095764160156,677.0833129882812
2026-07-15T15:12:48.905,0.04484698921442032,0.0,272.7272644042969,490.8675842285156,689.0459594726562
2026-07-15T15:13:18.824,0.04577474668622017,0.0,254.23728942871094,0.0,0.0
2026-07-15T15:13:19.504,0.04685204103589058,0.0,254.23728942871094,456.4755859375,677.0833129882812
2026-07-15T15:13:24.181,0.0449446439743042,0.0,270.270263671875,454.5454406738281,0.0
2026-07-15T15:13:27.077,0.045381058007478714,0.0,285.71429443359375,468.4095764160156,670.1030883789062
2026-07-15T15:13:34.564,0.04665368050336838,0.0,270.270263671875,460.38543701171875,681.8181762695312
2026-07-15T15:13:36.833,0.046409521251916885,0.0,270.270263671875,464.36285400390625,701.4388427734375
2026-07-15T15:13:42.227,0.04609823599457741,0.0,260.86956787109375,452.631591796875,672.413818359375
2026-07-15T15:13:44.318,0.04607076942920685,0.0,280.37384033203125,474.6136779785156,714.2857055664062
2026-07-15T15:13:51.080,0.046137914061546326,0.0,263.15789794921875,479.91070556640625,679.4425048828125
2026-07-15T15:13:52.689,0.04568013548851013,0.0,275.2293701171875,496.5357971191406,696.4285888671875
2026-07-15T15:14:40.769,0.04490497708320618,0.0,275.2293701171875,471.4912414550781,693.9501953125
2026-07-15T15:14:42.867,0.04599142447113991,0.0,285.71429443359375,451.6806640625,0.0
2026-07-15T15:14:49.055,0.04568929225206375,0.0,285.71429443359375,487.5283508300781,724.9070434570312
2026-07-15T15:14:51.901,0.04596701264381409,0.0,256.4102478027344,451.6806640625,637.2548828125
2026-07-15T15:15:01.681,0.04606466740369797,0.0,263.15789794921875,444.2148742675781,0.0
2026-07-15T15:15:05.450,0.046363744884729385,0.0,283.01885986328125,480.9843444824219,677.0833129882812
2026-07-15T15:15:48.977,0.04503314942121506,0.0,275.2293701171875,449.7908020019531,654.3624267578125
2026-07-15T15:15:51.984,0.04701683670282364,0.0,250.0,452.631591796875,679.4425048828125
2026-07-15T15:16:23.488,0.04694359749555588,0.0,283.01885986328125,452.631591796875,665.5289916992188
2026-07-15T15:16:30.994,0.04683983698487282,0.0,267.8571472167969,464.36285400390625,674.740478515625
2026-07-15T15:16:32.624,0.04507587477564812,0.0,263.15789794921875,477.77777099609375,691.4893798828125
2026-07-15T15:16:38.523,0.04506976529955864,0.0,275.2293701171875,477.77777099609375,0.0
2026-07-15T15:16:40.923,0.04500873386859894,0.0,280.37384033203125,468.4095764160156,650.0
2026-07-15T15:16:47.528,0.04515521600842476,0.0,277.77777099609375,482.0627746582031,714.2857055664062
2026-07-15T15:16:55.940,0.0460372120141983,0.0,0.0,0.0,686.6196899414062
2026-07-15T15:16:57.192,0.04696495831012726,0.0,267.8571472167969,471.4912414550781,689.0459594726562
2026-07-15T15:17:40.266,0.045551951974630356,0.0,288.4615478515625,480.9843444824219,691.4893798828125
2026-07-15T15:17:42.354,0.045500077307224274,0.0,272.7272644042969,475.6637268066406,689.0459594726562
2026-07-15T15:17:48.354,0.04529254883527756,0.0,272.7272644042969,497.6851806640625,706.521728515625
2026-07-15T15:17:49.978,0.04672691971063614,0.0,280.37384033203125,463.362060546875,681.8181762695312
2026-07-15T15:17:58.264,0.04608602449297905,0.0,275.2293701171875,475.6637268066406,696.4285888671875
2026-07-15T15:17:59.529,0.04655296728014946,0.0,283.01885986328125,463.362060546875,667.8082275390625
2026-07-15T15:18:07.117,0.04534442722797394,0.0,265.4867248535156,0.0,709.0908813476562
2026-07-15T15:18:07.799,0.050486717373132706,0.0,265.4867248535156,469.43231201171875,658.7838134765625
2026-07-15T15:18:12.502,0.04843287542462349,0.0,280.37384033203125,454.5454406738281,0.0
2026-07-15T15:19:21.571,0.04650108888745308,0.0,0.0,0.0,686.6196899414062
2026-07-15T15:19:22.148,0.04693140089511871,0.0,277.77777099609375,462.3656005859375,0.0
2026-07-15T15:19:24.568,0.04605856537818909,0.0,270.270263671875,470.45953369140625,681.8181762695312
2026-07-15T15:19:30.578,0.04563435912132263,0.0,258.6206970214844,470.45953369140625,689.0459594726562
2026-07-15T15:19:34.341,0.04676048830151558,0.0,256.4102478027344,446.9854431152344,643.5643310546875
2026-07-15T15:19:37.343,0.04574727639555931,0.0,265.4867248535156,459.4017028808594,689.0459594726562
2026-07-15T15:19:44.105,0.046290501952171326,0.0,263.15789794921875,475.6637268066406,693.9501953125
2026-07-15T15:19:57.675,0.0450362004339695,0.0,283.01885986328125,474.6136779785156,709.0908813476562
2026-07-15T15:19:58.575,0.04474016651511192,0.0,288.4615478515625,480.9843444824219,679.4425048828125
2026-07-15T15:19:59.982,0.04563741385936737,0.0,277.77777099609375,467.39129638671875,0.0
2026-07-15T15:20:59.354,0.0467086136341095,0.0,280.37384033203125,493.1192626953125,703.9711303710938
2026-07-15T15:21:01.485,0.04517047852277756,0.0,265.4867248535156,480.9843444824219,689.0459594726562
2026-07-15T15:21:08.224,0.04525592923164368,0.0,275.2293701171875,446.9854431152344,633.1168823242188
2026-07-15T15:21:15.735,0.04567098245024681,0.0,285.71429443359375,477.77777099609375,693.9501953125
2026-07-15T15:21:23.249,0.04581137001514435,0.0,270.270263671875,446.05810546875,670.1030883789062
2026-07-15T15:21:24.873,0.047032102942466736,0.0,280.37384033203125,475.6637268066406,701.4388427734375
2026-07-15T15:29:21.714,0.045609939843416214,0.0,280.37384033203125,459.4017028808594,672.413818359375
2026-07-15T15:29:23.362,0.046284399926662445,0.0,272.7272644042969,479.91070556640625,693.9501953125
2026-07-15T15:29:34.626,0.04493243619799614,0.0,272.7272644042969,480.9843444824219,703.9711303710938
2026-07-15T15:29:36.729,0.04582967609167099,0.0,267.8571472167969,452.631591796875,686.6196899414062
2026-07-15T15:29:42.013,0.04613790661096573,0.0,267.8571472167969,446.9854431152344,650.0
2026-07-15T15:29:52.528,0.04504535719752312,0.0,258.6206970214844,482.0627746582031,674.740478515625
2026-07-15T15:29:56.276,0.04494159296154976,0.0,252.10084533691406,458.42218017578125,691.4893798828125
2026-07-15T15:30:03.793,0.04507282376289368,0.0,285.71429443359375,478.84185791015625,0.0
2026-07-15T15:30:07.557,0.04513690993189812,0.0,265.4867248535156,451.6806640625,709.0908813476562
2026-07-15T15:30:15.084,0.04663841798901558,0.0,277.77777099609375,460.38543701171875,674.740478515625
2026-07-15T15:30:18.081,0.04558552801609039,0.0,258.6206970214844,452.631591796875,709.0908813476562
2026-07-15T15:30:22.612,0.04518268629908562,0.0,240.0,442.3868408203125,709.0908813476562
2026-07-15T15:30:25.031,0.04506365954875946,0.0,260.86956787109375,484.2342224121094,0.0
2026-07-15T16:41:21.313,0.04506366327404976,0.0,223.88059997558594,301.9662780761719,323.3830871582031
2026-07-15T16:41:22.927,0.04501483961939812,0.0,211.26760864257812,0.0,323.3830871582031
2026-07-15T16:41:24.337,0.045561108738183975,0.0,209.7902069091797,0.0,222.09567260742188
2026-07-15T16:41:27.465,0.04628440737724304,0.0,211.26760864257812,0.0,256.9169921875
2026-07-15T16:41:30.310,0.04522846266627312,0.0,220.58824157714844,278.1371154785156,0.0
2026-07-15T16:41:32.557,0.046552952378988266,0.0,234.375,293.3151550292969,320.1970520019531
2026-07-15T16:41:36.336,0.045143011957407,0.0,214.2857208251953,302.3909912109375,0.0
2026-07-15T16:41:37.956,0.046330176293849945,0.0,225.56390380859375,0.0,0.0
2026-07-15T16:41:42.353,0.04609518498182297,0.0,214.2857208251953,0.0,0.0
2026-07-15T16:41:44.615,0.04553668946027756,0.0,202.70269775390625,256.8697814941406,413.1355895996094
2026-07-15T16:42:17.150,0.0463729090988636,0.0,204.08163452148438,195.09982299804688,0.0
2026-07-15T16:42:18.827,0.046427831053733826,0.0,220.58824157714844,249.41995239257812,0.0
2026-07-15T16:42:57.069,0.04688560962677002,0.0,223.88059997558594,0.0,0.0
2026-07-15T16:42:58.733,0.046263035386800766,0.0,225.56390380859375,230.6866912841797,0.0
2026-07-15T16:43:12.940,0.04582662507891655,0.0,243.90243530273438,306.2677917480469,0.0
2026-07-15T16:43:18.064,0.04538410156965256,0.0,218.9781036376953,0.0,0.0
2026-07-15T16:43:27.080,0.04656517133116722,0.0,205.4794464111328,292.11956787109375,0.0
2026-07-15T16:43:33.088,0.04547566547989845,0.0,215.82733154296875,290.1484375,0.0
2026-07-15T16:43:44.361,0.045323070138692856,0.0,196.07843017578125,0.0,365.8536682128906
2026-07-15T16:43:56.547,0.0463729053735733,0.0,260.86956787109375,201.8779296875,0.0
2026-07-15T16:44:01.666,0.046321019530296326,0.0,204.08163452148438,244.04086303710938,263.5135192871094
2026-07-15T16:44:06.167,0.045915111899375916,0.0,172.41378784179688,210.371826171875,0.0
2026-07-15T16:46:39.466,0.04488971829414368,0.0,600.0,0.0,301.3910217285156
2026-07-15T16:46:40.867,0.04559468850493431,0.0,600.0,0.0,301.3910217285156
2026-07-16T09:30:45.802,0.04530780762434006,0.0,197.36842346191406,0.0,0.0
2026-07-16T09:30:54.206,0.051979076117277145,0.0,200.0,171.0421600341797,0.0
2026-07-16T09:30:59.321,0.0452193059027195,0.0,205.4794464111328,0.0,75.13147735595703
2026-07-16T09:31:03.817,0.04544208571314812,0.0,208.3333282470703,0.0,83.6820068359375
2026-07-16T09:31:12.240,0.04711449518799782,0.0,188.6792449951172,0.0,102.3541488647461
2026-07-16T09:31:17.338,0.04516131430864334,0.0,196.07843017578125,173.10789489746094,0.0
2026-07-16T09:31:21.086,0.04530475288629532,0.0,211.26760864257812,220.96607971191406,0.0
2026-07-16T09:34:47.921,0.04703209921717644,0.0,178.57142639160156,0.0,0.0
2026-07-16T09:34:53.180,0.04524067044258118,0.0,206.89654541015625,0.0,0.0
2026-07-16T09:34:58.430,0.045173529535532,0.0,174.41860961914062,0.0,97.56097412109375
2026-07-16T09:35:25.469,0.04600973427295685,0.0,93.1677017211914,0.0,117.37089538574219
2026-07-16T09:35:33.723,0.04504535719752312,0.0,283.01885986328125,0.0,117.37089538574219
2026-07-16T09:35:53.995,0.04571675881743431,0.0,175.4385986328125,155.79710388183594,0.0
2026-07-16T09:36:18.063,0.04588155448436737,0.0,352.941162109375,0.0,93.9849624633789
2026-07-16T09:37:04.676,0.04284798726439476,0.0,0.0,0.0,93.9849624633789
2026-07-16T09:37:08.569,0.0456465519964695,0.0,93.75,0.0,93.9849624633789
2026-07-16T09:37:10.688,0.04586324095726013,0.0,275.2293701171875,0.0,93.9849624633789
2026-07-16T09:37:11.397,0.0453108586370945,0.0,275.2293701171875,0.0,93.9849624633789
2026-07-16T09:37:17.643,0.04684288427233696,0.0,0.0,0.0,93.9849624633789
2026-07-16T09:37:29.517,0.04513995349407196,0.0,0.0,0.0,93.9849624633789
2026-07-16T09:37:48.419,0.04563435539603233,0.0,165.745849609375,0.0,93.9849624633789
2026-07-16T09:37:56.512,0.046409521251916885,0.0,160.4278106689453,0.0,93.9849624633789
2026-07-16T09:40:41.765,0.046577371656894684,0.0,125.0,0.0,0.0
2026-07-16T09:42:04.606,0.04548176750540733,0.0,15.0,0.0,0.0
2026-07-16T09:42:09.692,0.04495380073785782,0.0,138.88888549804688,190.09725952148438,0.0
2026-07-16T09:42:36.712,0.04588059335947037,0.0,1500.0,0.0,0.0
2026-07-16T09:42:37.303,0.046379007399082184,0.0,1500.0,0.0,0.0
2026-07-16T09:42:38.546,0.04544518142938614,0.0,0.0,446.05810546875,0.0
2026-07-16T09:42:41.351,0.045601099729537964,0.0,0.0,0.0,0.0
2026-07-16T09:42:42.603,0.04591817408800125,0.0,139.53488159179688,0.0,0.0
2026-07-16T09:42:43.852,0.04833759739995003,0.0,0.0,0.0,0.0
2026-07-16T09:42:45.103,0.04527422785758972,0.0,405.4053955078125,452.631591796875,0.0
2026-07-16T09:42:46.355,0.045612744987010956,0.0,0.0,598.8858032226562,0.0
2026-07-16T09:42:50.987,0.04672078415751457,0.0,0.0,0.0,0.0
2026-07-16T09:42:53.391,0.04508502036333084,0.0,42.134830474853516,485.3273010253906,346.020751953125
2026-07-16T09:43:04.668,0.04588765650987625,0.0,171.42857360839844,0.0,346.020751953125
2026-07-16T09:43:20.275,0.04526180401444435,0.0,0.0,0.0,346.020751953125
2026-07-16T09:43:20.969,0.04526180401444435,0.0,0.0,0.0,346.020751953125
2026-07-16T09:43:22.221,0.046314921230077744,0.0,1500.0,0.0,346.020751953125
2026-07-16T09:44:00.889,0.04677591845393181,0.0,0.0,549.8721313476562,0.0
2026-07-16T09:44:02.548,0.046150121837854385,0.0,128.75537109375,746.5277709960938,0.0
2026-07-16T09:44:03.804,0.046150121837854385,0.0,0.0,0.0,0.0
2026-07-16T09:44:05.070,0.04481487721204758,0.0,0.0,416.6666564941406,0.0
2026-07-16T09:44:07.643,0.04761841893196106,0.0,0.0,0.0,0.0
2026-07-16T09:44:25.649,0.04691307991743088,0.0,0.0,0.0,0.0
2026-07-16T09:44:27.900,0.04657041281461716,0.0,0.0,443.2989807128906,0.0
2026-07-16T09:44:31.636,0.04584319517016411,0.0,0.0,907.1729736328125,284.9002990722656
2026-07-16T09:44:37.642,0.04488055780529976,0.0,168.53932189941406,0.0,284.9002990722656
2026-07-16T09:45:00.904,0.04526203125715256,0.0,222.22222900390625,0.0,50.0
2026-07-16T09:45:16.842,0.0453413762152195,0.0,222.22222900390625,0.0,58.51375198364258
2026-07-16T09:45:22.689,0.0455244816839695,0.0,222.22222900390625,0.0,0.0
2026-07-16T09:45:23.417,0.04571675881743431,0.0,222.22222900390625,0.0,0.0
2026-07-16T09:46:52.127,0.04528644680976868,0.0,222.22222900390625,0.0,0.0
2026-07-16T09:49:02.264,0.04590597003698349,0.0,232.55813598632812,416.6666564941406,283.2861328125
2026-07-16T09:49:09.764,0.04675133526325226,0.0,241.93548583984375,409.5238037109375,265.95745849609375
2026-07-16T09:49:22.363,0.046360693871974945,0.0,252.10084533691406,457.4468078613281,350.877197265625
2026-07-16T09:49:30.766,0.045542798936367035,0.0,247.9338836669922,471.4912414550781,362.31884765625
2026-07-16T09:49:40.391,0.0453718937933445,0.0,234.375,419.1033020019531,317.4603271484375
2026-07-16T09:49:42.795,0.04662315547466278,0.0,243.90243530273438,455.50848388671875,330.0329895019531
2026-07-16T09:49:45.785,0.046235572546720505,0.0,208.3333282470703,415.05792236328125,0.0
2026-07-16T09:50:13.649,0.04520708695054054,0.0,260.86956787109375,447.9166564941406,331.1258239746094
2026-07-16T09:50:15.749,0.04498431831598282,0.0,252.10084533691406,430.8617248535156,352.1126708984375
2026-07-16T09:50:20.415,0.04539020359516144,0.0,241.93548583984375,420.74365234375,0.0
2026-07-16T09:50:28.492,0.04570454731583595,0.0,270.270263671875,480.9843444824219,369.0036926269531
2026-07-16T09:50:30.899,0.04615927115082741,0.0,263.15789794921875,463.362060546875,364.9635009765625
2026-07-16T09:50:32.160,0.045478712767362595,0.0,263.15789794921875,495.3916931152344,373.13433837890625
2026-07-16T09:50:38.410,0.047273192554712296,0.0,280.37384033203125,511.9047546386719,389.1050720214844
2026-07-16T09:50:40.500,0.045533645898103714,0.0,270.270263671875,494.25286865234375,381.67938232421875
2026-07-16T09:50:45.126,0.04611349105834961,0.0,230.76922607421875,450.7337646484375,328.9473571777344
2026-07-16T09:50:46.375,0.04504534229636192,0.0,243.90243530273438,449.7908020019531,361.0108337402344
2026-07-16T09:50:52.650,0.04529865086078644,0.0,288.4615478515625,514.3540649414062,375.9398498535156
2026-07-16T09:51:41.523,0.04685813933610916,0.0,265.4867248535156,461.3733825683594,369.0036926269531
2026-07-16T09:51:48.287,0.04517962038516998,0.0,236.22047424316406,459.4017028808594,374.5318298339844
2026-07-16T09:51:50.548,0.0464339442551136,0.0,265.4867248535156,473.5682678222656,377.3584899902344
2026-07-16T09:51:57.477,0.04502398148179054,0.0,270.270263671875,483.14605712890625,375.9398498535156
2026-07-16T09:51:59.661,0.04509417712688446,0.0,240.0,452.631591796875,0.0
2026-07-16T09:52:02.577,0.045353587716817856,0.0,263.15789794921875,482.0627746582031,387.5968933105469
2026-07-16T09:52:07.078,0.04598531872034073,0.0,275.2293701171875,514.3540649414062,390.625
2026-07-16T09:52:09.329,0.046259984374046326,0.0,312.5,534.8258666992188,395.2569274902344
2026-07-16T09:52:16.253,0.04582052305340767,0.0,236.22047424316406,459.4017028808594,337.83782958984375
2026-07-16T09:52:19.084,0.046269141137599945,0.0,272.7272644042969,475.6637268066406,381.67938232421875
2026-07-16T09:52:22.990,0.04595174640417099,0.0,267.8571472167969,508.27423095703125,380.2281494140625
2026-07-16T09:52:39.374,0.04629354923963547,0.0,272.7272644042969,520.5811157226562,392.1568603515625
2026-07-16T09:52:46.126,0.0454329289495945,0.0,267.8571472167969,469.43231201171875,373.13433837890625
2026-07-16T09:52:52.869,0.04587851092219353,0.0,243.90243530273438,459.4017028808594,0.0
2026-07-16T09:53:05.792,0.04579610377550125,0.0,275.2293701171875,493.1192626953125,386.1003723144531
2026-07-16T09:53:07.041,0.04665977880358696,0.0,277.77777099609375,484.2342224121094,387.5968933105469
2026-07-16T09:53:14.656,0.046214208006858826,0.0,267.8571472167969,504.69482421875,386.1003723144531
2026-07-16T09:53:15.494,0.04683373123407364,0.0,267.8571472167969,511.9047546386719,389.1050720214844
2026-07-16T09:53:22.157,0.04549397528171539,0.0,277.77777099609375,477.77777099609375,0.0
2026-07-16T09:53:31.916,0.04605551064014435,0.0,294.1176452636719,0.0,389.1050720214844
2026-07-16T09:53:32.598,0.04601888358592987,0.0,270.270263671875,501.1654968261719,364.9635009765625
2026-07-16T09:53:37.966,0.04509418085217476,0.0,288.4615478515625,524.3902587890625,401.6064147949219
2026-07-16T09:54:06.736,0.04563130438327789,0.0,263.15789794921875,498.83990478515625,392.1568603515625
2026-07-16T09:54:11.825,0.04557333141565323,0.0,263.15789794921875,0.0,389.1050720214844
2026-07-16T09:54:12.518,0.04553668946027756,0.0,303.0303039550781,538.8471069335938,393.7007751464844
2026-07-16T09:54:20.078,0.04585103690624237,0.0,291.26214599609375,503.51287841796875,386.1003723144531
2026-07-16T09:54:23.066,0.0450209341943264,0.0,280.37384033203125,523.1143798828125,392.1568603515625
2026-07-16T09:54:29.830,0.04574117809534073,0.0,277.77777099609375,482.0627746582031,387.5968933105469
2026-07-16T09:54:31.439,0.045616041868925095,0.0,265.4867248535156,465.3679504394531,373.13433837890625
2026-07-16T09:54:41.078,0.04557027295231819,0.0,260.86956787109375,479.91070556640625,335.5704650878906
2026-07-16T09:54:49.486,0.04525287449359894,0.0,275.2293701171875,513.12646484375,390.625
2026-07-16T09:54:54.587,0.04540546238422394,0.0,294.1176452636719,523.1143798828125,396.8254089355469
2026-07-16T09:55:35.279,0.04566487669944763,0.0,245.90164184570312,484.2342224121094,354.60992431640625
2026-07-16T09:55:38.292,0.04511247202754021,0.0,272.7272644042969,509.4786682128906,380.2281494140625
2026-07-16T09:56:01.847,0.046455297619104385,0.0,277.77777099609375,526.9607543945312,380.2281494140625
2026-07-16T09:56:06.958,0.04485001042485237,0.0,280.37384033203125,513.12646484375,378.7878723144531
2026-07-16T09:56:29.596,0.046482764184474945,0.0,288.4615478515625,503.51287841796875,371.7472229003906
2026-07-16T09:56:31.865,0.046104345470666885,0.0,340.9090881347656,551.2820434570312,416.6666564941406
2026-07-16T09:56:40.149,0.04698021337389946,0.0,280.37384033203125,0.0,331.1258239746094
2026-07-16T09:56:40.868,0.04630575701594353,0.0,280.37384033203125,513.12646484375,389.1050720214844
2026-07-16T09:56:51.397,0.0449904166162014,0.0,272.7272644042969,500.0,0.0
2026-07-16T09:56:51.982,0.0449904166162014,0.0,272.7272644042969,500.0,374.5318298339844
2026-07-16T09:56:53.231,0.04700158163905144,0.0,288.4615478515625,537.5,404.8583068847656
2026-07-16T09:57:01.916,0.046461399644613266,0.0,303.0303039550781,0.0,395.2569274902344
2026-07-16T09:57:02.612,0.045155204832553864,0.0,303.0303039550781,523.1143798828125,386.1003723144531
2026-07-16T09:57:07.162,0.046498026698827744,0.0,294.1176452636719,523.1143798828125,361.0108337402344
2026-07-16T09:57:08.082,0.045762527734041214,0.0,291.26214599609375,544.3037719726562,393.7007751464844
2026-07-16T09:58:06.657,0.045066703110933304,0.0,250.0,454.5454406738281,344.82757568359375
2026-07-16T09:58:08.323,0.04611654207110405,0.0,265.4867248535156,452.631591796875,380.2281494140625
2026-07-16T09:58:13.418,0.04517047852277756,0.0,263.15789794921875,483.14605712890625,374.5318298339844
2026-07-16T09:58:14.273,0.04636984318494797,0.0,280.37384033203125,530.8641967773438,401.6064147949219
2026-07-16T09:58:23.904,0.04506366699934006,0.0,285.71429443359375,520.5811157226562,398.4063720703125
2026-07-16T09:58:27.659,0.0450362004339695,0.0,280.37384033203125,540.2009887695312,408.16326904296875
2026-07-16T09:58:28.512,0.045609936118125916,0.0,280.37384033203125,538.8471069335938,392.1568603515625
2026-07-16T09:58:32.921,0.04518573358654976,0.0,288.4615478515625,547.0737915039062,395.2569274902344
2026-07-16T09:58:35.187,0.047032102942466736,0.0,272.7272644042969,541.5617065429688,414.937744140625
2026-07-16T09:58:41.940,0.0448225699365139,0.0,267.8571472167969,519.3236694335938,400.0
2026-07-16T09:58:43.553,0.0449293851852417,0.0,241.93548583984375,491.9908447265625,354.60992431640625
2026-07-16T09:59:14.395,0.04496905580163002,0.0,285.71429443359375,548.4693603515625,408.16326904296875
2026-07-16T09:59:18.032,0.04539250582456589,0.0,300.0,533.498779296875,406.5040588378906
2026-07-16T09:59:22.693,0.04532763361930847,0.0,288.4615478515625,518.072265625,400.0
2026-07-16T09:59:25.543,0.04512164741754532,0.0,283.01885986328125,534.8258666992188,400.0
2026-07-16T09:59:29.283,0.04596852883696556,0.0,277.77777099609375,515.5875244140625,369.0036926269531
2026-07-16T09:59:31.547,0.04493853822350502,0.0,280.37384033203125,523.1143798828125,393.7007751464844
2026-07-16T09:59:35.300,0.04486604407429695,0.0,275.2293701171875,541.5617065429688,392.1568603515625
2026-07-16T09:59:37.710,0.04721216484904289,0.0,263.15789794921875,524.3902587890625,408.16326904296875
2026-07-16T09:59:39.792,0.045995231717824936,0.0,288.4615478515625,529.556640625,390.625
2026-07-16T09:59:42.781,0.04529712349176407,0.0,303.0303039550781,554.1237182617188,392.1568603515625
2026-07-16T09:59:47.276,0.04631567746400833,0.0,250.0,495.3916931152344,361.0108337402344
2026-07-16T10:00:26.711,0.04630575701594353,0.0,297.0296936035156,524.3902587890625,0.0
2026-07-16T10:00:28.963,0.046476658433675766,0.0,291.26214599609375,526.9607543945312,370.370361328125
2026-07-16T10:00:33.463,0.04584798216819763,0.0,280.37384033203125,538.8471069335938,392.1568603515625
2026-07-16T10:00:36.486,0.04526202753186226,0.0,294.1176452636719,526.9607543945312,393.7007751464844
2026-07-16T10:00:40.981,0.04680626466870308,0.0,297.0296936035156,542.9293212890625,408.16326904296875
2026-07-16T10:00:42.640,0.04590901732444763,0.0,300.0,537.5,404.8583068847656
2026-07-16T10:00:43.888,0.04507281258702278,0.0,267.8571472167969,519.3236694335938,404.8583068847656
2026-07-16T10:00:47.752,0.04521321877837181,0.0,270.270263671875,530.8641967773438,401.6064147949219
2026-07-16T10:00:50.176,0.04630881920456886,0.0,270.270263671875,507.0754699707031,395.2569274902344
2026-07-16T10:00:51.428,0.045078910887241364,0.0,272.7272644042969,521.8446655273438,378.7878723144531
2026-07-16T10:01:09.505,0.045979224145412445,0.0,283.01885986328125,518.072265625,396.8254089355469
2026-07-16T10:01:11.153,0.04528949409723282,0.0,283.01885986328125,532.17822265625,381.67938232421875
2026-07-16T10:01:13.258,0.04565877839922905,0.0,288.4615478515625,520.5811157226562,400.0
2026-07-16T10:01:17.761,0.045234564691782,0.0,285.71429443359375,533.498779296875,403.2257995605469
2026-07-16T10:01:20.008,0.045835770666599274,0.0,263.15789794921875,526.9607543945312,381.67938232421875
2026-07-16T10:01:21.620,0.045606888830661774,0.0,272.7272644042969,523.1143798828125,392.1568603515625
2026-07-16T10:01:26.151,0.04527423530817032,0.0,256.4102478027344,505.8823547363281,371.7472229003906
2026-07-16T10:01:27.560,0.04642173647880554,0.0,275.2293701171875,532.17822265625,401.6064147949219
2026-07-16T10:01:29.904,0.045158278197050095,0.0,265.4867248535156,516.826904296875,404.8583068847656
2026-07-16T10:01:32.759,0.04520098865032196,0.0,280.37384033203125,520.5811157226562,369.0036926269531
2026-07-16T10:02:00.586,0.046205054968595505,0.0,319.14892578125,548.4693603515625,398.4063720703125
2026-07-16T10:02:03.725,0.04508806765079498,0.0,277.77777099609375,519.3236694335938,396.8254089355469
2026-07-16T10:02:08.847,0.045387152582407,0.0,277.77777099609375,519.3236694335938,393.7007751464844
2026-07-16T10:02:10.476,0.04660484194755554,0.0,270.270263671875,516.826904296875,389.1050720214844
2026-07-16T10:02:14.132,0.04592122882604599,0.0,333.3333435058594,558.4415283203125,403.2257995605469
2026-07-16T10:02:17.138,0.04506976529955864,0.0,306.1224365234375,542.9293212890625,406.5040588378906
2026-07-16T10:02:20.886,0.045051459223032,0.0,260.86956787109375,496.5357971191406,384.6153869628906
2026-07-16T10:02:22.518,0.04540547356009483,0.0,267.8571472167969,513.12646484375,396.8254089355469
2026-07-16T10:02:27.047,0.04544514790177345,0.0,263.15789794921875,520.5811157226562,389.1050720214844
2026-07-16T10:02:29.151,0.045484818518161774,0.0,288.4615478515625,511.9047546386719,364.9635009765625
2026-07-16T10:02:55.503,0.04537494108080864,0.0,291.26214599609375,508.27423095703125,380.2281494140625
2026-07-16T10:02:58.509,0.04566487669944763,0.0,275.2293701171875,0.0,370.370361328125
2026-07-16T10:02:59.191,0.04506366699934006,0.0,285.71429443359375,497.6851806640625,0.0
2026-07-16T10:03:02.259,0.046015843749046326,0.0,277.77777099609375,490.8675842285156,380.2281494140625
2026-07-16T10:03:24.936,0.04589376598596573,0.0,283.01885986328125,525.67236328125,374.5318298339844
2026-07-16T10:03:27.360,0.04476457089185715,0.0,277.77777099609375,513.12646484375,364.9635009765625
2026-07-16T10:03:47.639,0.04664146527647972,0.0,303.0303039550781,559.8958129882812,414.937744140625
2026-07-16T10:03:49.259,0.04501482844352722,0.0,272.7272644042969,532.17822265625,404.8583068847656
2026-07-16T10:03:53.659,0.04583577811717987,0.0,280.37384033203125,538.8471069335938,403.2257995605469
2026-07-16T10:03:57.571,0.045484814792871475,0.0,288.4615478515625,533.498779296875,400.0
2026-07-16T10:03:59.001,0.04687035083770752,0.0,326.0869445800781,564.304443359375,414.937744140625
2026-07-16T10:04:00.568,0.045487865805625916,0.0,265.4867248535156,525.67236328125,403.2257995605469
2026-07-16T10:04:04.312,0.04607992246747017,0.0,272.7272644042969,537.5,390.625
2026-07-16T10:04:05.564,0.045545849949121475,0.0,291.26214599609375,538.8471069335938,393.7007751464844
2026-07-16T10:04:08.064,0.04640037193894386,0.0,357.1428527832031,581.0810546875,408.16326904296875
2026-07-16T10:04:10.197,0.04623556509613991,0.0,285.71429443359375,534.8258666992188,375.9398498535156
2026-07-16T10:06:36.097,0.04499958083033562,0.0,288.4615478515625,533.498779296875,406.5040588378906
2026-07-16T10:06:36.948,0.0449904203414917,0.0,288.4615478515625,537.5,406.5040588378906
2026-07-16T10:06:42.253,0.04618673399090767,0.0,283.01885986328125,542.9293212890625,414.937744140625
2026-07-16T10:06:46.000,0.04493854194879532,0.0,297.0296936035156,556.9948120117188,411.52264404296875
2026-07-16T10:06:48.132,0.0448683463037014,0.0,297.0296936035156,551.2820434570312,411.52264404296875
2026-07-16T10:06:50.535,0.04494159668684006,0.0,283.01885986328125,544.3037719726562,411.52264404296875
2026-07-16T10:06:53.389,0.04565267264842987,0.0,361.4457702636719,589.0410766601562,416.6666564941406
2026-07-16T10:06:55.637,0.0448530912399292,0.0,272.7272644042969,538.8471069335938,406.5040588378906
2026-07-16T10:07:15.291,0.045509222894907,0.0,285.71429443359375,542.9293212890625,406.5040588378906
2026-07-16T10:07:16.552,0.04506976529955864,0.0,280.37384033203125,537.5,408.16326904296875
2026-07-16T10:07:38.019,0.04581441730260849,0.0,288.4615478515625,547.0737915039062,403.2257995605469
2026-07-16T10:07:39.272,0.046366799622774124,0.0,326.0869445800781,570.291748046875,411.52264404296875
2026-07-16T10:07:58.377,0.045017875730991364,0.0,340.9090881347656,579.5148315429688,355.87188720703125
2026-07-16T10:07:59.632,0.04674217849969864,0.0,288.4615478515625,551.2820434570312,416.6666564941406
2026-07-16T10:08:06.659,0.045265082269907,0.0,272.7272644042969,528.2555541992188,409.8360595703125
2026-07-16T10:08:08.071,0.04580221325159073,0.0,337.0786437988281,571.8085327148438,423.72882080078125
2026-07-16T10:08:10.414,0.044694386422634125,0.0,275.2293701171875,523.1143798828125,414.937744140625
2026-07-16T10:08:14.166,0.04584188386797905,0.0,254.23728942871094,518.072265625,414.937744140625
2026-07-16T10:08:15.434,0.046443089842796326,0.0,270.270263671875,519.3236694335938,414.937744140625
2026-07-16T10:08:19.260,0.04647666960954666,0.0,263.15789794921875,533.498779296875,418.4100341796875
2026-07-16T10:08:20.904,0.045332226902246475,0.0,265.4867248535156,532.17822265625,420.1680603027344
2026-07-16T10:08:50.366,0.045313917100429535,0.0,280.37384033203125,0.0,421.94091796875
2026-07-16T10:08:51.615,0.045420728623867035,0.0,297.0296936035156,0.0,420.1680603027344
2026-07-16T10:08:52.865,0.04555501043796539,0.0,312.5,562.8272094726562,425.53192138671875
2026-07-16T10:09:00.741,0.04535053297877312,0.0,306.1224365234375,561.3577270507812,427.3504333496094
2026-07-16T10:09:02.990,0.04578390717506409,0.0,277.77777099609375,0.0,0.0
2026-07-16T10:09:03.684,0.04529865086078644,0.0,277.77777099609375,540.2009887695312,409.8360595703125
2026-07-16T10:09:05.238,0.046992432326078415,0.0,285.71429443359375,530.8641967773438,386.1003723144531
2026-07-16T10:09:09.145,0.04511554166674614,0.0,306.1224365234375,548.4693603515625,413.22314453125
2026-07-16T10:09:11.266,0.04517657682299614,0.0,277.77777099609375,534.8258666992188,423.72882080078125
2026-07-16T10:09:32.460,0.046168431639671326,0.0,275.2293701171875,538.8471069335938,420.1680603027344
2026-07-16T10:09:33.869,0.04534442350268364,0.0,283.01885986328125,538.8471069335938,427.3504333496094
2026-07-16T10:09:39.218,0.04659569263458252,0.0,267.8571472167969,524.3902587890625,411.52264404296875
2026-07-16T10:09:45.042,0.046015843749046326,0.0,263.15789794921875,521.8446655273438,408.16326904296875
2026-07-16T10:09:46.718,0.0450972318649292,0.0,285.71429443359375,533.498779296875,409.8360595703125
2026-07-16T10:09:54.208,0.04503009468317032,0.0,270.270263671875,0.0,416.6666564941406
2026-07-16T10:09:55.461,0.04573813080787659,0.0,265.4867248535156,529.556640625,413.22314453125
2026-07-16T10:10:00.798,0.04527728632092476,0.0,288.4615478515625,537.5,414.937744140625
2026-07-16T10:10:06.040,0.04467914253473282,0.0,303.0303039550781,554.1237182617188,409.8360595703125
2026-07-16T10:11:34.843,0.044990409165620804,0.0,263.15789794921875,523.1143798828125,413.22314453125
2026-07-16T10:11:35.742,0.044895801693201065,0.0,283.01885986328125,545.685302734375,396.8254089355469
2026-07-16T10:11:44.625,0.04523150622844696,0.0,256.4102478027344,516.826904296875,400.0
2026-07-16T10:11:50.810,0.04547871649265289,0.0,283.01885986328125,538.8471069335938,420.1680603027344
2026-07-16T10:11:53.014,0.046253882348537445,0.0,275.2293701171875,528.2555541992188,413.22314453125
2026-07-16T10:11:54.259,0.04622640460729599,0.0,272.7272644042969,532.17822265625,409.8360595703125
2026-07-16T10:12:02.641,0.044886644929647446,0.0,280.37384033203125,0.0,421.94091796875
2026-07-16T10:12:03.337,0.04571676254272461,0.0,280.37384033203125,547.0737915039062,427.3504333496094
2026-07-16T10:12:08.037,0.04481036588549614,0.0,283.01885986328125,540.2009887695312,413.22314453125
2026-07-16T10:12:36.478,0.04536884278059006,0.0,294.1176452636719,549.8721313476562,436.68121337890625
2026-07-16T10:12:41.125,0.04540548473596573,0.0,288.4615478515625,547.0737915039062,416.6666564941406
2026-07-16T10:12:46.212,0.04673607274889946,0.0,280.37384033203125,540.2009887695312,423.72882080078125
2026-07-16T10:12:55.379,0.045228466391563416,0.0,270.270263671875,534.8258666992188,375.9398498535156
2026-07-16T10:12:56.797,0.04593343287706375,0.0,275.2293701171875,540.2009887695312,423.72882080078125
2026-07-16T10:13:02.127,0.045420728623867035,0.0,267.8571472167969,541.5617065429688,420.1680603027344
2026-07-16T10:13:39.151,0.04546955227851868,0.0,348.83721923828125,590.6593627929688,431.03448486328125
2026-07-16T10:13:47.415,0.04506976157426834,0.0,291.26214599609375,545.685302734375,423.72882080078125
2026-07-16T10:13:48.316,0.0449751615524292,0.0,265.4867248535156,530.8641967773438,411.52264404296875
2026-07-16T10:14:07.052,0.045640457421541214,0.0,294.1176452636719,558.4415283203125,418.4100341796875
2026-07-16T10:14:10.056,0.04487750679254532,0.0,283.01885986328125,541.5617065429688,409.8360595703125
2026-07-16T10:14:12.460,0.046302709728479385,0.0,275.2293701171875,541.5617065429688,408.16326904296875
2026-07-16T10:14:22.841,0.04572896659374237,0.0,277.77777099609375,0.0,408.16326904296875
2026-07-16T10:14:23.551,0.04516742378473282,0.0,277.77777099609375,545.685302734375,423.72882080078125
2026-07-16T10:14:32.611,0.045500077307224274,0.0,283.01885986328125,537.5,404.8583068847656
2026-07-16T10:14:35.022,0.045475658029317856,0.0,285.71429443359375,538.8471069335938,409.8360595703125
2026-07-16T10:14:42.393,0.04470355063676834,0.0,300.0,552.69921875,423.72882080078125
2026-07-16T10:14:45.396,0.04508807137608528,0.0,297.0296936035156,549.8721313476562,434.7826232910156
2026-07-16T10:15:18.814,0.04520709812641144,0.0,297.0296936035156,555.5555419921875,425.53192138671875
2026-07-16T10:15:20.464,0.04574118182063103,0.0,300.0,556.9948120117188,421.94091796875
2026-07-16T10:15:26.318,0.04513385891914368,0.0,288.4615478515625,541.5617065429688,409.8360595703125
2026-07-16T10:15:36.085,0.04693138971924782,0.0,280.37384033203125,541.5617065429688,0.0
2026-07-16T10:15:36.765,0.04693138971924782,0.0,280.37384033203125,541.5617065429688,403.2257995605469
2026-07-16T10:15:43.020,0.04497209191322327,0.0,288.4615478515625,554.1237182617188,442.4778747558594
2026-07-16T10:15:49.634,0.04687035456299782,0.0,294.1176452636719,551.2820434570312,413.22314453125
2026-07-16T10:15:51.903,0.04568929225206375,0.0,294.1176452636719,548.4693603515625,411.52264404296875
2026-07-16T10:15:57.160,0.04644615203142166,0.0,294.1176452636719,551.2820434570312,423.72882080078125
2026-07-16T10:16:18.179,0.04493854194879532,0.0,280.37384033203125,542.9293212890625,418.4100341796875
2026-07-16T10:16:19.036,0.045670971274375916,0.0,300.0,556.9948120117188,420.1680603027344
2026-07-16T10:17:25.253,0.04665368050336838,0.0,0.0,0.0,434.7826232910156
2026-07-16T10:17:26.533,0.0447157621383667,0.0,283.01885986328125,548.4693603515625,425.53192138671875
2026-07-16T10:17:46.180,0.0450361967086792,0.0,309.2783508300781,564.304443359375,421.94091796875
2026-07-16T10:17:47.811,0.045316968113183975,0.0,270.270263671875,528.2555541992188,411.52264404296875
2026-07-16T10:17:57.448,0.04516742751002312,0.0,283.01885986328125,544.3037719726562,404.8583068847656
2026-07-16T10:17:58.303,0.04490191116929054,0.0,270.270263671875,541.5617065429688,413.22314453125
2026-07-16T10:18:05.723,0.04684899002313614,0.0,0.0,0.0,411.52264404296875
2026-07-16T10:18:06.419,0.04555806517601013,0.0,277.77777099609375,549.8721313476562,436.68121337890625
2026-07-16T10:18:53.153,0.0449446476995945,0.0,283.01885986328125,541.5617065429688,418.4100341796875
2026-07-16T10:18:59.169,0.045518383383750916,0.0,288.4615478515625,545.685302734375,413.22314453125
2026-07-16T10:19:25.686,0.045378006994724274,0.0,270.270263671875,534.8258666992188,418.4100341796875
2026-07-16T10:19:26.936,0.04514910653233528,0.0,272.7272644042969,536.1596069335938,416.6666564941406
2026-07-16T10:19:32.408,0.0454329289495945,0.0,277.77777099609375,549.8721313476562,440.52862548828125
2026-07-16T10:19:37.535,0.04483781009912491,0.0,297.0296936035156,556.9948120117188,420.1680603027344
2026-07-16T10:19:40.519,0.04524372145533562,0.0,283.01885986328125,544.3037719726562,416.6666564941406
2026-07-16T10:19:45.026,0.04677880182862282,0.0,277.77777099609375,541.5617065429688,423.72882080078125
2026-07-16T10:19:53.271,0.0447920523583889,0.0,283.01885986328125,551.2820434570312,423.72882080078125
2026-07-16T10:19:54.017,0.04522846266627312,0.0,283.01885986328125,548.4693603515625,420.1680603027344
2026-07-16T10:19:59.266,0.04519488662481308,0.0,277.77777099609375,530.8641967773438,403.2257995605469
2026-07-16T10:22:10.687,0.0450667142868042,0.0,322.5806579589844,571.8085327148438,431.03448486328125
2026-07-16T10:22:12.320,0.04614401236176491,0.0,265.4867248535156,521.8446655273438,398.4063720703125
2026-07-16T10:22:19.736,0.04523761197924614,0.0,294.1176452636719,556.9948120117188,425.53192138671875
2026-07-16T10:22:21.395,0.04593343660235405,0.0,283.01885986328125,540.2009887695312,411.52264404296875
2026-07-16T10:22:47.097,0.04561605304479599,0.0,277.77777099609375,538.8471069335938,812.5
2026-07-16T10:22:48.347,0.04679711163043976,0.0,297.0296936035156,548.4693603515625,799.1802978515625
2026-07-16T10:23:15.725,0.04520099610090256,0.0,297.0296936035156,552.69921875,819.3277587890625
2026-07-16T10:23:16.965,0.04642173647880554,0.0,277.77777099609375,533.498779296875,805.7850952148438
2026-07-16T10:23:32.113,0.04520710930228233,0.0,291.26214599609375,547.0737915039062,822.7847900390625
2026-07-16T10:23:36.606,0.04637901484966278,0.0,270.270263671875,537.5,805.7850952148438
2026-07-16T10:23:43.355,0.047029048204422,0.0,258.6206970214844,532.17822265625,0.0
2026-07-16T10:23:44.053,0.047029048204422,0.0,258.6206970214844,532.17822265625,799.1802978515625
2026-07-16T10:24:22.577,0.04643699526786804,0.0,243.90243530273438,497.6851806640625,770.7509765625
2026-07-16T10:24:24.202,0.04532916843891144,0.0,258.6206970214844,519.3236694335938,789.4736938476562
2026-07-16T10:24:41.482,0.045716751366853714,0.0,256.4102478027344,510.6888427734375,776.8924560546875
2026-07-16T10:24:42.384,0.04647666588425636,0.0,280.37384033203125,541.5617065429688,809.1286010742188
2026-07-16T10:24:49.921,0.046220313757658005,0.0,291.26214599609375,555.5555419921875,836.9098510742188
2026-07-16T10:24:51.186,0.0451735258102417,0.0,285.71429443359375,547.0737915039062,822.7847900390625
2026-07-16T10:24:52.434,0.04524372145533562,0.0,272.7272644042969,540.2009887695312,815.8995971679688
2026-07-16T10:25:19.196,0.04506060108542442,0.0,291.26214599609375,556.9948120117188,819.3277587890625
2026-07-16T10:25:20.808,0.0450361967086792,0.0,260.86956787109375,519.3236694335938,805.7850952148438
2026-07-16T10:25:29.102,0.04496905207633972,0.0,291.26214599609375,548.4693603515625,815.8995971679688
2026-07-16T10:25:31.944,0.04550313577055931,0.0,294.1176452636719,561.3577270507812,840.5172119140625
2026-07-16T10:25:34.972,0.04467608034610748,0.0,288.4615478515625,551.2820434570312,819.3277587890625
2026-07-16T10:25:53.912,0.04524677246809006,0.0,294.1176452636719,562.8272094726562,836.9098510742188
2026-07-16T10:25:59.155,0.04513080045580864,0.0,297.0296936035156,558.4415283203125,809.1286010742188
2026-07-16T10:26:08.160,0.044688280671834946,0.0,288.4615478515625,552.69921875,826.2711791992188
2026-07-16T10:26:13.432,0.046055518090724945,0.0,258.6206970214844,523.1143798828125,805.7850952148438
2026-07-16T10:26:15.691,0.046055518090724945,0.0,272.7272644042969,549.8721313476562,851.5283813476562
2026-07-16T10:26:22.436,0.04530782252550125,0.0,260.86956787109375,529.556640625,809.1286010742188
2026-07-16T10:26:24.052,0.045078910887241364,0.0,370.370361328125,645.6456298828125,859.0308227539062
2026-07-16T10:26:27.690,0.04586020112037659,0.0,265.4867248535156,529.556640625,809.1286010742188
2026-07-16T10:27:02.570,0.04487444832921028,0.0,270.270263671875,532.17822265625,809.1286010742188
2026-07-16T10:27:04.821,0.046440038830041885,0.0,285.71429443359375,549.8721313476562,829.7872314453125
2026-07-16T10:27:22.130,0.04482867196202278,0.0,309.2783508300781,565.7894897460938,833.3333129882812
2026-07-16T10:27:23.032,0.04514605551958084,0.0,275.2293701171875,536.1596069335938,812.5
2026-07-16T10:30:33.325,0.04530475661158562,0.0,309.2783508300781,571.8085327148438,844.1558227539062
2026-07-16T10:30:35.440,0.04518268629908562,0.0,288.4615478515625,545.685302734375,809.1286010742188
2026-07-16T10:30:43.685,0.045951757580041885,0.0,265.4867248535156,529.556640625,805.7850952148438
2026-07-16T10:30:45.947,0.04599142074584961,0.0,250.0,514.3540649414062,799.1802978515625
2026-07-16T10:30:52.085,0.04513385891914368,0.0,265.4867248535156,526.9607543945312,792.6829223632812
2026-07-16T10:30:54.195,0.04508502781391144,0.0,277.77777099609375,549.8721313476562,870.5357055664062
2026-07-16T10:31:19.856,0.04680626839399338,0.0,309.2783508300781,574.8663330078125,844.1558227539062
2026-07-16T10:31:21.529,0.04645225405693054,0.0,283.01885986328125,541.5617065429688,815.8995971679688
2026-07-16T10:31:27.395,0.04487445205450058,0.0,260.86956787109375,525.67236328125,805.7850952148438
2026-07-16T10:31:33.406,0.046379007399082184,0.0,280.37384033203125,542.9293212890625,815.8995971679688
2026-07-16T10:31:35.035,0.04556417465209961,0.0,277.77777099609375,538.8471069335938,805.7850952148438
2026-07-16T10:31:40.159,0.04649192467331886,0.0,277.77777099609375,542.9293212890625,809.1286010742188
2026-07-16T10:34:20.545,0.045573316514492035,0.0,275.2293701171875,540.2009887695312,0.0
2026-07-16T10:34:21.227,0.045454297214746475,0.0,275.2293701171875,540.2009887695312,809.1286010742188
2026-07-16T10:34:26.734,0.04482866823673248,0.0,288.4615478515625,547.0737915039062,815.8995971679688
2026-07-16T10:34:28.136,0.04647666588425636,0.0,294.1176452636719,561.3577270507812,826.2711791992188
2026-07-16T10:35:04.450,0.045497022569179535,0.0,309.2783508300781,579.5148315429688,862.8318481445312
2026-07-16T10:35:08.222,0.045643504709005356,0.0,280.37384033203125,544.3037719726562,829.7872314453125
2026-07-16T10:35:09.490,0.04498736560344696,0.0,270.270263671875,534.8258666992188,802.4691162109375
2026-07-16T10:35:14.085,0.04617758095264435,0.0,280.37384033203125,541.5617065429688,799.1802978515625
2026-07-16T10:35:38.241,0.045655716210603714,0.0,309.2783508300781,562.8272094726562,822.7847900390625
2026-07-16T10:35:40.658,0.046635355800390244,0.0,306.1224365234375,568.7830810546875,840.5172119140625
2026-07-16T10:35:48.732,0.050813280045986176,0.0,288.4615478515625,2067.3076171875,855.26318359375
2026-07-16T10:35:57.149,0.04507585987448692,0.0,288.4615478515625,0.0,822.7847900390625
2026-07-16T10:35:58.396,0.045356635004282,0.0,306.1224365234375,571.8085327148438,847.8261108398438
2026-07-16T10:36:05.985,0.04492328315973282,0.0,300.0,561.3577270507812,826.2711791992188
2026-07-16T10:36:07.635,0.045466504991054535,0.0,267.8571472167969,534.8258666992188,799.1802978515625
2026-07-16T10:36:14.237,0.04516742751002312,0.0,297.0296936035156,562.8272094726562,833.3333129882812
2026-07-16T10:36:54.800,0.04671776667237282,0.0,280.37384033203125,521.8446655273438,770.7509765625
2026-07-16T10:37:00.080,0.046205054968595505,0.0,0.0,0.0,703.9711303710938
2026-07-16T10:37:00.812,0.04494159296154976,0.0,263.15789794921875,509.4786682128906,738.6363525390625
2026-07-16T10:37:02.054,0.04536885768175125,0.0,275.2293701171875,495.3916931152344,711.6788330078125
2026-07-16T10:37:10.581,0.04576254263520241,0.0,258.6206970214844,502.3364562988281,719.5571899414062
2026-07-16T10:37:13.019,0.04672691226005554,0.0,267.8571472167969,509.4786682128906,698.9247436523438
2026-07-16T10:37:18.867,0.04654686152935028,0.0,250.0,484.2342224121094,714.2857055664062
2026-07-16T10:37:21.876,0.04587849974632263,0.0,256.4102478027344,490.8675842285156,698.9247436523438
2026-07-16T10:37:28.022,0.0450056791305542,0.0,256.4102478027344,488.6363525390625,703.9711303710938
2026-07-16T10:37:51.116,0.04663535952568054,0.0,267.8571472167969,508.27423095703125,738.6363525390625
2026-07-16T10:37:53.535,0.04490496590733528,0.0,254.23728942871094,497.6851806640625,0.0
2026-07-16T10:37:55.724,0.045509230345487595,0.0,260.86956787109375,509.4786682128906,773.8095092773438
2026-07-16T10:38:05.375,0.045289505273103714,0.0,272.7272644042969,504.69482421875,724.9070434570312
2026-07-16T10:38:10.019,0.045539747923612595,0.0,247.9338836669922,486.42535400390625,722.2222290039062
2026-07-16T10:38:11.427,0.04499347135424614,0.0,250.0,496.5357971191406,716.9117431640625
2026-07-16T10:38:35.405,0.04516742751002312,0.0,283.01885986328125,525.67236328125,770.7509765625
2026-07-16T10:38:37.070,0.046086035668849945,0.0,297.0296936035156,548.4693603515625,783.1325073242188
2026-07-16T10:38:42.910,0.04522540420293808,0.0,280.37384033203125,530.8641967773438,780.0
2026-07-16T10:38:45.918,0.046259984374046326,0.0,270.270263671875,534.8258666992188,822.7847900390625
2026-07-16T10:38:54.214,0.04571981355547905,0.0,297.0296936035156,532.17822265625,792.6829223632812
2026-07-16T10:38:56.634,0.04510028660297394,0.0,291.26214599609375,541.5617065429688,792.6829223632812
2026-07-16T10:38:59.494,0.04504229873418808,0.0,288.4615478515625,536.1596069335938,776.8924560546875
2026-07-16T10:39:04.749,0.04501177743077278,0.0,260.86956787109375,516.826904296875,761.71875
2026-07-16T10:39:09.256,0.04503314197063446,0.0,275.2293701171875,524.3902587890625,773.8095092773438
2026-07-16T10:39:28.038,0.04492328315973282,0.0,285.71429443359375,544.3037719726562,783.1325073242188
2026-07-16T10:39:33.455,0.04583578556776047,0.0,283.01885986328125,530.8641967773438,773.8095092773438
2026-07-16T10:39:39.305,0.04596089944243431,0.0,270.270263671875,532.17822265625,789.4736938476562
2026-07-16T10:39:40.981,0.04571065306663513,0.0,291.26214599609375,524.3902587890625,767.716552734375
2026-07-16T10:39:49.079,0.045533645898103714,0.0,0.0,0.0,822.7847900390625
2026-07-16T10:39:49.774,0.04559468850493431,0.0,270.270263671875,525.67236328125,776.8924560546875
2026-07-16T10:39:54.328,0.04589682072401047,0.0,277.77777099609375,526.9607543945312,776.8924560546875
2026-07-16T10:39:59.582,0.04508502781391144,0.0,270.270263671875,532.17822265625,802.4691162109375
2026-07-16T10:40:01.205,0.046845942735672,0.0,263.15789794921875,514.3540649414062,770.7509765625
2026-07-16T10:43:08.942,0.04507587477564812,0.0,267.8571472167969,523.1143798828125,780.0
2026-07-16T10:43:10.618,0.045231517404317856,0.0,294.1176452636719,538.8471069335938,780.0
2026-07-16T10:43:11.866,0.04542684182524681,0.0,272.7272644042969,530.8641967773438,773.8095092773438
2026-07-16T10:43:19.444,0.045667923986911774,0.0,285.71429443359375,533.498779296875,780.0
2026-07-16T10:43:21.109,0.04484393075108528,0.0,288.4615478515625,548.4693603515625,833.3333129882812
2026-07-16T10:43:26.956,0.04657433182001114,0.0,267.8571472167969,510.6888427734375,764.7058715820312
2026-07-16T10:43:32.194,0.04518573731184006,0.0,267.8571472167969,520.5811157226562,770.7509765625
2026-07-16T10:43:35.950,0.04574117064476013,0.0,260.86956787109375,518.072265625,767.716552734375
2026-07-16T10:43:37.581,0.045326124876737595,0.0,280.37384033203125,534.8258666992188,776.8924560546875
2026-07-16T10:55:57.889,0.04536884278059006,0.0,272.7272644042969,509.4786682128906,377.3584899902344
2026-07-16T10:56:04.601,0.046379003673791885,0.0,275.2293701171875,523.1143798828125,396.8254089355469
2026-07-16T10:56:08.235,0.04539019986987114,0.0,288.4615478515625,521.8446655273438,0.0
2026-07-16T10:56:27.814,0.045200999826192856,0.0,275.2293701171875,524.3902587890625,403.2257995605469
2026-07-16T10:56:31.550,0.04666893556714058,0.0,288.4615478515625,530.8641967773438,429.1845397949219
2026-07-16T10:56:34.552,0.045713700354099274,0.0,250.0,491.9908447265625,387.5968933105469
2026-07-16T10:56:42.055,0.04534748196601868,0.0,291.26214599609375,529.556640625,398.4063720703125
2026-07-16T10:56:44.464,0.044694386422634125,0.0,283.01885986328125,536.1596069335938,384.6153869628906
2026-07-16T10:56:49.548,0.045435987412929535,0.0,275.2293701171875,519.3236694335938,389.1050720214844
2026-07-16T10:57:58.652,0.04525287449359894,0.0,275.2293701171875,526.9607543945312,403.2257995605469
2026-07-16T10:58:03.135,0.045637406408786774,0.0,272.7272644042969,514.3540649414062,396.8254089355469
2026-07-16T10:58:08.566,0.04550313577055931,0.0,272.7272644042969,526.9607543945312,396.8254089355469
2026-07-16T10:58:10.634,0.046345435082912445,0.0,258.6206970214844,514.3540649414062,400.0
2026-07-16T10:58:18.140,0.046055521816015244,0.0,272.7272644042969,510.6888427734375,396.8254089355469
2026-07-16T10:58:19.819,0.04669029638171196,0.0,283.01885986328125,525.67236328125,404.8583068847656
2026-07-16T10:58:25.643,0.04555806517601013,0.0,285.71429443359375,534.8258666992188,421.94091796875
2026-07-16T10:58:36.134,0.04528949782252312,0.0,280.37384033203125,0.0,406.5040588378906
2026-07-16T10:58:36.840,0.045326124876737595,0.0,280.37384033203125,526.9607543945312,396.8254089355469
2026-07-16T10:59:39.348,0.04539935290813446,0.0,270.270263671875,524.3902587890625,776.8924560546875
2026-07-16T10:59:41.423,0.04562825337052345,0.0,283.01885986328125,534.8258666992188,770.7509765625
2026-07-16T10:59:55.670,0.04520709812641144,0.0,258.6206970214844,504.69482421875,750.0
2026-07-16T10:59:57.310,0.04555804654955864,0.0,267.8571472167969,524.3902587890625,780.0
2026-07-16T11:00:00.179,0.04487445950508118,0.0,283.01885986328125,537.5,792.6829223632812
2026-07-16T11:00:08.582,0.04510944336652756,0.0,288.4615478515625,525.67236328125,776.8924560546875
2026-07-16T11:00:10.667,0.0449293814599514,0.0,272.7272644042969,526.9607543945312,750.0
2026-07-16T11:00:14.426,0.04474016651511192,0.0,297.0296936035156,541.5617065429688,815.8995971679688
2026-07-16T11:00:25.674,0.0450209379196167,0.0,291.26214599609375,532.17822265625,786.2903442382812
2026-07-16T11:01:16.019,0.045286450535058975,0.0,0.0,0.0,758.7548828125
2026-07-16T11:01:16.709,0.046589579433202744,0.0,265.4867248535156,519.3236694335938,773.8095092773438
2026-07-16T11:01:27.249,0.04696190729737282,0.0,300.0,544.3037719726562,400.0
2026-07-16T11:01:28.127,0.0451124869287014,0.0,291.26214599609375,534.8258666992188,0.0
2026-07-16T11:01:33.445,0.04549398273229599,0.0,283.01885986328125,523.1143798828125,387.5968933105469
2026-07-16T11:01:39.293,0.04490191489458084,0.0,285.71429443359375,515.5875244140625,383.1417541503906
2026-07-16T11:01:40.941,0.04570454731583595,0.0,288.4615478515625,540.2009887695312,380.2281494140625
2026-07-16T11:01:43.029,0.04468829557299614,0.0,288.4615478515625,542.9293212890625,421.94091796875
2026-07-16T11:01:46.779,0.04537495970726013,0.0,297.0296936035156,537.5,390.625
2026-07-16T13:57:07.988,0.045442089438438416,0.0,218.9781036376953,466.37744140625,693.9501953125
2026-07-16T13:57:13.142,0.045320019125938416,0.0,241.93548583984375,478.84185791015625,752.895751953125
2026-07-16T13:57:15.527,0.04557636380195618,0.0,270.270263671875,526.9607543945312,780.0
2026-07-16T13:57:23.051,0.04521015286445618,0.0,240.0,485.3273010253906,767.716552734375
2026-07-16T13:57:49.885,0.046620097011327744,0.0,260.86956787109375,519.3236694335938,795.9183959960938
2026-07-16T13:57:51.509,0.04553975164890289,0.0,288.4615478515625,530.8641967773438,799.1802978515625
2026-07-16T13:57:54.362,0.04659873619675636,0.0,283.01885986328125,538.8471069335938,773.8095092773438
2026-07-16T13:57:56.034,0.04555501043796539,0.0,270.270263671875,524.3902587890625,799.1802978515625
2026-07-16T13:58:01.136,0.045521434396505356,0.0,0.0,0.0,826.2711791992188
2026-07-16T13:58:01.819,0.04705040529370308,0.0,250.0,504.69482421875,735.8490600585938
2026-07-16T13:58:15.372,0.04668724164366722,0.0,285.71429443359375,533.498779296875,802.4691162109375
2026-07-16T13:58:16.999,0.0468917116522789,0.0,258.6206970214844,498.83990478515625,767.716552734375
2026-07-16T13:58:19.902,0.04592733457684517,0.0,267.8571472167969,533.498779296875,809.1286010742188
2026-07-16T13:58:21.535,0.04542072117328644,0.0,283.01885986328125,529.556640625,799.1802978515625
2026-07-16T13:58:24.391,0.046412575989961624,0.0,280.37384033203125,534.8258666992188,773.8095092773438
2026-07-16T13:58:26.651,0.0463881641626358,0.0,258.6206970214844,516.826904296875,730.3370971679688
2026-07-16T13:58:41.661,0.04613180458545685,0.0,285.71429443359375,534.8258666992188,799.1802978515625
2026-07-16T13:58:44.078,0.04515521973371506,0.0,277.77777099609375,528.2555541992188,773.8095092773438
2026-07-16T13:58:46.162,0.04564959928393364,0.0,285.71429443359375,542.9293212890625,809.1286010742188
2026-07-16T13:58:47.843,0.046714700758457184,0.0,285.71429443359375,532.17822265625,795.9183959960938
2026-07-16T13:59:05.055,0.04584493115544319,0.0,267.8571472167969,518.072265625,396.8254089355469
2026-07-16T13:59:07.172,0.045948706567287445,0.0,265.4867248535156,523.1143798828125,408.16326904296875
2026-07-16T13:59:11.674,0.04578084498643875,0.0,270.270263671875,536.1596069335938,418.4100341796875
2026-07-16T13:59:14.688,0.04561910033226013,0.0,288.4615478515625,541.5617065429688,411.52264404296875
2026-07-16T13:59:30.626,0.04550923407077789,0.0,294.1176452636719,540.2009887695312,396.8254089355469
2026-07-16T13:59:32.716,0.04582967236638069,0.0,265.4867248535156,519.3236694335938,392.1568603515625
2026-07-16T13:59:34.965,0.04672691226005554,0.0,263.15789794921875,515.5875244140625,390.625
2026-07-16T13:59:36.579,0.04530780762434006,0.0,275.2293701171875,536.1596069335938,403.2257995605469
2026-07-16T15:30:26.804,0.0467086061835289,0.0,258.6206970214844,505.8823547363281,355.87188720703125
2026-07-16T15:30:29.694,0.045661818236112595,0.0,260.86956787109375,496.5357971191406,373.13433837890625
2026-07-16T15:30:31.192,0.045670971274375916,0.0,283.01885986328125,529.556640625,361.0108337402344
2026-07-16T15:30:33.601,0.046485815197229385,0.0,280.37384033203125,530.8641967773438,409.8360595703125
2026-07-16T15:30:59.222,0.04604635387659073,0.0,270.270263671875,0.0,413.22314453125
2026-07-16T15:30:59.953,0.04602499306201935,0.0,270.270263671875,495.3916931152344,350.877197265625
2026-07-16T15:31:01.514,0.046391211450099945,0.0,277.77777099609375,514.3540649414062,380.2281494140625
2026-07-16T15:31:05.226,0.04693444073200226,0.0,275.2293701171875,495.3916931152344,350.877197265625
2026-07-16T15:31:12.760,0.046250831335783005,0.0,252.10084533691406,491.9908447265625,371.7472229003906
2026-07-16T15:31:15.782,0.04591513052582741,0.0,263.15789794921875,0.0,0.0
2026-07-16T15:31:16.467,0.04623251408338547,0.0,263.15789794921875,490.8675842285156,361.0108337402344
2026-07-16T15:31:20.273,0.04608297720551491,0.0,256.4102478027344,483.14605712890625,358.4229431152344
2026-07-16T15:31:43.582,0.04575948789715767,0.0,263.15789794921875,0.0,349.6503601074219
2026-07-16T15:31:44.262,0.04539020359516144,0.0,263.15789794921875,491.9908447265625,367.6470642089844
2026-07-16T15:31:47.334,0.0471053421497345,0.0,263.15789794921875,494.25286865234375,343.6426086425781
2026-07-16T15:31:48.989,0.04595175385475159,0.0,277.77777099609375,521.8446655273438,406.5040588378906
2026-07-16T15:31:53.366,0.04722130671143532,0.0,270.270263671875,503.51287841796875,370.370361328125
2026-07-16T15:31:56.354,0.04531390964984894,0.0,260.86956787109375,0.0,362.31884765625
2026-07-16T15:31:57.037,0.04551228508353233,0.0,260.86956787109375,495.3916931152344,347.22222900390625
2026-07-16T15:31:59.380,0.0454329289495945,0.0,260.86956787109375,495.3916931152344,374.5318298339844
2026-07-16T15:32:35.007,0.04543597996234894,0.0,272.7272644042969,487.5283508300781,357.1428527832031
2026-07-16T15:32:35.876,0.045579418540000916,0.0,267.8571472167969,482.0627746582031,364.9635009765625
2026-07-16T15:32:45.545,0.045402418822050095,0.0,277.77777099609375,478.84185791015625,352.1126708984375
2026-07-16T15:32:53.099,0.045564159750938416,0.0,260.86956787109375,484.2342224121094,357.1428527832031
2026-07-16T15:32:54.693,0.0466323047876358,0.0,263.15789794921875,487.5283508300781,369.0036926269531
2026-07-16T15:33:17.187,0.046580422669649124,0.0,263.15789794921875,480.9843444824219,350.877197265625
2026-07-16T15:33:17.950,0.04670555517077446,0.0,243.90243530273438,470.45953369140625,0.0
2026-07-16T15:33:23.962,0.045643504709005356,0.0,267.8571472167969,477.77777099609375,358.4229431152344
2026-07-16T15:33:25.430,0.045698437839746475,0.0,260.86956787109375,485.3273010253906,369.0036926269531
2026-07-16T15:33:30.835,0.04606466740369797,0.0,260.86956787109375,465.3679504394531,0.0
2026-07-16T15:33:38.380,0.046549901366233826,0.0,263.15789794921875,508.27423095703125,371.7472229003906
2026-07-16T15:33:43.473,0.045457348227500916,0.0,275.2293701171875,502.3364562988281,389.1050720214844
2026-07-16T15:34:06.321,0.04604024440050125,0.0,267.8571472167969,484.2342224121094,343.6426086425781
2026-07-16T15:34:08.597,0.04607992246747017,0.0,275.2293701171875,479.91070556640625,327.8688659667969
2026-07-16T15:34:10.102,0.04527729004621506,0.0,275.2293701171875,501.1654968261719,349.6503601074219
2026-07-16T15:34:36.083,0.04817042872309685,0.0,272.7272644042969,485.3273010253906,347.22222900390625
2026-07-16T15:34:39.976,0.04532000422477722,0.0,277.77777099609375,489.7494201660156,348.43206787109375
2026-07-16T15:34:41.214,0.04593036696314812,0.0,252.10084533691406,470.45953369140625,0.0
2026-07-16T15:35:01.891,0.045069750398397446,0.0,270.270263671875,469.43231201171875,333.3333435058594
2026-07-16T15:35:04.123,0.04601581394672394,0.0,272.7272644042969,483.14605712890625,355.87188720703125
2026-07-16T15:35:07.952,0.04540545120835304,0.0,254.23728942871094,465.3679504394531,0.0
2026-07-16T15:35:11.614,0.04565570503473282,0.0,272.7272644042969,0.0,395.2569274902344
2026-07-16T15:35:12.342,0.04615011811256409,0.0,272.7272644042969,486.42535400390625,350.877197265625
2026-07-16T15:35:16.256,0.046559058129787445,0.0,275.2293701171875,489.7494201660156,0.0
2026-07-16T15:35:17.819,0.044953785836696625,0.0,252.10084533691406,471.4912414550781,353.3569030761719
2026-07-16T15:35:24.542,0.04622334986925125,0.0,254.23728942871094,452.631591796875,327.8688659667969
2026-07-16T15:35:51.566,0.04571063444018364,0.0,270.270263671875,477.77777099609375,330.0329895019531
2026-07-16T15:35:55.328,0.045094165951013565,0.0,272.7272644042969,484.2342224121094,336.7003479003906
2026-07-16T15:35:57.572,0.046638403087854385,0.0,263.15789794921875,0.0,335.5704650878906
2026-07-16T15:35:58.289,0.04741966724395752,0.0,263.15789794921875,478.84185791015625,336.7003479003906
2026-07-16T15:36:26.134,0.04558246210217476,0.0,285.71429443359375,524.3902587890625,411.52264404296875
2026-07-16T15:36:27.003,0.04546649008989334,0.0,267.8571472167969,495.3916931152344,348.43206787109375
2026-07-16T15:36:34.388,0.045948680490255356,0.0,243.90243530273438,0.0,370.370361328125
2026-07-16T15:36:35.003,0.04804835468530655,0.0,243.90243530273438,479.91070556640625,354.60992431640625
2026-07-16T15:36:36.723,0.04588153958320618,0.0,240.0,475.6637268066406,355.87188720703125
2026-07-16T15:36:41.942,0.04734031856060028,0.0,247.9338836669922,487.5283508300781,357.1428527832031
2026-07-16T15:36:44.198,0.04779810085892677,0.0,256.4102478027344,486.42535400390625,354.60992431640625
2026-07-16T15:36:47.942,0.04642476886510849,0.0,234.375,479.91070556640625,369.0036926269531
2026-07-16T15:36:59.942,0.04576556757092476,0.0,256.4102478027344,0.0,398.4063720703125
2026-07-16T15:37:00.683,0.04539324343204498,0.0,258.6206970214844,488.6363525390625,342.46575927734375
2026-07-16T15:37:01.945,0.04559466242790222,0.0,270.270263671875,496.5357971191406,366.30035400390625
2026-07-16T15:37:07.583,0.045197926461696625,0.0,0.0,0.0,357.1428527832031
2026-07-16T15:37:08.847,0.046998511999845505,0.0,252.10084533691406,496.5357971191406,375.9398498535156
2026-07-16T15:37:15.114,0.04658345878124237,0.0,265.4867248535156,0.0,363.6363525390625
2026-07-16T15:37:16.361,0.04790186882019043,0.0,267.8571472167969,494.25286865234375,361.0108337402344
2026-07-16T15:37:19.452,0.04517349600791931,0.0,250.0,485.3273010253906,357.1428527832031
2026-07-16T15:37:33.708,0.045704539865255356,0.0,260.86956787109375,500.0,370.370361328125
2026-07-16T15:37:37.467,0.045875441282987595,0.0,270.270263671875,510.6888427734375,398.4063720703125
2026-07-16T15:37:39.095,0.045960888266563416,0.0,263.15789794921875,497.6851806640625,346.020751953125
2026-07-16T15:37:41.229,0.04652242735028267,0.0,267.8571472167969,495.3916931152344,363.6363525390625
2026-07-16T15:37:47.405,0.045179616659879684,0.0,0.0,0.0,344.82757568359375
2026-07-16T15:37:48.667,0.04615011066198349,0.0,254.23728942871094,486.42535400390625,354.60992431640625
2026-07-16T15:37:51.744,0.04563738778233528,0.0,252.10084533691406,0.0,344.82757568359375
2026-07-16T15:37:52.439,0.04679098725318909,0.0,252.10084533691406,491.9908447265625,364.9635009765625
2026-07-17T10:54:48.411,0.045735057443380356,0.0,265.4867248535156,490.8675842285156,691.4893798828125
2026-07-17T10:54:54.409,0.04586018994450569,0.0,280.37384033203125,488.6363525390625,744.2747802734375
2026-07-17T10:54:58.159,0.04579610377550125,0.0,270.270263671875,491.9908447265625,0.0
2026-07-17T10:56:14.274,0.04809107631444931,0.0,275.2293701171875,474.6136779785156,767.716552734375
2026-07-17T10:56:21.796,0.045838817954063416,0.0,260.86956787109375,455.50848388671875,706.521728515625
2026-07-17T10:56:29.289,0.04558246210217476,0.0,280.37384033203125,488.6363525390625,730.3370971679688
2026-07-17T10:56:34.572,0.045155201107263565,0.0,267.8571472167969,498.83990478515625,773.8095092773438
2026-07-17T10:56:38.326,0.04805445671081543,0.0,265.4867248535156,449.7908020019531,696.4285888671875
2026-07-17T10:56:44.326,0.04571063071489334,0.0,260.86956787109375,463.362060546875,719.5571899414062
2026-07-17T10:56:48.076,0.045326102524995804,0.0,280.37384033203125,485.3273010253906,730.3370971679688
2026-07-17T10:56:54.822,0.04766381159424782,0.0,280.37384033203125,488.6363525390625,733.0827026367188
2026-07-17T10:57:00.217,0.04762108623981476,0.0,263.15789794921875,475.6637268066406,679.4425048828125
2026-07-19T18:08:46.581,0.0055299545638263226,0.01495407335460186,0.0,0.0,0.0,0.0
2026-07-19T18:09:03.016,0.005639819428324699,0.015253150835633278,0.0,0.0,0.0,0.0
2026-07-19T18:09:18.035,0.00559099018573761,0.014819786883890629,0.0,0.0,0.0,0.0
2026-07-19T18:09:40.433,0.005395672749727964,0.015204323455691338,0.0,0.0,0.0,0.0
2026-07-19T18:10:06.611,0.005627612583339214,0.015478990040719509,0.0,0.0,0.0,0.0
2026-07-20T09:06:30.866,0.011932744644582272,0.01824093423783779,0.0,0.0,0.0,0.0
2026-07-20T09:14:22.456,0.010782198049128056,0.017642755061388016,15.0,15.0,1219.51220703125,1219.51220703125
2026-07-20T09:15:08.268,0.011127051897346973,0.01775262877345085,15.0,15.0,1219.51220703125,1219.51220703125
2026-07-20T09:15:59.824,0.010953099466860294,0.017844183370471,15.0,15.0,1219.51220703125,1219.51220703125
2026-07-20T09:20:58.041,0.01076998095959425,0.017423033714294434,232.55813598632812,677.9661254882812,209.05923461914062,209.05923461914062
2026-07-20T09:21:31.054,0.010733349248766899,0.01750846765935421,197.36842346191406,689.6551513671875,882.3529663085938,882.3529663085938
2026-07-20T09:23:00.034,0.011185032315552235,0.018298914656043053,223.88059997558594,781.25,189.8734130859375,189.8734130859375
2026-07-20T09:23:02.519,0.010763878934085369,0.017722101882100105,211.26760864257812,943.396240234375,1029.4117431640625,1029.4117431640625
2026-07-20T09:23:04.722,0.010919527150690556,0.01744438335299492,212.76596069335938,1000.0,1129.0322265625,1129.0322265625
2026-07-20T09:23:08.943,0.010800505988299847,0.017456602305173874,218.9781036376953,943.396240234375,1044.776123046875,1044.776123046875
2026-07-20T09:23:11.785,0.011282701045274734,0.017755672335624695,197.36842346191406,980.3921508789062,1044.776123046875,1044.776123046875
2026-07-20T09:27:28.151,0.010837126523256302,0.017551202327013016,229.00762939453125,909.0908813476562,1029.4117431640625,1029.4117431640625
2026-07-20T09:27:30.228,0.011142317205667496,0.01788385584950447,225.56390380859375,1041.6666259765625,1129.0322265625,1129.0322265625
2026-07-20T09:27:34.317,0.011004980653524399,0.017712965607643127,240.0,943.396240234375,1076.923095703125,1076.923095703125
2026-07-20T09:27:35.867,0.01096225157380104,0.017593935132026672,265.4867248535156,925.9259033203125,1076.923095703125,1076.923095703125
2026-07-20T13:07:04.105,0.010815760120749474,0.017847230657935143,256.4102478027344,909.0908813476562,1093.75,1093.75
2026-07-20T13:09:49.184,0.010690455324947834,0.017712941393256187,256.4102478027344,0.0,1029.4117431640625,1029.4117431640625
2026-07-20T13:09:50.734,0.010565508157014847,0.017712941393256187,256.4102478027344,1694.915283203125,933.3333129882812,933.3333129882812
2026-07-20T13:10:02.611,0.010766929015517235,0.017163610085844994,267.8571472167969,2702.70263671875,985.9154663085938,985.9154663085938
2026-07-20T13:10:04.194,0.010449539870023727,0.016919465735554695,217.3913116455078,1754.385986328125,1458.3333740234375,1458.3333740234375
2026-07-20T13:10:34.709,0.010541092604398727,0.017639698460698128,222.22222900390625,1754.385986328125,933.3333129882812,933.3333129882812
2026-07-20T13:10:36.276,0.01077303010970354,0.017651904374361038,227.27272033691406,1886.79248046875,985.9154663085938,985.9154663085938
2026-07-20T13:10:38.787,0.010492265224456787,0.017120882868766785,202.70269775390625,1754.385986328125,933.3333129882812,933.3333129882812
2026-07-20T13:12:47.949,0.01080354768782854,0.01743217185139656,234.375,1369.863037109375,0.0,0.0
2026-07-20T13:13:00.325,0.010687580332159996,0.01707206480205059,256.4102478027344,1449.275390625,786.516845703125,0.0
2026-07-20T13:13:01.908,0.010644855909049511,0.0173589289188385,250.0,1470.5882568359375,897.4359130859375,897.4359130859375
2026-07-20T13:13:45.564,0.010431227274239063,0.01738945208489895,247.9338836669922,1333.3333740234375,0.0,0.0
2026-07-20T13:13:48.361,0.010351879522204399,0.017011020332574844,256.4102478027344,1587.3016357421875,945.9459228515625,945.9459228515625
2026-07-20T13:13:49.928,0.010699789971113205,0.01715140976011753,0.0,1587.3016357421875,945.9459228515625,945.9459228515625
2026-07-20T13:13:51.493,0.010528886690735817,0.01738334819674492,197.36842346191406,1587.3016357421875,945.9459228515625,945.9459228515625
2026-07-20T13:13:53.061,0.010376295074820518,0.01741386204957962,197.36842346191406,1587.3016357421875,945.9459228515625,945.9459228515625
2026-07-20T13:14:11.381,0.010516681708395481,0.01742607168853283,243.90243530273438,1960.7843017578125,0.0,972.2222290039062
2026-07-20T13:14:14.196,0.01110873557627201,0.017969299107789993,250.0,2083.333251953125,1044.776123046875,1044.776123046875
2026-07-20T13:15:30.769,0.010522783733904362,0.0173894464969635,258.6206970214844,1470.5882568359375,843.3734741210938,843.3734741210938
2026-07-20T13:15:32.975,0.010711993090808392,0.01726127602159977,240.0,1492.537353515625,0.0,853.6585083007812
2026-07-20T13:15:35.263,0.010504471138119698,0.01738334447145462,0.0,1492.537353515625,853.6585083007812,853.6585083007812
2026-07-20T13:15:38.270,0.010724200867116451,0.01758476532995701,208.3333282470703,1851.851806640625,1400.0,1400.0
2026-07-20T13:16:03.350,0.010559405200183392,0.017236853018403053,272.7272644042969,1408.45068359375,0.0,0.0
2026-07-20T13:16:06.004,0.01110263355076313,0.017871640622615814,238.09524536132812,1351.351318359375,833.3333129882812,833.3333129882812
2026-07-20T13:16:10.558,0.01059602852910757,0.01751151867210865,208.3333282470703,1351.351318359375,833.3333129882812,833.3333129882812
2026-07-20T13:16:13.549,0.010357983410358429,0.016742460429668427,265.4867248535156,1492.537353515625,909.0908813476562,909.0908813476562
2026-07-20T13:16:45.971,0.010547195561230183,0.016846224665641785,234.375,2040.8162841796875,1590.9090576171875,1590.9090576171875
2026-07-20T13:16:47.538,0.010498369112610817,0.01755424588918686,280.37384033203125,1724.137939453125,1000.0,1000.0
2026-07-20T13:16:49.103,0.010412917472422123,0.017072057351469994,1000.0,1724.137939453125,1000.0,1000.0
2026-07-20T13:16:50.685,0.010412917472422123,0.017072057351469994,1000.0,1724.137939453125,1000.0,1000.0
2026-07-20T13:17:16.714,0.010443435050547123,0.017468798905611038,280.37384033203125,1562.5,1372.549072265625,1372.549072265625
2026-07-20T13:17:18.281,0.010437331162393093,0.01733452081680298,280.37384033203125,1785.7142333984375,972.2222290039062,972.2222290039062
2026-07-20T13:17:27.198,0.010968351736664772,0.01737114042043686,275.2293701171875,1923.076904296875,972.2222290039062,972.2222290039062
2026-07-20T13:17:28.779,0.01071199867874384,0.018012024462223053,275.2293701171875,1960.7843017578125,1060.6060791015625,1060.6060791015625
2026-07-20T13:17:35.178,0.010699789971113205,0.01740776002407074,252.10084533691406,1785.7142333984375,0.0,1458.3333740234375
2026-07-20T13:17:36.745,0.010614336468279362,0.01710868626832962,272.7272644042969,1785.7142333984375,1000.0,1000.0
2026-07-20T13:17:41.271,0.010309155099093914,0.017108675092458725,270.270263671875,1754.385986328125,1000.0,985.9154663085938
2026-07-20T13:17:43.556,0.010486160404980183,0.017249062657356262,270.270263671875,1666.6666259765625,945.9459228515625,945.9459228515625
2026-07-20T13:17:45.188,0.010473953559994698,0.016949987038969994,258.6206970214844,1851.851806640625,972.2222290039062,972.2222290039062
2026-07-20T13:18:24.813,0.01068147737532854,0.01742606796324253,263.15789794921875,1886.79248046875,1029.4117431640625,1029.4117431640625
2026-07-20T13:18:26.397,0.01070589292794466,0.01726127229630947,252.10084533691406,1960.7843017578125,1029.4117431640625,1029.4117431640625
2026-07-20T13:18:32.363,0.01129184477031231,0.01738334447145462,277.77777099609375,1724.137939453125,909.0908813476562,909.0908813476562
2026-07-20T13:18:53.613,0.010547196492552757,0.01720023900270462,277.77777099609375,1960.7843017578125,1044.776123046875,1044.776123046875
2026-07-20T13:18:56.617,0.010614339262247086,0.01759697124361992,258.6206970214844,1666.6666259765625,945.9459228515625,945.9459228515625
2026-07-20T13:19:02.613,0.011041593737900257,0.01771293766796589,0.0,1666.6666259765625,0.0,921.0526123046875
2026-07-20T13:19:04.117,0.010669265873730183,0.01730399765074253,258.6206970214844,1694.915283203125,972.2222290039062,972.2222290039062
2026-07-20T13:19:10.784,0.0106936851516366,0.01737114042043686,265.4867248535156,1754.385986328125,945.9459228515625,945.9459228515625
2026-07-20T13:19:13.296,0.01041901670396328,0.01731010340154171,0.0,1666.6666259765625,945.9459228515625,945.9459228515625
2026-07-20T13:19:14.863,0.010528887622058392,0.017560351639986038,280.37384033203125,1923.076904296875,1076.923095703125,1076.923095703125
2026-07-20T13:19:21.292,0.010492265224456787,0.01726738177239895,267.8571472167969,1639.34423828125,0.0,886.075927734375
2026-07-20T13:19:23.607,0.011194190010428429,0.018048645928502083,263.15789794921875,1612.9031982421875,909.0908813476562,909.0908813476562
2026-07-20T13:19:26.917,0.010547196492552757,0.017126984894275665,267.8571472167969,1818.1817626953125,1000.0,1000.0
2026-07-20T13:20:06.352,0.010425124317407608,0.017303992062807083,280.37384033203125,1666.6666259765625,0.0,933.3333129882812
2026-07-20T13:20:08.860,0.010950040072202682,0.017499320209026337,275.2293701171875,1562.5,875.0,875.0
2026-07-20T13:20:28.589,0.010669272392988205,0.01770683564245701,309.2783508300781,1694.915283203125,958.9041137695312,958.9041137695312
2026-07-20T13:20:31.563,0.01029084250330925,0.017157506197690964,291.26214599609375,1694.915283203125,1000.0,1000.0
2026-07-20T13:20:33.130,0.010455643758177757,0.016956089064478874,265.4867248535156,1639.34423828125,933.3333129882812,933.3333129882812
2026-07-20T13:20:47.972,0.010699791833758354,0.016736352816224098,283.01885986328125,1818.1817626953125,1044.776123046875,1044.776123046875
2026-07-20T13:20:49.476,0.010602130554616451,0.01725516840815544,267.8571472167969,1587.3016357421875,972.2222290039062,972.2222290039062
2026-07-20T13:20:52.546,0.011090424843132496,0.018054747954010963,270.270263671875,1612.9031982421875,909.0908813476562,909.0908813476562
2026-07-20T13:20:54.114,0.010553304105997086,0.01716361939907074,267.8571472167969,1818.1817626953125,1000.0,1000.0
2026-07-20T13:21:01.628,0.010486161336302757,0.01700492575764656,0.0,1724.137939453125,985.9154663085938,985.9154663085938
2026-07-20T13:21:03.164,0.010693681426346302,0.017023229971528053,243.90243530273438,1612.9031982421875,958.9041137695312,958.9041137695312
2026-07-20T13:21:05.977,0.010852380655705929,0.01756644994020462,265.4867248535156,1639.34423828125,958.9041137695312,958.9041137695312
2026-07-20T13:21:30.343,0.010461744852364063,0.017169713973999023,267.8571472167969,1666.6666259765625,972.2222290039062,972.2222290039062
2026-07-20T13:21:31.908,0.010962244123220444,0.01719413697719574,267.8571472167969,1538.4615478515625,864.197509765625,864.197509765625
2026-07-20T13:21:33.636,0.010223699733614922,0.01741386204957962,263.15789794921875,1470.5882568359375,0.0,843.3734741210938
2026-07-20T13:21:36.323,0.011188081465661526,0.01759086735546589,500.0,1470.5882568359375,843.3734741210938,843.3734741210938
2026-07-20T13:21:37.874,0.010577715933322906,0.01756645180284977,112.35955047607422,1470.5882568359375,843.3734741210938,843.3734741210938
2026-07-20T13:22:26.546,0.010736409574747086,0.016943877562880516,243.90243530273438,1851.851806640625,1014.4927368164062,1014.4927368164062
2026-07-20T13:22:28.433,0.011133152060210705,0.01749321259558201,285.71429443359375,1886.79248046875,985.9154663085938,985.9154663085938
2026-07-20T13:22:30.911,0.010388501919806004,0.01706596091389656,250.0,1785.7142333984375,945.9459228515625,945.9459228515625
2026-07-20T13:22:53.621,0.01075472217053175,0.01745658740401268,263.15789794921875,1785.7142333984375,972.2222290039062,972.2222290039062
2026-07-20T13:22:56.611,0.010785240679979324,0.017590871080756187,297.0296936035156,1785.7142333984375,958.9041137695312,958.9041137695312
2026-07-20T13:23:00.111,0.010510575026273727,0.017450489103794098,258.6206970214844,1785.7142333984375,0.0,933.3333129882812
2026-07-20T13:23:04.327,0.010492261499166489,0.01719413325190544,256.4102478027344,1785.7142333984375,1000.0,1000.0
2026-07-20T13:23:07.110,0.01131625846028328,0.01740776002407074,272.7272644042969,1818.1817626953125,1014.4927368164062,1014.4927368164062
2026-07-20T13:23:08.886,0.010699788108468056,0.017011024057865143,265.4867248535156,1886.79248046875,1014.4927368164062,1044.776123046875
2026-07-20T13:23:10.438,0.011255226098001003,0.018506422638893127,250.0,1785.7142333984375,1000.0,1000.0
2026-07-20T13:23:13.251,0.010809654369950294,0.017432168126106262,229.00762939453125,1724.137939453125,985.9154663085938,985.9154663085938
2026-07-20T13:23:16.226,0.010406814515590668,0.01743217185139656,258.6206970214844,1612.9031982421875,985.9154663085938,972.2222290039062
2026-07-20T13:23:17.794,0.010541094467043877,0.017151400446891785,272.7272644042969,1818.1817626953125,1029.4117431640625,1029.4117431640625
2026-07-20T13:23:33.159,0.010351879522204399,0.016840122640132904,275.2293701171875,1818.1817626953125,0.0,958.9041137695312
2026-07-20T13:23:34.725,0.010388498194515705,0.016840122640132904,275.2293701171875,1724.137939453125,921.0526123046875,921.0526123046875
2026-07-20T13:23:38.627,0.010577719658613205,0.01765800639986992,250.0,1428.5714111328125,1186.440673828125,1186.440673828125
2026-07-20T13:23:40.131,0.010492264293134212,0.017108680680394173,265.4867248535156,1785.7142333984375,1186.440673828125,0.0
2026-07-20T13:23:41.777,0.010663165710866451,0.01743217557668686,277.77777099609375,1754.385986328125,985.9154663085938,985.9154663085938
2026-07-20T13:23:43.345,0.01113315112888813,0.01713309809565544,256.4102478027344,1785.7142333984375,985.9154663085938,985.9154663085938
2026-07-20T13:23:46.128,0.010559405200183392,0.017310095950961113,254.23728942871094,1851.851806640625,0.0,1014.4927368164062
2026-07-20T13:23:49.135,0.011316261254251003,0.017932677641510963,258.6206970214844,1818.1817626953125,972.2222290039062,972.2222290039062
2026-07-20T13:23:50.638,0.010974453762173653,0.01738334447145462,285.71429443359375,1886.79248046875,1000.0,1000.0
2026-07-20T13:23:53.645,0.011243020184338093,0.017560351639986038,272.7272644042969,1923.076904296875,1060.6060791015625,1060.6060791015625
2026-07-20T13:24:25.873,0.010480046272277832,0.017252108082175255,283.01885986328125,1923.076904296875,1044.776123046875,1044.776123046875
2026-07-20T13:24:27.488,0.010766935534775257,0.01698353886604309,270.270263671875,1818.1817626953125,1000.0,1000.0
2026-07-20T13:24:29.518,0.010629591532051563,0.017410816624760628,258.6206970214844,1754.385986328125,985.9154663085938,985.9154663085938
2026-07-20T13:24:36.363,0.010669269599020481,0.017648855224251747,291.26214599609375,1754.385986328125,0.0,933.3333129882812
2026-07-20T13:24:39.561,0.010422063991427422,0.01736200414597988,238.09524536132812,1694.915283203125,945.9459228515625,945.9459228515625
2026-07-20T13:24:46.871,0.01058381237089634,0.017471859231591225,260.86956787109375,1785.7142333984375,1000.0,1000.0
2026-07-20T13:24:48.487,0.011105678975582123,0.017600037157535553,222.22222900390625,1666.6666259765625,972.2222290039062,972.2222290039062
2026-07-20T13:24:53.027,0.010889002121984959,0.017612239345908165,258.6206970214844,1754.385986328125,945.9459228515625,945.9459228515625
2026-07-20T13:24:54.579,0.010486151091754436,0.017081206664443016,0.0,1754.385986328125,1000.0,1000.0
2026-07-20T13:24:56.147,0.011017173528671265,0.017398590222001076,250.0,1666.6666259765625,933.3333129882812,933.3333129882812
2026-07-20T13:25:07.864,0.010885942727327347,0.01762748509645462,267.8571472167969,1818.1817626953125,1000.0,1000.0
2026-07-20T13:25:10.868,0.010760818608105183,0.017554238438606262,265.4867248535156,1886.79248046875,1044.776123046875,1044.776123046875
2026-07-20T13:25:12.370,0.010574656538665295,0.017490165308117867,272.7272644042969,1851.851806640625,1014.4927368164062,1014.4927368164062
2026-07-20T13:25:20.125,0.010760827921330929,0.017432190477848053,272.7272644042969,1724.137939453125,0.0,945.9459228515625
2026-07-20T13:25:21.676,0.010644844733178616,0.01756037026643753,260.86956787109375,1724.137939453125,972.2222290039062,972.2222290039062
2026-07-20T13:25:24.490,0.010715045966207981,0.017465732991695404,247.9338836669922,1754.385986328125,972.2222290039062,972.2222290039062
2026-07-20T13:25:28.871,0.010623489506542683,0.017429113388061523,250.0,1724.137939453125,945.9459228515625,0.0
2026-07-20T13:25:30.374,0.010623489506542683,0.017429113388061523,250.0,1724.137939453125,897.4359130859375,897.4359130859375
2026-07-20T13:25:33.426,0.010577716864645481,0.017203297466039658,277.77777099609375,1724.137939453125,933.3333129882812,933.3333129882812
2026-07-20T13:25:34.993,0.010684522800147533,0.01723683625459671,247.9338836669922,1724.137939453125,945.9459228515625,945.9459228515625
2026-07-20T13:28:08.796,0.011163678951561451,0.017438294366002083,229.00762939453125,1612.9031982421875,1076.923095703125,1076.923095703125
2026-07-20T13:28:12.122,0.01062958873808384,0.017499305307865143,263.15789794921875,1785.7142333984375,1111.111083984375,1111.111083984375
2026-07-20T13:28:14.935,0.010766922496259212,0.017554260790348053,247.9338836669922,1754.385986328125,1111.111083984375,1111.111083984375
2026-07-20T13:28:17.909,0.010831009596586227,0.01719716563820839,258.6206970214844,1923.076904296875,1186.440673828125,1186.440673828125
2026-07-20T13:28:22.769,0.010614330880343914,0.017383340746164322,270.270263671875,1818.1817626953125,1111.111083984375,1111.111083984375
2026-07-20T13:28:25.424,0.010635695420205593,0.017493214458227158,256.4102478027344,1724.137939453125,1093.75,1093.75
2026-07-20T13:28:47.486,0.010669262148439884,0.017383353784680367,254.23728942871094,1694.915283203125,1060.6060791015625,1060.6060791015625
2026-07-20T13:28:52.058,0.010748612694442272,0.01716664619743824,263.15789794921875,1785.7142333984375,1076.923095703125,1076.923095703125
2026-07-20T13:28:54.359,0.010888994671404362,0.017548145726323128,252.10084533691406,1754.385986328125,1111.111083984375,1111.111083984375
2026-07-20T13:29:01.860,0.010852375999093056,0.017529824748635292,267.8571472167969,1724.137939453125,1044.776123046875,1044.776123046875
2026-07-20T13:29:26.175,0.010376286692917347,0.017114778980612755,272.7272644042969,1851.851806640625,1147.541015625,1147.541015625
2026-07-20T13:29:27.742,0.010409857146441936,0.017725151032209396,280.37384033203125,1666.6666259765625,1060.6060791015625,1060.6060791015625
2026-07-20T13:29:45.552,0.011029395274817944,0.01788691058754921,197.36842346191406,1612.9031982421875,1044.776123046875,1044.776123046875
2026-07-20T13:29:47.056,0.010644850321114063,0.017639709636569023,250.0,1612.9031982421875,1060.6060791015625,1060.6060791015625
2026-07-20T13:30:09.889,0.010516672395169735,0.01708424836397171,227.27272033691406,1694.915283203125,985.9154663085938,985.9154663085938
2026-07-20T13:30:11.455,0.010489203035831451,0.017188027501106262,258.6206970214844,1694.915283203125,921.0526123046875,921.0526123046875
2026-07-20T13:30:13.019,0.010791338980197906,0.017654968425631523,277.77777099609375,1724.137939453125,0.0,1029.4117431640625
2026-07-20T13:30:21.940,0.010602124035358429,0.017084255814552307,260.86956787109375,1785.7142333984375,1111.111083984375,1111.111083984375
2026-07-20T13:43:07.978,0.010565502569079399,0.017374182119965553,223.88059997558594,1724.137939453125,0.0,921.0526123046875
2026-07-20T13:43:14.824,0.010916467756032944,0.017438286915421486,243.90243530273438,1785.7142333984375,1076.923095703125,1076.923095703125
2026-07-20T13:43:35.069,0.01062958687543869,0.01760614663362503,218.9781036376953,1562.5,945.9459228515625,945.9459228515625
2026-07-20T13:43:36.573,0.010483099147677422,0.01735588163137436,250.0,1538.4615478515625,0.0,945.9459228515625
2026-07-20T13:43:55.279,0.010675369761884212,0.01762443408370018,202.70269775390625,1694.915283203125,0.0,1000.0
2026-07-20T13:43:57.757,0.010495307855308056,0.017404703423380852,247.9338836669922,1785.7142333984375,1111.111083984375,1111.111083984375
2026-07-20T13:55:03.476,0.010837128385901451,0.017371125519275665,263.15789794921875,1694.915283203125,1076.923095703125,1076.923095703125
2026-07-20T13:55:11.005,0.010852380655705929,0.017181914299726486,258.6206970214844,1639.34423828125,1014.4927368164062,1014.4927368164062
2026-07-20T13:55:12.563,0.010455633513629436,0.01737723872065544,0.0,1694.915283203125,1044.776123046875,1044.776123046875
2026-07-20T13:55:14.128,0.010275575332343578,0.01695607788860798,243.90243530273438,1754.385986328125,1044.776123046875,1044.776123046875
2026-07-20T13:55:23.355,0.010538032278418541,0.017126992344856262,265.4867248535156,1818.1817626953125,0.0,1093.75
2026-07-20T13:55:25.866,0.010620432905852795,0.016934717074036598,275.2293701171875,1666.6666259765625,1044.776123046875,1044.776123046875
2026-07-20T13:55:27.604,0.010663165710866451,0.017288727685809135,222.22222900390625,1724.137939453125,0.0,1029.4117431640625
2026-07-20T13:55:29.165,0.010437323711812496,0.01707814820110798,227.27272033691406,1785.7142333984375,1076.923095703125,1076.923095703125
2026-07-20T13:55:33.360,0.010647897608578205,0.017285671085119247,263.15789794921875,1818.1817626953125,1076.923095703125,1076.923095703125
2026-07-20T13:55:36.851,0.010669264942407608,0.017633602023124695,263.15789794921875,1851.851806640625,0.0,1186.440673828125
2026-07-20T13:55:38.555,0.010748612694442272,0.017361976206302643,206.89654541015625,1666.6666259765625,1029.4117431640625,1029.4117431640625
2026-07-20T13:55:41.072,0.010577707551419735,0.017233803868293762,256.4102478027344,1851.851806640625,1111.111083984375,1111.111083984375
2026-07-20T13:55:44.193,0.010528876446187496,0.017246006056666374,245.90164184570312,1754.385986328125,1060.6060791015625,1060.6060791015625
2026-07-20T13:55:51.871,0.010602121241390705,0.017233803868293762,247.9338836669922,1785.7142333984375,0.0,1060.6060791015625
2026-07-20T13:56:09.572,0.010861529037356377,0.017413854598999023,220.58824157714844,1666.6666259765625,1044.776123046875,1044.776123046875
2026-07-20T13:56:11.134,0.010608229786157608,0.017429113388061523,256.4102478027344,1666.6666259765625,972.2222290039062,972.2222290039062
2026-07-20T13:56:12.873,0.010281682014465332,0.017249058932065964,243.90243530273438,1886.79248046875,1076.923095703125,1076.923095703125
2026-07-20T13:56:41.365,0.010376286692917347,0.01705068163573742,252.10084533691406,1886.79248046875,1129.0322265625,1129.0322265625
2026-07-20T13:56:43.415,0.01058686338365078,0.017419958487153053,220.58824157714844,1639.34423828125,0.0,1000.0
2026-07-20T13:56:44.984,0.010507515631616116,0.01699269562959671,225.56390380859375,1666.6666259765625,972.2222290039062,972.2222290039062
2026-07-20T13:57:13.454,0.010339663363993168,0.01715446263551712,250.0,1754.385986328125,1060.6060791015625,1060.6060791015625
2026-07-20T13:57:15.067,0.010415960103273392,0.017014075070619583,265.4867248535156,1851.851806640625,1166.6666259765625,1166.6666259765625
2026-07-20T13:57:16.631,0.011014122515916824,0.017590848729014397,256.4102478027344,1612.9031982421875,0.0,1029.4117431640625
2026-07-20T13:57:19.605,0.010892050340771675,0.017462676391005516,212.76596069335938,1639.34423828125,1014.4927368164062,1014.4927368164062
2026-07-20T13:57:28.470,0.010461747646331787,0.017221594229340553,260.86956787109375,1886.79248046875,1129.0322265625,1129.0322265625
2026-07-20T13:57:30.234,0.010736404918134212,0.017297878861427307,250.0,1754.385986328125,1093.75,1093.75
2026-07-20T13:57:33.056,0.010708939284086227,0.017606116831302643,225.56390380859375,1724.137939453125,985.9154663085938,985.9154663085938
2026-07-20T13:57:34.792,0.01057465560734272,0.01713613234460354,260.86956787109375,1724.137939453125,1029.4117431640625,1029.4117431640625
2026-07-20T13:57:37.792,0.010608229786157608,0.01775568537414074,230.76922607421875,1724.137939453125,0.0,1060.6060791015625
2026-07-20T13:57:40.602,0.010318303480744362,0.01715138927102089,247.9338836669922,1694.915283203125,1029.4117431640625,1029.4117431640625
2026-07-20T13:57:51.094,0.010724198073148727,0.01734977401793003,270.270263671875,1666.6666259765625,1000.0,1000.0
2026-07-20T13:57:53.137,0.010538033209741116,0.017212441191077232,245.90164184570312,1818.1817626953125,1093.75,1093.75
2026-07-20T13:58:05.022,0.010513617657124996,0.017224634066224098,270.270263671875,1754.385986328125,1060.6060791015625,1060.6060791015625
2026-07-20T13:58:06.596,0.010263370350003242,0.01703541912138462,250.0,1785.7142333984375,1093.75,1093.75
2026-07-20T13:58:08.164,0.010531933046877384,0.017148340120911598,252.10084533691406,1785.7142333984375,1060.6060791015625,1060.6060791015625
2026-07-20T13:58:17.986,0.010470894165337086,0.017215484753251076,258.6206970214844,1754.385986328125,1060.6060791015625,1060.6060791015625
2026-07-20T13:58:19.605,0.010327459312975407,0.017227694392204285,220.58824157714844,1612.9031982421875,1014.4927368164062,1014.4927368164062
2026-07-20T13:58:26.009,0.010748611763119698,0.01755424030125141,245.90164184570312,1639.34423828125,0.0,1014.4927368164062
2026-07-20T13:58:34.611,0.010382388718426228,0.017111729830503464,250.0,1851.851806640625,1147.541015625,1147.541015625
2026-07-20T13:58:36.172,0.010440374724566936,0.01731010712683201,236.22047424316406,1666.6666259765625,1014.4927368164062,1014.4927368164062
2026-07-20T13:59:00.624,0.010354924947023392,0.017355889081954956,275.2293701171875,1785.7142333984375,0.0,1044.776123046875
2026-07-20T13:59:02.169,0.010443427599966526,0.017380299046635628,267.8571472167969,1785.7142333984375,1129.0322265625,1129.0322265625
2026-07-20T13:59:03.763,0.010248104110360146,0.016916396096348763,275.2293701171875,1754.385986328125,1029.4117431640625,1029.4117431640625
2026-07-20T13:59:06.415,0.010708940215408802,0.017148341983556747,254.23728942871094,1785.7142333984375,1076.923095703125,1076.923095703125
2026-07-20T13:59:15.149,0.010440374724566936,0.017499322071671486,241.93548583984375,1724.137939453125,1060.6060791015625,1060.6060791015625
2026-07-20T13:59:18.139,0.010672313161194324,0.017578668892383575,234.375,1694.915283203125,1014.4927368164062,1014.4927368164062
2026-07-20T13:59:22.881,0.010470893234014511,0.017279576510190964,245.90164184570312,1886.79248046875,1129.0322265625,1129.0322265625
2026-07-20T13:59:24.448,0.010434270836412907,0.017157496884465218,225.56390380859375,1587.3016357421875,972.2222290039062,972.2222290039062
2026-07-20T13:59:29.313,0.010715040378272533,0.017133086919784546,232.55813598632812,1694.915283203125,0.0,1044.776123046875
2026-07-20T13:59:30.886,0.0105044636875391,0.017535943537950516,238.09524536132812,1754.385986328125,1044.776123046875,1044.776123046875
2026-07-20T13:59:51.276,0.010797440074384212,0.01765800639986992,275.2293701171875,1724.137939453125,1014.4927368164062,1014.4927368164062
2026-07-20T13:59:52.836,0.010596025735139847,0.01751764863729477,234.375,1754.385986328125,1044.776123046875,1044.776123046875
2026-07-20T14:00:00.338,0.01057465560734272,0.017078161239624023,241.93548583984375,1785.7142333984375,1044.776123046875,1044.776123046875
2026-07-20T14:00:02.077,0.010296936146914959,0.017157509922981262,208.3333282470703,1754.385986328125,1147.541015625,1147.541015625
2026-07-20T14:00:14.255,0.01047394797205925,0.01718495786190033,222.22222900390625,1587.3016357421875,0.0,1029.4117431640625
2026-07-20T14:00:15.815,0.010687575675547123,0.017535943537950516,229.00762939453125,1612.9031982421875,1014.4927368164062,1014.4927368164062
2026-07-20T14:00:18.337,0.010690625756978989,0.01744437776505947,263.15789794921875,1754.385986328125,1060.6060791015625,1060.6060791015625
2026-07-20T14:57:11.464,0.010965293273329735,0.017163598909974098,277.77777099609375,1724.137939453125,1044.776123046875,1044.776123046875
2026-07-20T14:57:13.028,0.010373233817517757,0.017453543841838837,252.10084533691406,1785.7142333984375,1076.923095703125,1076.923095703125
2026-07-20T14:57:14.580,0.010565503500401974,0.01759086549282074,245.90164184570312,1818.1817626953125,1044.776123046875,1044.776123046875
2026-07-20T14:57:20.052,0.01060517504811287,0.017715992406010628,232.55813598632812,1754.385986328125,1111.111083984375,1111.111083984375
2026-07-20T14:57:24.623,0.010449531488120556,0.017276521772146225,225.56390380859375,1612.9031982421875,1029.4117431640625,1029.4117431640625
2026-07-20T14:57:27.582,0.010614336468279362,0.017206335440278053,252.10084533691406,1818.1817626953125,1093.75,1093.75
2026-07-20T14:57:39.638,0.010724208317697048,0.017154458910226822,227.27272033691406,1754.385986328125,1060.6060791015625,1060.6060791015625
2026-07-20T14:57:41.189,0.01046479307115078,0.017236851155757904,260.86956787109375,1754.385986328125,1014.4927368164062,1014.4927368164062
2026-07-20T14:57:46.195,0.01050141453742981,0.017316197976469994,254.23728942871094,1886.79248046875,1166.6666259765625,1166.6666259765625
2026-07-20T14:57:48.483,0.01058075949549675,0.01709645614027977,240.0,1785.7142333984375,1076.923095703125,1076.923095703125
2026-07-20T15:03:21.699,0.010681472718715668,0.017310118302702904,265.4867248535156,1923.076904296875,1186.440673828125,1186.440673828125
2026-07-20T15:03:23.266,0.010394598357379436,0.016968294978141785,258.6206970214844,1785.7142333984375,1111.111083984375,1111.111083984375
2026-07-20T15:03:25.152,0.010919518768787384,0.017441341653466225,303.0303039550781,1785.7142333984375,1044.776123046875,1044.776123046875
2026-07-20T15:03:27.693,0.010568555444478989,0.017581725493073463,277.77777099609375,1851.851806640625,1076.923095703125,1076.923095703125
2026-07-20T15:03:29.564,0.010592966340482235,0.01739860139787197,243.90243530273438,1694.915283203125,1044.776123046875,1044.776123046875
2026-07-20T15:03:54.885,0.01053193211555481,0.01722160167992115,275.2293701171875,1923.076904296875,1147.541015625,1147.541015625
2026-07-20T15:03:56.949,0.010467841289937496,0.017175815999507904,240.0,1724.137939453125,0.0,1044.776123046875
2026-07-20T15:04:07.022,0.010827962309122086,0.017835013568401337,288.4615478515625,1754.385986328125,1060.6060791015625,1060.6060791015625
2026-07-20T15:04:08.748,0.011096528731286526,0.01776179112493992,275.2293701171875,1818.1817626953125,1044.776123046875,1044.776123046875
2026-07-20T15:04:56.774,0.010391546413302422,0.017532890662550926,256.4102478027344,1886.79248046875,1129.0322265625,1129.0322265625
2026-07-20T15:04:58.501,0.010498365387320518,0.01712699607014656,245.90164184570312,1694.915283203125,1044.776123046875,1044.776123046875
2026-07-20T15:05:18.676,0.010959191247820854,0.01763359270989895,256.4102478027344,1886.79248046875,1166.6666259765625,1166.6666259765625
2026-07-20T15:05:20.545,0.010480050928890705,0.017361992970108986,238.09524536132812,1666.6666259765625,0.0,1044.776123046875
2026-07-20T15:06:02.801,0.01055329293012619,0.017227692529559135,263.15789794921875,1923.076904296875,1186.440673828125,1186.440673828125
2026-07-20T15:06:04.367,0.01058381050825119,0.017749575898051262,230.76922607421875,1724.137939453125,1060.6060791015625,1060.6060791015625
2026-07-20T15:06:13.304,0.010632647201418877,0.01753595657646656,230.76922607421875,1785.7142333984375,1093.75,1093.75
2026-07-20T15:06:14.856,0.010415959171950817,0.01713917776942253,270.270263671875,1818.1817626953125,1093.75,1093.75
2026-07-20T15:06:16.422,0.010367130860686302,0.017245998606085777,234.375,1754.385986328125,1060.6060791015625,1060.6060791015625
2026-07-20T15:06:40.695,0.010571601800620556,0.017310090363025665,254.23728942871094,1886.79248046875,1186.440673828125,1186.440673828125
2026-07-20T15:06:42.263,0.010577705688774586,0.01699879579246044,234.375,1666.6666259765625,1060.6060791015625,1060.6060791015625
2026-07-20T15:06:52.595,0.010654008015990257,0.017191071063280106,241.93548583984375,1754.385986328125,1076.923095703125,1076.923095703125
2026-07-20T15:06:54.163,0.010415961965918541,0.017474913969635963,234.375,1818.1817626953125,1093.75,1093.75
2026-07-20T15:06:55.715,0.01059906929731369,0.017355870455503464,227.27272033691406,1754.385986328125,1060.6060791015625,1060.6060791015625
2026-07-20T15:07:04.796,0.010382392443716526,0.01728871650993824,263.15789794921875,1818.1817626953125,1093.75,1093.75
2026-07-20T15:07:06.364,0.010690626688301563,0.017282623797655106,245.90164184570312,1785.7142333984375,1093.75,1093.75
2026-07-20T15:07:14.952,0.011090431362390518,0.01784723438322544,238.09524536132812,1785.7142333984375,1111.111083984375,1111.111083984375
2026-07-20T15:07:16.456,0.010473945178091526,0.01718190871179104,232.55813598632812,1666.6666259765625,1014.4927368164062,1014.4927368164062
2026-07-20T15:07:18.117,0.010769976302981377,0.017450496554374695,240.0,1694.915283203125,1014.4927368164062,1014.4927368164062
2026-07-20T15:08:28.681,0.011050749570131302,0.017404712736606598,254.23728942871094,1785.7142333984375,1428.5714111328125,1428.5714111328125
2026-07-20T15:08:30.183,0.010553291067481041,0.017041532322764397,238.09524536132812,1724.137939453125,1029.4117431640625,1029.4117431640625
2026-07-20T15:08:50.281,0.010681475512683392,0.017355864867568016,260.86956787109375,1923.076904296875,1147.541015625,1147.541015625
2026-07-20T15:08:52.008,0.010821854695677757,0.01773124188184738,240.0,1785.7142333984375,1076.923095703125,1076.923095703125
2026-07-20T15:09:19.410,0.010568556375801563,0.01750236004590988,236.22047424316406,1886.79248046875,945.9459228515625,945.9459228515625
2026-07-20T15:09:20.973,0.010867633856832981,0.01748405396938324,243.90243530273438,1851.851806640625,1093.75,1093.75
2026-07-20T15:09:22.557,0.010269470512866974,0.017291788011789322,243.90243530273438,1818.1817626953125,1093.75,1093.75
2026-07-20T15:09:27.850,0.010782187804579735,0.017444372177124023,230.76922607421875,1724.137939453125,1076.923095703125,1076.923095703125
2026-07-20T15:09:37.124,0.010486151091754436,0.017371153458952904,243.90243530273438,1754.385986328125,1076.923095703125,1076.923095703125
2026-07-20T15:09:38.676,0.010623490437865257,0.01724601350724697,238.09524536132812,1785.7142333984375,1166.6666259765625,1166.6666259765625
2026-07-20T15:09:40.259,0.0104892048984766,0.01719105988740921,222.22222900390625,1785.7142333984375,1093.75,1093.75
2026-07-20T15:09:50.445,0.010568550787866116,0.01727651059627533,245.90164184570312,1818.1817626953125,1093.75,1093.75
2026-07-20T15:09:52.013,0.010718094184994698,0.017401644960045815,220.58824157714844,1754.385986328125,1044.776123046875,1044.776123046875
2026-07-20T15:09:53.580,0.010687572881579399,0.0170720387250185,277.77777099609375,1724.137939453125,1060.6060791015625,1060.6060791015625
2026-07-20T15:10:39.249,0.010773028247058392,0.017557285726070404,238.09524536132812,1754.385986328125,1060.6060791015625,1060.6060791015625
2026-07-20T15:10:42.221,0.010745556093752384,0.017514580860733986,258.6206970214844,1886.79248046875,1186.440673828125,1186.440673828125
2026-07-20T15:10:48.646,0.010861529968678951,0.01723073422908783,230.76922607421875,1724.137939453125,1076.923095703125,1076.923095703125
2026-07-20T15:11:34.657,0.010809648782014847,0.017319265753030777,254.23728942871094,1923.076904296875,1093.75,1093.75
2026-07-20T15:11:41.868,0.010763874277472496,0.017276525497436523,241.93548583984375,1818.1817626953125,1489.3616943359375,1489.3616943359375
2026-07-20T15:11:52.390,0.010559404268860817,0.01723075658082962,277.77777099609375,1923.076904296875,1186.440673828125,1186.440673828125
2026-07-20T15:11:53.955,0.010498360730707645,0.01723075471818447,247.9338836669922,1754.385986328125,1129.0322265625,1129.0322265625
2026-07-20T15:12:16.475,0.01061737909913063,0.01718190871179104,217.3913116455078,1639.34423828125,1044.776123046875,1044.776123046875
2026-07-20T15:12:18.043,0.010513616725802422,0.01705985516309738,241.93548583984375,1754.385986328125,1093.75,1093.75
2026-07-20T15:12:19.627,0.010492256842553616,0.017242973670363426,232.55813598632812,1818.1817626953125,1186.440673828125,1186.440673828125
2026-07-20T15:12:41.232,0.0110660120844841,0.017697686329483986,254.23728942871094,1886.79248046875,1147.541015625,1147.541015625
2026-07-20T15:12:48.456,0.01063569262623787,0.01751764863729477,250.0,1785.7142333984375,1521.7391357421875,1521.7391357421875
2026-07-20T15:12:54.418,0.01058381050825119,0.01708119735121727,280.37384033203125,1754.385986328125,1093.75,1093.75
2026-07-20T15:13:04.825,0.01041901484131813,0.01705067791044712,250.0,1724.137939453125,1060.6060791015625,1060.6060791015625
2026-07-20T15:13:06.455,0.010422063991427422,0.01708425022661686,211.26760864257812,1612.9031982421875,1029.4117431640625,1029.4117431640625
2026-07-20T15:13:08.004,0.010715042240917683,0.01766105554997921,243.90243530273438,1754.385986328125,1044.776123046875,1044.776123046875
2026-07-20T15:14:50.233,0.010492261499166489,0.017206329852342606,250.0,1785.7142333984375,1400.0,1400.0
2026-07-20T15:14:51.815,0.010415962897241116,0.01719106175005436,260.86956787109375,1886.79248046875,1076.923095703125,1076.923095703125
2026-07-20T15:14:54.119,0.010507514700293541,0.01716664619743824,227.27272033691406,1694.915283203125,958.9041137695312,958.9041137695312
2026-07-20T15:15:19.821,0.010544134303927422,0.017255159094929695,254.23728942871094,1818.1817626953125,1044.776123046875,1044.776123046875
2026-07-20T15:15:21.325,0.010965293273329735,0.017584750428795815,0.0,1754.385986328125,972.2222290039062,972.2222290039062
2026-07-20T15:15:22.028,0.010318297892808914,0.01697133108973503,252.10084533691406,1639.34423828125,958.9041137695312,958.9041137695312
2026-07-20T15:15:27.335,0.010455635376274586,0.017142251133918762,234.375,1562.5,958.9041137695312,933.3333129882812
2026-07-20T15:15:36.446,0.01062043383717537,0.017200220376253128,245.90164184570312,1694.915283203125,933.3333129882812,933.3333129882812
2026-07-20T15:15:38.014,0.010556344874203205,0.01743217743933201,234.375,1612.9031982421875,945.9459228515625,945.9459228515625
2026-07-20T15:15:44.126,0.010513617657124996,0.01736503094434738,277.77777099609375,1754.385986328125,1000.0,1000.0
2026-07-20T15:15:45.693,0.010373237542808056,0.01727958768606186,247.9338836669922,1724.137939453125,0.0,1000.0
2026-07-20T15:15:52.905,0.010388493537902832,0.017230752855539322,238.09524536132812,1724.137939453125,933.3333129882812,933.3333129882812
2026-07-20T15:15:54.470,0.010394593700766563,0.017126981168985367,238.09524536132812,1666.6666259765625,972.2222290039062,972.2222290039062
2026-07-20T15:16:06.858,0.010419012047350407,0.017395557835698128,258.6206970214844,1785.7142333984375,0.0,1014.4927368164062
2026-07-20T15:16:09.319,0.010299993678927422,0.01698964089155197,252.10084533691406,1694.915283203125,972.2222290039062,972.2222290039062
2026-07-20T15:16:12.484,0.010290834121406078,0.01695607416331768,245.90164184570312,1694.915283203125,972.2222290039062,972.2222290039062
2026-07-20T15:16:14.068,0.010461738333106041,0.01720327138900757,229.00762939453125,1612.9031982421875,945.9459228515625,945.9459228515625
2026-07-20T15:16:19.824,0.010476995259523392,0.01710561104118824,245.90164184570312,1694.915283203125,0.0,958.9041137695312
2026-07-20T15:16:21.581,0.010394595563411713,0.017303992062807083,245.90164184570312,1694.915283203125,958.9041137695312,958.9041137695312
2026-07-20T15:16:24.412,0.010565501637756824,0.017215479165315628,238.09524536132812,1724.137939453125,972.2222290039062,972.2222290039062
2026-07-20T15:16:25.959,0.010669269599020481,0.017352817580103874,229.00762939453125,1587.3016357421875,945.9459228515625,945.9459228515625
2026-07-20T15:16:28.930,0.010498360730707645,0.01700795255601406,250.0,1754.385986328125,1372.549072265625,1372.549072265625
2026-07-20T15:16:52.204,0.010501410812139511,0.017206327989697456,245.90164184570312,1612.9031982421875,921.0526123046875,921.0526123046875
2026-07-20T15:16:53.706,0.010397647507488728,0.01764887198805809,252.10084533691406,1587.3016357421875,921.0526123046875,921.0526123046875
2026-07-20T15:16:55.528,0.010464788414537907,0.017410824075341225,277.77777099609375,1754.385986328125,0.0,1372.549072265625
2026-07-20T15:16:58.359,0.010385442525148392,0.017380280420184135,270.270263671875,1724.137939453125,958.9041137695312,958.9041137695312
2026-07-20T15:17:53.970,0.01055939681828022,0.017368102446198463,280.37384033203125,1694.915283203125,897.4359130859375,0.0
2026-07-20T15:17:55.554,0.01055939681828022,0.017368102446198463,245.90164184570312,1694.915283203125,945.9459228515625,945.9459228515625
2026-07-20T15:17:57.105,0.010953095741569996,0.017679357901215553,245.90164184570312,1639.34423828125,897.4359130859375,897.4359130859375
2026-07-20T15:18:18.049,0.010397650301456451,0.017160549759864807,280.37384033203125,1754.385986328125,958.9041137695312,958.9041137695312
2026-07-20T15:18:19.550,0.010321354493498802,0.01692555472254753,263.15789794921875,1666.6666259765625,972.2222290039062,972.2222290039062
2026-07-20T15:18:21.054,0.01046784408390522,0.017499295994639397,256.4102478027344,1666.6666259765625,921.0526123046875,921.0526123046875
2026-07-20T15:18:27.193,0.010446480475366116,0.01731007918715477,238.09524536132812,1754.385986328125,958.9041137695312,958.9041137695312
2026-07-20T15:18:28.745,0.010483099147677422,0.017062894999980927,260.86956787109375,1785.7142333984375,1014.4927368164062,1014.4927368164062
2026-07-20T15:18:52.956,0.010687576606869698,0.017310086637735367,258.6206970214844,1754.385986328125,945.9459228515625,945.9459228515625
2026-07-20T15:18:57.530,0.010464790277183056,0.017361991107463837,225.56390380859375,1666.6666259765625,909.0908813476562,909.0908813476562
2026-07-20T15:18:59.130,0.010464790277183056,0.017361991107463837,225.56390380859375,1666.6666259765625,972.2222290039062,972.2222290039062
2026-07-20T15:19:05.397,0.010602121241390705,0.017297906801104546,256.4102478027344,1785.7142333984375,1014.4927368164062,1014.4927368164062
2026-07-20T15:19:06.949,0.010257262736558914,0.01700185425579548,252.10084533691406,1694.915283203125,945.9459228515625,945.9459228515625
2026-07-20T15:19:09.617,0.01059906929731369,0.017413856461644173,280.37384033203125,1754.385986328125,958.9041137695312,958.9041137695312
2026-07-20T15:19:11.184,0.010757766664028168,0.017764821648597717,243.90243530273438,1724.137939453125,1000.0,1000.0
2026-07-20T15:19:12.753,0.010476998053491116,0.01705067977309227,238.09524536132812,1754.385986328125,1014.4927368164062,1014.4927368164062
2026-07-20T15:19:18.493,0.010446477681398392,0.01730705052614212,247.9338836669922,1666.6666259765625,0.0,945.9459228515625
2026-07-20T15:19:20.106,0.010501413606107235,0.017136145383119583,223.88059997558594,1587.3016357421875,945.9459228515625,945.9459228515625
2026-07-20T15:20:17.884,0.010568550787866116,0.017368078231811523,241.93548583984375,1639.34423828125,1044.776123046875,1044.776123046875
2026-07-20T15:20:19.433,0.0104434285312891,0.017218532040715218,256.4102478027344,1818.1817626953125,1186.440673828125,1186.440673828125
2026-07-20T15:20:22.409,0.010516669601202011,0.017188020050525665,215.82733154296875,1562.5,1029.4117431640625,1029.4117431640625
2026-07-20T15:20:23.976,0.010562448762357235,0.017593910917639732,241.93548583984375,1785.7142333984375,1076.923095703125,1076.923095703125
2026-07-20T15:20:26.934,0.010437325574457645,0.017154453322291374,265.4867248535156,1666.6666259765625,1029.4117431640625,1029.4117431640625
2026-07-20T15:20:28.980,0.01048920676112175,0.017255151644349098,247.9338836669922,1639.34423828125,0.0,1060.6060791015625
2026-07-20T15:20:37.419,0.010617382824420929,0.01735282503068447,241.93548583984375,1562.5,1014.4927368164062,1014.4927368164062
2026-07-20T15:20:40.726,0.010370182804763317,0.01718190312385559,0.0,1724.137939453125,0.0,1060.6060791015625
2026-07-20T15:20:42.292,0.01043122261762619,0.017221588641405106,258.6206970214844,1754.385986328125,1060.6060791015625,1060.6060791015625
2026-07-20T15:21:28.326,0.010269471444189548,0.016995741054415703,234.375,1612.9031982421875,1014.4927368164062,1014.4927368164062
2026-07-20T15:21:29.828,0.010583813302218914,0.017578663304448128,263.15789794921875,1818.1817626953125,1206.8966064453125,1206.8966064453125
2026-07-20T15:21:50.572,0.01056855358183384,0.016937773674726486,236.22047424316406,1694.915283203125,1000.0,1000.0
2026-07-20T15:21:52.140,0.010394598357379436,0.01713917776942253,236.22047424316406,1639.34423828125,1029.4117431640625,1029.4117431640625
2026-07-20T15:22:20.458,0.010367133654654026,0.017102571204304695,250.0,1694.915283203125,1044.776123046875,1044.776123046875
2026-07-20T15:22:22.025,0.010983610525727272,0.017303980886936188,270.270263671875,1851.851806640625,1166.6666259765625,1166.6666259765625
2026-07-20T15:22:45.047,0.010446479544043541,0.01699269562959671,263.15789794921875,1851.851806640625,1129.0322265625,1129.0322265625
2026-07-20T15:22:46.615,0.01054108515381813,0.017252117395401,238.09524536132812,1612.9031982421875,985.9154663085938,985.9154663085938
2026-07-20T15:23:17.021,0.010357976891100407,0.0174199640750885,256.4102478027344,1818.1817626953125,0.0,1186.440673828125
2026-07-20T15:23:18.586,0.010382389649748802,0.01723991148173809,250.0,1666.6666259765625,1014.4927368164062,1014.4927368164062
2026-07-20T15:23:27.523,0.010373234748840332,0.017215484753251076,250.0,1666.6666259765625,921.0526123046875,921.0526123046875
2026-07-20T15:23:29.090,0.010446477681398392,0.017215484753251076,250.0,1587.3016357421875,1111.111083984375,1111.111083984375
2026-07-20T15:23:56.876,0.010715038515627384,0.017126979306340218,217.3913116455078,1562.5,0.0,0.0
2026-07-20T15:23:58.443,0.010425115935504436,0.01708119735121727,241.93548583984375,1639.34423828125,972.2222290039062,1060.6060791015625
2026-07-20T15:24:00.746,0.01051362045109272,0.01732231304049492,238.09524536132812,1639.34423828125,1000.0,1000.0
2026-07-20T15:24:18.861,0.010693678632378578,0.01718495972454548,218.9781036376953,1639.34423828125,1076.923095703125,1076.923095703125
2026-07-20T15:24:20.363,0.010538032278418541,0.017142247408628464,230.76922607421875,1515.1514892578125,972.2222290039062,972.2222290039062
2026-07-20T15:24:21.865,0.010519721545279026,0.017166664823889732,245.90164184570312,1694.915283203125,1111.111083984375,1111.111083984375
2026-07-20T15:24:28.151,0.010361027903854847,0.01700795441865921,222.22222900390625,1562.5,0.0,1014.4927368164062
2026-07-20T15:24:32.374,0.010382389649748802,0.01701100915670395,256.4102478027344,1470.5882568359375,945.9459228515625,945.9459228515625
2026-07-20T15:24:35.523,0.010452581569552422,0.017303988337516785,217.3913116455078,1538.4615478515625,1014.4927368164062,1014.4927368164062
2026-07-20T15:24:38.955,0.010901208035647869,0.017368078231811523,232.55813598632812,1515.1514892578125,1014.4927368164062,985.9154663085938
2026-07-20T15:24:40.523,0.010486152954399586,0.01707509346306324,217.3913116455078,1515.1514892578125,972.2222290039062,972.2222290039062
2026-07-20T15:24:49.282,0.010611278004944324,0.01706288754940033,232.55813598632812,1388.888916015625,972.2222290039062,0.0
2026-07-20T15:24:50.849,0.010440378449857235,0.017471853643655777,254.23728942871094,1694.915283203125,1044.776123046875,1044.776123046875
2026-07-20T15:25:08.377,0.01022979337722063,0.016931656748056412,218.9781036376953,1587.3016357421875,1029.4117431640625,1029.4117431640625
2026-07-20T15:25:10.168,0.010376285761594772,0.017474902793765068,256.4102478027344,1724.137939453125,0.0,1111.111083984375
2026-07-20T15:25:18.891,0.010415959171950817,0.017172759398818016,232.55813598632812,1492.537353515625,1111.111083984375,0.0
2026-07-20T15:25:21.881,0.010370181873440742,0.0172063410282135,217.3913116455078,1449.275390625,909.0908813476562,909.0908813476562
2026-07-20T15:25:28.180,0.0103823933750391,0.01738334260880947,223.88059997558594,1562.5,909.0908813476562,1014.4927368164062
2026-07-20T15:25:30.996,0.010629590600728989,0.017383340746164322,206.89654541015625,1562.5,1044.776123046875,1044.776123046875
2026-07-20T15:25:43.213,0.010440374724566936,0.017392516136169434,236.22047424316406,1587.3016357421875,0.0,1014.4927368164062
2026-07-20T15:25:44.780,0.01052277535200119,0.01737419329583645,234.375,1449.275390625,933.3333129882812,933.3333129882812
2026-07-20T15:25:47.388,0.01058991625905037,0.01703236997127533,238.09524536132812,1562.5,1000.0,1000.0
2026-07-20T15:25:53.862,0.010394597426056862,0.01711476407945156,256.4102478027344,1724.137939453125,0.0,1060.6060791015625
2026-07-20T15:26:31.296,0.010592970065772533,0.017438281327486038,227.27272033691406,1612.9031982421875,0.0,945.9459228515625
2026-07-20T15:26:33.341,0.010742507874965668,0.017456578090786934,254.23728942871094,1639.34423828125,0.0,958.9041137695312
2026-07-20T15:27:14.796,0.010501409880816936,0.01698964275419712,229.00762939453125,1785.7142333984375,958.9041137695312,958.9041137695312
2026-07-20T15:27:16.378,0.010422063991427422,0.017316216602921486,227.27272033691406,1724.137939453125,958.9041137695312,958.9041137695312
2026-07-20T15:27:42.676,0.010519727133214474,0.017117831856012344,234.375,1666.6666259765625,0.0,972.2222290039062
2026-07-20T15:27:45.491,0.010852375067770481,0.01753290556371212,240.0,1694.915283203125,972.2222290039062,972.2222290039062
2026-07-20T15:27:47.058,0.010510566644370556,0.01739555224776268,260.86956787109375,1515.1514892578125,909.0908813476562,909.0908813476562
2026-07-20T15:27:49.807,0.010510568507015705,0.01707509718835354,232.55813598632812,1666.6666259765625,958.9041137695312,958.9041137695312
2026-07-20T15:27:51.423,0.010559400543570518,0.017487119883298874,256.4102478027344,1818.1817626953125,0.0,1044.776123046875
2026-07-20T15:27:58.023,0.010663164779543877,0.017310112714767456,230.76922607421875,1612.9031982421875,1044.776123046875,0.0
2026-07-20T15:28:00.309,0.010727252811193466,0.01763055846095085,225.56390380859375,1428.5714111328125,853.6585083007812,853.6585083007812
2026-07-20T15:28:03.491,0.010715040378272533,0.01733451895415783,260.86956787109375,1724.137939453125,972.2222290039062,972.2222290039062
2026-07-20T15:28:05.059,0.010754726827144623,0.017932698130607605,240.0,1562.5,897.4359130859375,897.4359130859375
2026-07-20T15:28:07.809,0.010718094184994698,0.017175806686282158,258.6206970214844,1639.34423828125,945.9459228515625,945.9459228515625
2026-07-20T15:28:42.518,0.010794391855597496,0.017413876950740814,0.0,1612.9031982421875,945.9459228515625,933.3333129882812
2026-07-20T15:28:44.103,0.010998871177434921,0.017648864537477493,241.93548583984375,1666.6666259765625,972.2222290039062,0.0
2026-07-20T15:28:45.669,0.010998871177434921,0.017648864537477493,241.93548583984375,1666.6666259765625,985.9154663085938,985.9154663085938
2026-07-20T15:28:58.988,0.01077303197234869,0.01769769750535488,225.56390380859375,1562.5,897.4359130859375,897.4359130859375
2026-07-20T15:29:00.553,0.010470893234014511,0.01739250309765339,270.270263671875,1666.6666259765625,945.9459228515625,945.9459228515625
2026-07-20T15:29:02.120,0.010574656538665295,0.017337553203105927,260.86956787109375,1818.1817626953125,1044.776123046875,1044.776123046875
2026-07-20T15:29:16.048,0.01039941143244505,0.017404800280928612,270.270263671875,1666.6666259765625,1044.776123046875,0.0
2026-07-20T15:29:18.367,0.010797449387609959,0.01714528538286686,270.270263671875,1694.915283203125,972.2222290039062,972.2222290039062
2026-07-20T15:29:24.489,0.010550242848694324,0.017288723960518837,214.2857208251953,1562.5,0.0,933.3333129882812
2026-07-20T15:29:26.057,0.010873738676309586,0.0178136695176363,230.76922607421875,1562.5,853.6585083007812,853.6585083007812
2026-07-20T15:42:35.654,0.0111117884516716,0.017661063000559807,263.15789794921875,1785.7142333984375,0.0,1093.75
2026-07-20T15:42:48.760,0.010653999634087086,0.01729482226073742,243.90243530273438,1562.5,1093.75,0.0
2026-07-20T15:42:50.280,0.011053800582885742,0.01796931028366089,272.7272644042969,1754.385986328125,1076.923095703125,1076.923095703125
2026-07-20T15:44:20.501,0.010748612694442272,0.017429132014513016,238.09524536132812,1587.3016357421875,1076.923095703125,0.0
2026-07-20T15:44:22.260,0.01071199867874384,0.017142249271273613,260.86956787109375,1724.137939453125,0.0,1060.6060791015625
2026-07-20T15:44:32.575,0.010608228854835033,0.017676329240202904,275.2293701171875,1666.6666259765625,1044.776123046875,1044.776123046875
2026-07-20T15:45:01.085,0.010611278004944324,0.017307057976722717,230.76922607421875,1612.9031982421875,1060.6060791015625,1060.6060791015625
2026-07-20T15:45:02.657,0.010800503194332123,0.017322303727269173,229.00762939453125,1666.6666259765625,1111.111083984375,1111.111083984375
2026-07-20T15:45:16.419,0.010708942078053951,0.0174657441675663,234.375,1639.34423828125,0.0,1060.6060791015625
2026-07-20T15:45:17.985,0.011004971340298653,0.017835034057497978,245.90164184570312,1666.6666259765625,1129.0322265625,1129.0322265625
2026-07-20T15:45:26.901,0.010617387481033802,0.017682446166872978,263.15789794921875,1851.851806640625,1186.440673828125,1186.440673828125
2026-07-20T15:45:28.468,0.01055024191737175,0.017508478835225105,243.90243530273438,1587.3016357421875,1186.440673828125,958.9041137695312
2026-07-20T15:46:49.030,0.010678423568606377,0.01723990961909294,236.22047424316406,1538.4615478515625,0.0,1060.6060791015625
2026-07-20T15:46:50.533,0.01050751656293869,0.017676344141364098,225.56390380859375,1470.5882568359375,1272.727294921875,1272.727294921875
2026-07-20T15:47:03.004,0.010776085779070854,0.017438285052776337,256.4102478027344,1666.6666259765625,1044.776123046875,1044.776123046875
2026-07-20T15:47:04.566,0.010547196492552757,0.017392493784427643,225.56390380859375,1515.1514892578125,1044.776123046875,0.0
2026-07-20T15:47:14.550,0.010803545825183392,0.017572561278939247,215.82733154296875,1538.4615478515625,1000.0,1000.0
2026-07-20T15:47:17.713,0.01063874363899231,0.01739557832479477,212.76596069335938,1492.537353515625,933.3333129882812,933.3333129882812
2026-07-20T15:47:58.418,0.010699779726564884,0.017563406378030777,222.22222900390625,1562.5,985.9154663085938,985.9154663085938
2026-07-20T15:47:59.970,0.010763878002762794,0.017630567774176598,232.55813598632812,1562.5,1014.4927368164062,1014.4927368164062
2026-07-20T15:48:05.937,0.010684520937502384,0.01742606982588768,222.22222900390625,1449.275390625,933.3333129882812,933.3333129882812
2026-07-20T15:48:08.894,0.010876787826418877,0.017886895686388016,223.88059997558594,1562.5,1014.4927368164062,1014.4927368164062
2026-07-20T15:48:24.253,0.010846281424164772,0.017822813242673874,238.09524536132812,1515.1514892578125,0.0,985.9154663085938
2026-07-20T15:48:25.820,0.010568556375801563,0.017236854881048203,247.9338836669922,1694.915283203125,1029.4117431640625,1029.4117431640625
2026-07-20T15:48:53.018,0.011044650338590145,0.017630545422434807,240.0,1538.4615478515625,985.9154663085938,985.9154663085938
2026-07-20T15:48:54.583,0.010455632582306862,0.017429115250706673,229.00762939453125,1515.1514892578125,1000.0,1000.0
2026-07-20T15:49:05.080,0.010672318749129772,0.017831986770033836,0.0,1470.5882568359375,985.9154663085938,985.9154663085938
2026-07-20T15:49:06.647,0.010440374724566936,0.017539002001285553,211.26760864257812,1333.3333740234375,853.6585083007812,853.6585083007812
2026-07-20T15:49:12.452,0.010596023872494698,0.01730705052614212,265.4867248535156,1449.275390625,985.9154663085938,985.9154663085938
2026-07-20T15:49:13.939,0.010608225129544735,0.01767023839056492,265.4867248535156,1724.137939453125,1147.541015625,1147.541015625
2026-07-20T15:49:23.261,0.010397650301456451,0.017572570592164993,247.9338836669922,1562.5,0.0,972.2222290039062
2026-07-20T15:49:24.811,0.010565508157014847,0.017242949455976486,238.09524536132812,1562.5,985.9154663085938,985.9154663085938
2026-07-20T15:49:34.944,0.011145357973873615,0.01759394258260727,227.27272033691406,1639.34423828125,985.9154663085938,985.9154663085938
2026-07-20T15:49:36.559,0.010644850321114063,0.01763056218624115,220.58824157714844,1587.3016357421875,985.9154663085938,0.0
2026-07-20T15:50:02.071,0.010748617351055145,0.01754206046462059,227.27272033691406,1515.1514892578125,958.9041137695312,958.9041137695312
2026-07-20T15:50:03.623,0.010486151091754436,0.01737419329583645,250.0,1639.34423828125,1000.0,1000.0
2026-07-20T15:50:37.237,0.010608222335577011,0.017252111807465553,241.93548583984375,1562.5,0.0,972.2222290039062
2026-07-20T15:50:38.804,0.01066315732896328,0.01744743436574936,222.22222900390625,1612.9031982421875,985.9154663085938,985.9154663085938
2026-07-20T15:50:50.685,0.010669268667697906,0.017474904656410217,218.9781036376953,1562.5,0.0,985.9154663085938
2026-07-20T15:50:52.253,0.010797453112900257,0.01749320700764656,214.2857208251953,1492.537353515625,0.0,958.9041137695312
2026-07-20T15:50:59.288,0.010803557932376862,0.01762140542268753,230.76922607421875,1694.915283203125,1060.6060791015625,1060.6060791015625
2026-07-20T15:51:08.351,0.010809647850692272,0.017831983044743538,256.4102478027344,1851.851806640625,1129.0322265625,1129.0322265625
2026-07-20T15:55:18.154,0.010495305992662907,0.017130039632320404,258.6206970214844,1639.34423828125,270.270263671875,270.270263671875
2026-07-20T15:55:19.865,0.010534980334341526,0.017093416303396225,240.0,1785.7142333984375,0.0,307.69232177734375
2026-07-20T15:55:51.295,0.010489203967154026,0.017197174951434135,225.56390380859375,1612.9031982421875,289.8550720214844,289.8550720214844
2026-07-20T15:55:52.875,0.010238951072096825,0.017078159376978874,225.56390380859375,1492.537353515625,273.97259521484375,273.97259521484375
2026-07-20T15:55:54.425,0.010654001496732235,0.017148345708847046,247.9338836669922,1724.137939453125,322.5806579589844,322.5806579589844
2026-07-20T15:56:18.840,0.01049531064927578,0.01734674721956253,229.00762939453125,1587.3016357421875,281.6901550292969,281.6901550292969
2026-07-20T15:56:20.423,0.010538033209741116,0.01725517213344574,234.375,1639.34423828125,294.1176452636719,294.1176452636719
2026-07-20T15:56:23.205,0.010455633513629436,0.016986597329378128,229.00762939453125,1428.5714111328125,263.15789794921875,263.15789794921875
2026-07-20T15:56:30.694,0.010660108178853989,0.017294833436608315,241.93548583984375,1612.9031982421875,285.71429443359375,285.71429443359375
2026-07-20T15:56:52.664,0.010495307855308056,0.017267374321818352,247.9338836669922,1639.34423828125,281.6901550292969,281.6901550292969
2026-07-20T15:56:54.231,0.010464786551892757,0.01713004894554615,236.22047424316406,1428.5714111328125,281.6901550292969,0.0
2026-07-20T15:56:56.119,0.01055634394288063,0.01709340699017048,243.90243530273438,1694.915283203125,307.69232177734375,307.69232177734375
2026-07-20T15:57:01.540,0.010226743295788765,0.01714225299656391,230.76922607421875,1639.34423828125,289.8550720214844,289.8550720214844
2026-07-20T15:58:30.677,0.01049836166203022,0.01698659360408783,250.0,1754.385986328125,0.0,317.4603271484375
2026-07-20T15:58:33.986,0.010425115935504436,0.017358925193548203,225.56390380859375,1639.34423828125,289.8550720214844,289.8550720214844
2026-07-20T15:58:42.557,0.010696733370423317,0.0173741914331913,234.375,1639.34423828125,281.6901550292969,281.6901550292969
2026-07-20T15:59:44.408,0.0105654988437891,0.017526770010590553,243.90243530273438,1666.6666259765625,294.1176452636719,294.1176452636719
2026-07-20T15:59:45.895,0.010858479887247086,0.017719058319926262,241.93548583984375,1612.9031982421875,281.6901550292969,281.6901550292969
2026-07-20T15:59:53.477,0.010449529625475407,0.017206333577632904,225.56390380859375,1408.45068359375,281.6901550292969,0.0
2026-07-20T15:59:55.220,0.010452589020133018,0.017566470429301262,243.90243530273438,1754.385986328125,307.69232177734375,307.69232177734375
2026-07-20T16:00:38.936,0.010339661501348019,0.01696828193962574,260.86956787109375,1639.34423828125,0.0,285.71429443359375
2026-07-20T16:00:40.488,0.010409857146441936,0.01722770184278488,202.70269775390625,1562.5,285.71429443359375,0.0
2026-07-20T16:00:49.904,0.010675366967916489,0.01709645800292492,232.55813598632812,1724.137939453125,0.0,303.0303039550781
2026-07-20T16:00:51.472,0.010995814576745033,0.017575593665242195,218.9781036376953,1388.888916015625,263.15789794921875,263.15789794921875
2026-07-20T16:02:40.906,0.010458685457706451,0.017178865149617195,254.23728942871094,579.7101440429688,238.09524536132812,238.09524536132812
2026-07-20T16:02:42.468,0.010556348599493504,0.017456604167819023,254.23728942871094,666.6666870117188,281.6901550292969,281.6901550292969
2026-07-20T16:02:44.035,0.010864588432013988,0.01746879704296589,256.4102478027344,655.7377319335938,259.7402648925781,259.7402648925781
2026-07-20T16:02:49.759,0.010522773489356041,0.017191067337989807,220.58824157714844,625.0,253.16455078125,253.16455078125
2026-07-20T16:07:11.067,0.010922575369477272,0.01726127788424492,220.58824157714844,1694.915283203125,1076.923095703125,1076.923095703125
2026-07-20T16:07:12.635,0.010324404574930668,0.017264321446418762,220.58824157714844,1587.3016357421875,985.9154663085938,985.9154663085938
2026-07-20T16:07:14.218,0.010824909433722496,0.01759086735546589,241.93548583984375,1639.34423828125,1029.4117431640625,1029.4117431640625
2026-07-20T16:07:15.785,0.010306094773113728,0.01708424836397171,245.90164184570312,1818.1817626953125,1129.0322265625,1129.0322265625
2026-07-20T16:07:36.928,0.010888997465372086,0.018143275752663612,229.00762939453125,1587.3016357421875,972.2222290039062,972.2222290039062
2026-07-20T16:07:38.478,0.010437323711812496,0.017191074788570404,229.00762939453125,1785.7142333984375,1076.923095703125,1076.923095703125
2026-07-20T16:07:55.214,0.010309143923223019,0.01765497215092182,243.90243530273438,1851.851806640625,1129.0322265625,1129.0322265625
2026-07-20T16:07:58.028,0.010525825433433056,0.017459621652960777,247.9338836669922,1754.385986328125,1044.776123046875,1044.776123046875
2026-07-20T16:08:17.765,0.010660107247531414,0.017465747892856598,232.55813598632812,1612.9031982421875,1044.776123046875,1044.776123046875
2026-07-20T16:08:19.333,0.01059296727180481,0.017462681978940964,241.93548583984375,1754.385986328125,1147.541015625,1147.541015625
2026-07-20T16:08:20.884,0.010507520288228989,0.01710255816578865,241.93548583984375,1886.79248046875,1228.0701904296875,1228.0701904296875
2026-07-20T16:08:22.467,0.010513619519770145,0.01733146607875824,245.90164184570312,1724.137939453125,1060.6060791015625,1060.6060791015625
2026-07-20T16:18:10.617,0.010757769457995892,0.017813660204410553,236.22047424316406,1754.385986328125,1000.0,1000.0
2026-07-20T16:18:12.116,0.010400699451565742,0.01759394071996212,229.00762939453125,1666.6666259765625,1093.75,1093.75
2026-07-20T16:18:20.014,0.01056244969367981,0.017493225634098053,245.90164184570312,1851.851806640625,1228.0701904296875,1228.0701904296875
2026-07-20T16:18:21.582,0.010675367899239063,0.017221586778759956,252.10084533691406,1724.137939453125,1000.0,1000.0
2026-07-20T16:18:33.767,0.010733352974057198,0.017438285052776337,230.76922607421875,1754.385986328125,1111.111083984375,1111.111083984375
2026-07-20T16:18:35.351,0.010837115347385406,0.017340602353215218,236.22047424316406,1639.34423828125,1076.923095703125,1076.923095703125
2026-07-20T16:20:06.323,0.010766924358904362,0.01780451089143753,220.58824157714844,1612.9031982421875,1093.75,1093.75
2026-07-20T16:20:07.823,0.01068146899342537,0.017770927399396896,250.0,1923.076904296875,1186.440673828125,1186.440673828125
2026-07-20T16:20:29.329,0.010324406437575817,0.017368093132972717,232.55813598632812,1724.137939453125,1029.4117431640625,1029.4117431640625
2026-07-20T16:20:31.088,0.010635695420205593,0.017291778698563576,236.22047424316406,1754.385986328125,1147.541015625,1147.541015625
2026-07-20T16:20:41.580,0.0101931719109416,0.017065953463315964,229.00762939453125,1785.7142333984375,1076.923095703125,1076.923095703125
2026-07-20T16:20:43.144,0.01051972433924675,0.017520686611533165,217.3913116455078,1666.6666259765625,1060.6060791015625,1060.6060791015625
2026-07-20T16:20:50.505,0.010461738333106041,0.017239905893802643,230.76922607421875,1639.34423828125,1147.541015625,1147.541015625
2026-07-20T16:20:52.071,0.010354922153055668,0.017136134207248688,230.76922607421875,1754.385986328125,1076.923095703125,1076.923095703125
2026-07-20T16:20:57.860,0.010650958865880966,0.0173894502222538,234.375,1639.34423828125,1111.111083984375,1111.111083984375
2026-07-20T16:20:59.363,0.010489207692444324,0.0171330776065588,222.22222900390625,1666.6666259765625,1147.541015625,1147.541015625
2026-07-20T16:21:46.272,0.010446479544043541,0.017474904656410217,232.55813598632812,1724.137939453125,0.0,813.9534912109375
2026-07-20T16:21:47.838,0.010394598357379436,0.01715138927102089,258.6206970214844,1886.79248046875,1147.541015625,1147.541015625
2026-07-20T16:21:55.208,0.01052887924015522,0.017200248315930367,225.56390380859375,1666.6666259765625,1044.776123046875,1044.776123046875
2026-07-20T16:22:02.570,0.010510566644370556,0.017517628148198128,234.375,1639.34423828125,833.3333129882812,833.3333129882812
2026-07-20T16:22:04.071,0.010397647507488728,0.01713613234460354,234.375,1724.137939453125,1029.4117431640625,1029.4117431640625
2026-07-20T16:40:02.134,0.010434272699058056,0.017426062375307083,260.86956787109375,7547.169921875,289.8550720214844,289.8550720214844
2026-07-20T16:40:03.699,0.010397651232779026,0.017368102446198463,238.09524536132812,6896.5517578125,253.16455078125,253.16455078125
2026-07-20T16:44:17.266,0.010394602082669735,0.017239898443222046,0.0,0.0,0.0,0.0
2026-07-20T16:45:19.499,0.01048004999756813,0.017117837443947792,0.0,701.75439453125,0.0,821.9177856445312
2026-07-20T16:45:21.067,0.010394599288702011,0.017282620072364807,227.27272033691406,701.75439453125,821.9177856445312,821.9177856445312
2026-07-20T16:45:27.176,0.010592976585030556,0.01702321320772171,220.58824157714844,666.6666870117188,0.0,740.74072265625
2026-07-20T16:45:28.728,0.01071198470890522,0.017441313713788986,214.2857208251953,666.6666870117188,810.810791015625,810.810791015625
2026-07-20T16:45:30.296,0.010351872071623802,0.017282646149396896,250.0,701.75439453125,857.1428833007812,857.1428833007812
2026-07-20T16:46:29.379,0.010391542688012123,0.01707204058766365,245.90164184570312,727.272705078125,857.1428833007812,857.1428833007812
2026-07-20T16:46:30.995,0.010510564781725407,0.01708730310201645,243.90243530273438,714.2857055664062,923.076904296875,923.076904296875
2026-07-20T16:46:37.569,0.010687580332159996,0.01748710684478283,230.76922607421875,677.9661254882812,0.0,800.0
2026-07-20T16:46:39.886,0.010592968203127384,0.01728871837258339,238.09524536132812,0.0,810.810791015625,810.810791015625
2026-07-20T16:47:03.309,0.010763871483504772,0.01741079054772854,245.90164184570312,727.272705078125,952.3809814453125,952.3809814453125
2026-07-20T16:47:05.036,0.010605176910758018,0.017316197976469994,232.55813598632812,677.9661254882812,882.3529663085938,882.3529663085938
2026-07-20T16:47:12.563,0.010440374724566936,0.017227694392204285,245.90164184570312,689.6551513671875,909.0908813476562,909.0908813476562
2026-07-20T16:47:15.152,0.010800493881106377,0.01757865399122238,214.2857208251953,677.9661254882812,0.0,923.076904296875
2026-07-20T16:47:22.733,0.010583814233541489,0.017551187425851822,227.27272033691406,701.75439453125,909.0908813476562,909.0908813476562
2026-07-20T16:47:24.618,0.010510568507015705,0.01727653481066227,247.9338836669922,727.272705078125,0.0,923.076904296875
2026-07-20T16:47:30.584,0.01091951597481966,0.01767325960099697,225.56390380859375,666.6666870117188,0.0,952.3809814453125
2026-07-20T16:47:43.662,0.010379339568316936,0.01720939762890339,254.23728942871094,714.2857055664062,909.0908813476562,909.0908813476562
2026-07-20T16:47:45.164,0.010519721545279026,0.017209375277161598,254.23728942871094,740.74072265625,983.6065673828125,983.6065673828125
2026-07-20T16:47:52.762,0.010715042240917683,0.017368081957101822,225.56390380859375,677.9661254882812,882.3529663085938,882.3529663085938
2026-07-20T16:47:54.328,0.010568554513156414,0.01712086983025074,225.56390380859375,689.6551513671875,909.0908813476562,909.0908813476562
2026-07-20T16:48:09.168,0.01094087678939104,0.017203286290168762,243.90243530273438,727.272705078125,923.076904296875,923.076904296875
2026-07-20T16:48:10.671,0.010663160122931004,0.017404692247509956,240.0,677.9661254882812,857.1428833007812,857.1428833007812
2026-07-20T16:48:12.318,0.010522780008614063,0.017368093132972717,222.22222900390625,677.9661254882812,895.5223999023438,895.5223999023438
2026-07-20T16:48:23.145,0.010937834158539772,0.017389457672834396,234.375,701.75439453125,0.0,923.076904296875
2026-07-20T16:48:24.728,0.010449528694152832,0.017419978976249695,230.76922607421875,701.75439453125,882.3529663085938,882.3529663085938
2026-07-20T16:48:49.770,0.010525833815336227,0.01764276996254921,245.90164184570312,689.6551513671875,909.0908813476562,909.0908813476562
2026-07-20T16:48:51.639,0.010721146129071712,0.017090367153286934,230.76922607421875,689.6551513671875,0.0,895.5223999023438
2026-07-20T16:48:54.310,0.010400707833468914,0.017230747267603874,243.90243530273438,754.7169799804688,1000.0,1000.0
2026-07-20T16:48:58.676,0.010449529625475407,0.01705067791044712,241.93548583984375,701.75439453125,895.5223999023438,895.5223999023438
2026-07-20T16:49:00.179,0.010455633513629436,0.017050685361027718,225.56390380859375,714.2857055664062,895.5223999023438,895.5223999023438
2026-07-20T16:49:01.827,0.010626551695168018,0.01703847199678421,229.00762939453125,666.6666870117188,952.3809814453125,952.3809814453125
2026-07-20T16:51:13.954,0.010318303480744362,0.01716666854918003,220.58824157714844,714.2857055664062,895.5223999023438,895.5223999023438
2026-07-20T16:51:15.518,0.0104892048984766,0.017252108082175255,243.90243530273438,677.9661254882812,882.3529663085938,882.3529663085938
2026-07-20T16:51:19.699,0.010428164154291153,0.017011014744639397,236.22047424316406,689.6551513671875,952.3809814453125,952.3809814453125
2026-07-20T16:51:21.200,0.010376287624239922,0.01727958582341671,236.22047424316406,677.9661254882812,882.3529663085938,882.3529663085938
2026-07-20T16:51:22.704,0.01113315299153328,0.017386388033628464,225.56390380859375,666.6666870117188,895.5223999023438,895.5223999023438
2026-07-20T16:51:27.214,0.010580761358141899,0.017407769337296486,0.0,701.75439453125,869.5652465820312,869.5652465820312
2026-07-20T16:51:28.702,0.010745558887720108,0.01741081289947033,223.88059997558594,701.75439453125,909.0908813476562,909.0908813476562
2026-07-20T16:51:30.203,0.010596023872494698,0.017252108082175255,252.10084533691406,727.272705078125,923.076904296875,923.076904296875
2026-07-20T16:54:44.915,0.010599067434668541,0.017438281327486038,229.00762939453125,727.272705078125,909.0908813476562,909.0908813476562
2026-07-20T16:54:46.467,0.010443426668643951,0.01747490093111992,229.00762939453125,689.6551513671875,882.3529663085938,882.3529663085938
2026-07-20T16:54:48.033,0.010553291998803616,0.017545105889439583,240.0,701.75439453125,952.3809814453125,952.3809814453125
2026-07-20T16:54:50.866,0.010458691045641899,0.01707814261317253,238.09524536132812,666.6666870117188,869.5652465820312,869.5652465820312
2026-07-20T16:54:57.133,0.010403752326965332,0.01732533797621727,208.3333282470703,666.6666870117188,0.0,869.5652465820312
2026-07-20T16:54:58.717,0.01056550070643425,0.017780102789402008,223.88059997558594,689.6551513671875,909.0908813476562,909.0908813476562
2026-07-20T16:55:20.631,0.010611283592879772,0.017621388658881187,240.0,689.6551513671875,937.5,937.5
2026-07-20T16:55:22.950,0.010467841289937496,0.01712697185575962,238.09524536132812,677.9661254882812,923.076904296875,923.076904296875
2026-07-20T16:55:30.464,0.010467847809195518,0.017355885356664658,230.76922607421875,727.272705078125,909.0908813476562,909.0908813476562
2026-07-20T16:55:32.096,0.010538032278418541,0.01697743684053421,240.0,701.75439453125,909.0908813476562,909.0908813476562
2026-07-20T16:55:50.725,0.010708939284086227,0.01695912517607212,238.09524536132812,701.75439453125,895.5223999023438,895.5223999023438
2026-07-20T16:55:53.220,0.010928669013082981,0.017792275175452232,223.88059997558594,689.6551513671875,895.5223999023438,895.5223999023438
2026-07-20T16:56:35.383,0.010364080779254436,0.017310114577412605,265.4867248535156,701.75439453125,895.5223999023438,895.5223999023438
2026-07-20T16:56:37.127,0.010480049066245556,0.017371131107211113,240.0,701.75439453125,909.0908813476562,909.0908813476562
2026-07-20T16:57:05.603,0.010672314092516899,0.01729789935052395,245.90164184570312,701.75439453125,923.076904296875,923.076904296875
2026-07-20T16:57:07.667,0.01042817160487175,0.017474886029958725,230.76922607421875,714.2857055664062,909.0908813476562,909.0908813476562
2026-07-20T16:57:16.111,0.010379336774349213,0.0173284113407135,236.22047424316406,689.6551513671875,952.3809814453125,952.3809814453125
2026-07-20T16:57:43.842,0.01059907115995884,0.01727042719721794,232.55813598632812,677.9661254882812,882.3529663085938,882.3529663085938
2026-07-20T16:58:06.566,0.0106479087844491,0.01748102530837059,227.27272033691406,701.75439453125,895.5223999023438,895.5223999023438
2026-07-20T16:58:08.134,0.010592966340482235,0.01744437962770462,245.90164184570312,701.75439453125,895.5223999023438,895.5223999023438
2026-07-20T16:58:15.486,0.010818805545568466,0.017480997368693352,232.55813598632812,701.75439453125,895.5223999023438,895.5223999023438
2026-07-20T16:58:17.052,0.010547193698585033,0.01709951087832451,232.55813598632812,701.75439453125,937.5,937.5
2026-07-20T16:58:44.634,0.010437322780489922,0.017154457047581673,227.27272033691406,714.2857055664062,0.0,895.5223999023438
2026-07-20T16:58:46.200,0.010345765389502048,0.01750238612294197,223.88059997558594,701.75439453125,0.0,923.076904296875
2026-07-20T16:58:54.948,0.010788287036120892,0.01767021231353283,234.375,701.75439453125,909.0908813476562,909.0908813476562
2026-07-20T16:58:56.516,0.010425123386085033,0.017151394858956337,220.58824157714844,666.6666870117188,882.3529663085938,882.3529663085938
2026-07-20T16:59:18.101,0.010641795583069324,0.017172768712043762,238.09524536132812,677.9661254882812,0.0,895.5223999023438
2026-07-20T16:59:25.071,0.010846271179616451,0.017606111243367195,236.22047424316406,689.6551513671875,909.0908813476562,909.0908813476562
2026-07-20T16:59:26.703,0.010531935840845108,0.01745658554136753,241.93548583984375,689.6551513671875,909.0908813476562,909.0908813476562
2026-07-20T16:59:33.262,0.011001914739608765,0.017642758786678314,236.22047424316406,677.9661254882812,895.5223999023438,895.5223999023438
2026-07-20T16:59:44.697,0.010550244711339474,0.017114773392677307,256.4102478027344,714.2857055664062,909.0908813476562,909.0908813476562
2026-07-20T16:59:46.265,0.010458686389029026,0.017194140702486038,232.55813598632812,677.9661254882812,882.3529663085938,882.3529663085938
2026-07-20T16:59:53.653,0.010724195279181004,0.017413847148418427,225.56390380859375,677.9661254882812,895.5223999023438,895.5223999023438
2026-07-20T16:59:55.218,0.010888996534049511,0.017441313713788986,222.22222900390625,677.9661254882812,895.5223999023438,895.5223999023438
2026-07-20T17:00:04.076,0.010599077679216862,0.017007971182465553,232.55813598632812,714.2857055664062,909.0908813476562,909.0908813476562
2026-07-20T17:00:05.578,0.010327458381652832,0.01730400323867798,232.55813598632812,714.2857055664062,895.5223999023438,895.5223999023438
2026-07-20T17:00:38.236,0.010809647850692272,0.01756950467824936,227.27272033691406,689.6551513671875,895.5223999023438,895.5223999023438
2026-07-20T17:00:39.948,0.010592974722385406,0.01747489720582962,243.90243530273438,727.272705078125,952.3809814453125,952.3809814453125
2026-07-20T17:01:10.292,0.010660112835466862,0.017133083194494247,0.0,655.7377319335938,882.3529663085938,882.3529663085938
2026-07-20T17:01:11.857,0.010702836327254772,0.017743464559316635,0.0,677.9661254882812,882.3529663085938,882.3529663085938
2026-07-20T17:01:13.409,0.010525834746658802,0.01700490340590477,225.56390380859375,701.75439453125,909.0908813476562,909.0908813476562
2026-07-20T17:01:22.205,0.011029383167624474,0.01761528104543686,250.0,701.75439453125,895.5223999023438,895.5223999023438
2026-07-20T17:01:23.752,0.010431217961013317,0.01714836061000824,220.58824157714844,655.7377319335938,882.3529663085938,882.3529663085938
2026-07-20T17:01:32.290,0.010779129341244698,0.017441337928175926,227.27272033691406,677.9661254882812,869.5652465820312,869.5652465820312
2026-07-20T17:01:32.994,0.010638748295605183,0.017462678253650665,227.27272033691406,689.6551513671875,882.3529663085938,882.3529663085938
2026-07-20T17:01:35.297,0.010754716582596302,0.017419951036572456,232.55813598632812,677.9661254882812,882.3529663085938,882.3529663085938
2026-07-20T17:18:28.432,0.010861529037356377,0.017303993925452232,215.82733154296875,655.7377319335938,0.0,0.0
2026-07-20T17:18:30.143,0.010586866177618504,0.017163604497909546,205.4794464111328,677.9661254882812,0.0,810.810791015625
2026-07-20T17:18:40.170,0.010370179079473019,0.01714226044714451,208.3333282470703,655.7377319335938,769.2307739257812,769.2307739257812
2026-07-20T17:18:41.880,0.010446479544043541,0.01698049157857895,236.22047424316406,689.6551513671875,0.0,779.2207641601562
2026-07-20T17:18:50.980,0.010519729927182198,0.01713612675666809,232.55813598632812,727.272705078125,869.5652465820312,869.5652465820312
2026-07-20T17:18:52.545,0.01047700084745884,0.017410816624760628,200.0,666.6666870117188,810.810791015625,810.810791015625
2026-07-20T17:19:23.853,0.010559394024312496,0.017276553437113762,243.90243530273438,952.3809814453125,0.0,0.0
2026-07-20T17:19:28.857,0.010730303823947906,0.017542041838169098,169.4915313720703,975.6097412109375,1111.111083984375,1111.111083984375
2026-07-20T17:19:51.208,0.010632638819515705,0.017575619742274284,232.55813598632812,888.888916015625,1333.3333740234375,1333.3333740234375
2026-07-20T17:19:54.020,0.011072107590734959,0.017450489103794098,206.89654541015625,851.0638427734375,923.076904296875,923.076904296875
2026-07-20T17:20:05.149,0.010605182498693466,0.01727350242435932,222.22222900390625,888.888916015625,967.741943359375,967.741943359375
2026-07-20T17:20:07.435,0.010504462756216526,0.017654957249760628,238.09524536132812,784.313720703125,882.3529663085938,882.3529663085938
2026-07-20T17:20:09.068,0.010733352974057198,0.017615290358662605,223.88059997558594,784.313720703125,909.0908813476562,909.0908813476562
2026-07-20T17:20:10.634,0.010547187179327011,0.01750846952199936,232.55813598632812,816.3265380859375,952.3809814453125,952.3809814453125
2026-07-20T17:20:13.433,0.010678427293896675,0.01711782068014145,238.09524536132812,888.888916015625,983.6065673828125,983.6065673828125
2026-07-20T17:20:19.560,0.010406804271042347,0.017419952899217606,223.88059997558594,833.3333129882812,895.5223999023438,895.5223999023438
2026-07-20T17:22:24.258,0.010650950483977795,0.01741994544863701,245.90164184570312,888.888916015625,1666.6666259765625,1666.6666259765625
2026-07-20T17:22:28.640,0.010376287624239922,0.01728873699903488,238.09524536132812,800.0,1395.348876953125,1395.348876953125
2026-07-20T17:22:34.732,0.010968346148729324,0.017606133595108986,214.2857208251953,909.0908813476562,895.5223999023438,895.5223999023438
2026-07-20T17:24:22.564,0.010388490743935108,0.017392512410879135,277.77777099609375,909.0908813476562,1000.0,1000.0
2026-07-20T17:24:27.634,0.010803554207086563,0.017703793942928314,263.15789794921875,888.888916015625,1034.4827880859375,1034.4827880859375
2026-07-20T17:24:39.193,0.010507519356906414,0.01751151867210865,277.77777099609375,909.0908813476562,1000.0,1000.0
2026-07-20T17:24:45.302,0.010455633513629436,0.01712697558104992,234.375,1081.0810546875,1090.9090576171875,1090.9090576171875
2026-07-20T17:24:54.225,0.01051056757569313,0.017203282564878464,189.8734130859375,1025.6409912109375,1071.4285888671875,1071.4285888671875
2026-07-20T17:25:04.698,0.010422063060104847,0.017285680398344994,300.0,952.3809814453125,1666.6666259765625,1666.6666259765625
2026-07-20T17:36:51.887,0.010995814576745033,0.018189044669270515,163.04347229003906,1081.0810546875,1176.4705810546875,1176.4705810546875
2026-07-20T17:37:28.067,0.010663156397640705,0.0177068579941988,194.80519104003906,655.7377319335938,0.0,779.2207641601562
2026-07-20T17:38:48.085,0.010614332742989063,0.017349788919091225,182.9268341064453,588.2352905273438,0.0,722.8915405273438
2026-07-20T17:38:49.587,0.010650966316461563,0.017212428152561188,731.7073364257812,1904.761962890625,1200.0,1200.0
2026-07-20T17:39:11.463,0.010596022941172123,0.01736806519329548,211.26760864257812,909.0908813476562,0.0,681.8181762695312
2026-07-20T17:39:13.973,0.010669277049601078,0.017215505242347717,208.3333282470703,571.4285888671875,0.0,833.3333129882812
2026-07-20T17:39:31.020,0.0106265340000391,0.01722465641796589,198.6754913330078,0.0,0.0,0.0
2026-07-20T17:39:33.530,0.010980560444295406,0.017740419134497643,206.89654541015625,645.1613159179688,705.88232421875,705.88232421875
2026-07-20T17:40:00.578,0.010394593700766563,0.017191074788570404,182.9268341064453,1428.5714111328125,845.0704345703125,845.0704345703125
2026-07-20T17:40:02.066,0.010870685800909996,0.017319250851869583,205.4794464111328,740.74072265625,869.5652465820312,869.5652465820312
2026-07-20T17:40:15.579,0.010940884239971638,0.017581729218363762,192.3076934814453,677.9661254882812,833.3333129882812,833.3333129882812
2026-07-20T17:40:56.260,0.010580764152109623,0.01709035597741604,218.9781036376953,689.6551513671875,0.0,0.0
2026-07-20T17:40:59.266,0.010669262148439884,0.017551196739077568,214.2857208251953,666.6666870117188,800.0,800.0
2026-07-20T17:41:15.106,0.01065401453524828,0.01741999201476574,218.9781036376953,754.7169799804688,857.1428833007812,857.1428833007812
2026-07-20T17:41:16.658,0.010644850321114063,0.017386389896273613,208.3333282470703,740.74072265625,845.0704345703125,845.0704345703125
2026-07-20T17:41:24.010,0.01059906929731369,0.017481006681919098,227.27272033691406,784.313720703125,895.5223999023438,895.5223999023438
2026-07-20T17:41:25.754,0.010657055303454399,0.017593925818800926,197.36842346191406,645.1613159179688,0.0,759.49365234375
2026-07-20T17:41:48.312,0.010571606457233429,0.017508475109934807,215.82733154296875,701.75439453125,810.810791015625,810.810791015625
2026-07-20T17:41:51.222,0.010925624519586563,0.017560342326760292,186.3354034423828,1481.4814453125,821.9177856445312,821.9177856445312
2026-07-20T17:46:39.184,0.010440370999276638,0.01717582903802395,214.2857208251953,1739.1304931640625,0.0,0.0
2026-07-20T17:46:40.749,0.010446480475366116,0.017258211970329285,214.2857208251953,701.75439453125,1200.0,0.0
2026-07-20T17:47:02.998,0.010419012047350407,0.01710561290383339,223.88059997558594,869.5652465820312,923.076904296875,923.076904296875
2026-07-20T17:47:22.707,0.010486152023077011,0.017343668267130852,202.70269775390625,1904.761962890625,1224.48974609375,1224.48974609375
2026-07-20T17:47:24.289,0.010788287036120892,0.017542026937007904,225.56390380859375,740.74072265625,800.0,800.0
2026-07-20T17:47:44.328,0.010583809576928616,0.017539002001285553,220.58824157714844,677.9661254882812,845.0704345703125,845.0704345703125
2026-07-20T17:48:12.973,0.010928669013082981,0.01742607355117798,204.08163452148438,555.5555419921875,645.1613159179688,645.1613159179688
2026-07-20T17:48:14.541,0.010821857489645481,0.01748100481927395,227.27272033691406,615.3846435546875,697.6744384765625,697.6744384765625
2026-07-20T17:48:22.070,0.0108920494094491,0.017618317157030106,204.08163452148438,588.2352905273438,697.6744384765625,705.88232421875
2026-07-20T17:48:23.637,0.010623485781252384,0.01754813827574253,238.09524536132812,645.1613159179688,769.2307739257812,769.2307739257812
2026-07-20T17:48:42.274,0.010513617657124996,0.017499316483736038,200.0,1904.761962890625,0.0,1200.0
2026-07-20T17:48:44.560,0.010629589669406414,0.01738944835960865,225.56390380859375,655.7377319335938,779.2207641601562,779.2207641601562
2026-07-20T17:48:50.572,0.01049836166203022,0.017191067337989807,215.82733154296875,655.7377319335938,779.2207641601562,779.2207641601562
2026-07-20T17:48:56.664,0.010565508157014847,0.01763056591153145,208.3333282470703,677.9661254882812,731.7073364257812,731.7073364257812
2026-07-20T17:48:58.392,0.010266419500112534,0.017477955669164658,234.375,666.6666870117188,779.2207641601562,779.2207641601562
2026-07-20T17:49:20.121,0.010367130860686302,0.01694386638700962,225.56390380859375,645.1613159179688,0.0,789.4736938476562
2026-07-20T17:49:22.629,0.010431218892335892,0.017117822542786598,217.3913116455078,634.920654296875,759.49365234375,759.49365234375
2026-07-20T17:49:29.927,0.010827966965734959,0.017538990825414658,215.82733154296875,563.3803100585938,759.49365234375,759.49365234375
2026-07-20T18:27:19.346,0.01057160459458828,0.016992701217532158,238.09524536132812,666.6666870117188,0.0,779.2207641601562
2026-07-20T18:27:22.144,0.010708940215408802,0.01757560297846794,652.1738891601562,634.920654296875,1071.4285888671875,1071.4285888671875
2026-07-20T18:27:31.241,0.010690632276237011,0.01756034977734089,187.5,655.7377319335938,697.6744384765625,697.6744384765625
2026-07-20T18:29:02.930,0.01061738096177578,0.017453549429774284,223.88059997558594,588.2352905273438,674.1572875976562,674.1572875976562
2026-07-20T18:29:07.455,0.010556353256106377,0.01711171492934227,234.375,655.7377319335938,779.2207641601562,779.2207641601562
2026-07-20T18:29:10.430,0.010367132723331451,0.017297886312007904,652.1738891601562,615.3846435546875,740.74072265625,740.74072265625
2026-07-20T18:29:28.128,0.010541092604398727,0.017047634348273277,240.0,615.3846435546875,750.0,750.0
2026-07-20T18:29:29.695,0.010534979403018951,0.01716664992272854,223.88059997558594,615.3846435546875,750.0,750.0
2026-07-20T18:29:31.246,0.010666212998330593,0.01731315813958645,223.88059997558594,615.3846435546875,750.0,750.0
2026-07-20T18:29:55.024,0.010690629482269287,0.017209386453032494,0.0,519.4805297851562,618.5567016601562,618.5567016601562
2026-07-20T18:29:56.574,0.011044640094041824,0.01731923781335354,0.0,625.0,750.0,750.0
2026-07-20T18:29:58.140,0.0105807576328516,0.017114773392677307,118.11023712158203,625.0,750.0,750.0
2026-07-20T18:29:59.703,0.010388493537902832,0.017456592991948128,0.0,625.0,750.0,750.0
2026-07-20T18:30:20.677,0.010794388130307198,0.017206337302923203,238.09524536132812,625.0,722.8915405273438,722.8915405273438
2026-07-20T18:30:22.181,0.01060212217271328,0.017242949455976486,238.09524536132812,625.0,722.8915405273438,722.8915405273438
2026-07-20T18:30:22.884,0.01060212217271328,0.017242949455976486,238.09524536132812,625.0,722.8915405273438,722.8915405273438
2026-07-20T18:30:25.184,0.010571603663265705,0.017075102776288986,238.09524536132812,625.0,722.8915405273438,722.8915405273438
2026-07-20T18:30:40.374,0.010751664638519287,0.017374195158481598,208.3333282470703,487.80487060546875,0.0,0.0
2026-07-20T18:30:41.877,0.010577704757452011,0.01693471148610115,236.22047424316406,615.3846435546875,731.7073364257812,731.7073364257812
2026-07-20T18:31:00.741,0.010434270836412907,0.01705067791044712,227.27272033691406,634.920654296875,714.2857055664062,714.2857055664062
2026-07-20T18:31:21.830,0.010657054372131824,0.017447449266910553,0.0,1904.761962890625,1200.0,1200.0
2026-07-20T18:31:23.317,0.01046479120850563,0.017279593273997307,223.88059997558594,597.0149536132812,714.2857055664062,714.2857055664062
2026-07-20T18:31:29.685,0.01056244969367981,0.017438294366002083,697.6744384765625,677.9661254882812,714.2857055664062,1111.111083984375
2026-07-20T18:32:21.954,0.010592970065772533,0.017413878813385963,236.22047424316406,563.3803100585938,652.1738891601562,652.1738891601562
2026-07-20T18:32:23.505,0.010330511257052422,0.017206337302923203,202.70269775390625,579.7101440429688,705.88232421875,705.88232421875
2026-07-20T18:32:46.259,0.010608229786157608,0.01721549592912197,202.70269775390625,500.0,612.244873046875,612.244873046875
2026-07-20T18:32:47.827,0.010867633856832981,0.01745658740401268,214.2857208251953,555.5555419921875,681.8181762695312,681.8181762695312
2026-07-20T18:32:53.601,0.010696729645133018,0.017886914312839508,236.22047424316406,645.1613159179688,759.49365234375,759.49365234375
2026-07-20T18:32:55.343,0.010791337117552757,0.017419960349798203,714.2857055664062,540.54052734375,759.49365234375,759.49365234375
2026-07-20T18:33:20.945,0.010898158885538578,0.017392504960298538,212.76596069335938,1081.0810546875,810.810791015625,810.810791015625
2026-07-20T18:33:22.575,0.010577711276710033,0.017355868592858315,212.76596069335938,727.272705078125,779.2207641601562,779.2207641601562
2026-07-20T18:37:08.866,0.01129185315221548,0.018152425065636635,205.4794464111328,784.313720703125,967.741943359375,967.741943359375
2026-07-20T18:37:31.894,0.010516669601202011,0.01699269749224186,217.3913116455078,606.0606079101562,1304.3477783203125,1304.3477783203125
2026-07-20T18:37:33.458,0.010538033209741116,0.017480997368693352,234.375,975.6097412109375,821.9177856445312,821.9177856445312
2026-07-20T18:37:35.488,0.010571603663265705,0.017438264563679695,731.7073364257812,714.2857055664062,1132.075439453125,1132.075439453125
2026-07-20T18:37:56.134,0.010681471787393093,0.017255162820219994,217.3913116455078,588.2352905273438,750.0,750.0
2026-07-20T18:37:57.698,0.010946986265480518,0.01752982661128044,225.56390380859375,533.3333129882812,0.0,625.0
2026-07-20T18:38:00.672,0.010776085779070854,0.017252115532755852,731.7073364257812,689.6551513671875,0.0,1090.9090576171875
2026-07-20T18:38:32.567,0.010431226342916489,0.017035434022545815,220.58824157714844,2000.0,0.0,845.0704345703125
2026-07-20T18:38:34.151,0.010663168504834175,0.01737113483250141,212.76596069335938,1904.761962890625,1153.84619140625,1153.84619140625
2026-07-20T18:38:36.918,0.010174875147640705,0.01709037274122238,714.2857055664062,1290.3226318359375,967.741943359375,967.741943359375
2026-07-21T10:22:30.286,0.012686537578701973,0.018485071137547493,50.0,0.0,0.0,0.0
2026-07-21T10:22:31.858,0.013330481946468353,0.019214464351534843,3333.333251953125,2857.142822265625,0.0,0.0
2026-07-21T10:22:34.853,0.012860502116382122,0.019370105117559433,1086.95654296875,1538.4615478515625,0.0,0.0
2026-07-21T10:23:37.955,0.012805563397705555,0.019244983792304993,50.0,0.0,0.0,0.0
2026-07-21T10:23:45.480,0.013638713397085667,0.02026735059916973,50.0,0.0,0.0,0.0
2026-07-21T10:23:47.563,0.012488172389566898,0.01862850785255432,50.0,0.0,0.0,0.0
2026-07-21T10:23:50.064,0.012839135713875294,0.019125960767269135,50.0,0.0,0.0,0.0
2026-07-21T10:23:51.954,0.012814722955226898,0.019217515364289284,50.0,0.0,0.0,0.0
2026-07-21T10:23:53.510,0.012814722955226898,0.019217515364289284,50.0,0.0,0.0,0.0
2026-07-21T10:24:08.908,0.01232947502285242,0.018988624215126038,50.0,1351.351318359375,0.0,1515.1514892578125
2026-07-21T10:24:19.811,0.012424075976014137,0.01882687769830227,50.0,0.0,1515.1514892578125,1515.1514892578125
2026-07-21T10:24:24.347,0.01371806487441063,0.019238879904150963,50.0,0.0,1515.1514892578125,1515.1514892578125
2026-07-21T10:24:25.919,0.012219603173434734,0.01882382482290268,50.0,1315.7894287109375,1052.631591796875,1052.631591796875
2026-07-21T10:24:33.608,0.01311685424298048,0.019275493919849396,50.0,1315.7894287109375,1052.631591796875,1052.631591796875
2026-07-21T10:29:50.778,0.012482056394219398,0.018948953598737717,50.0,1315.7894287109375,1052.631591796875,1052.631591796875
2026-07-21T10:29:56.069,0.012414922937750816,0.01858578622341156,50.0,1315.7894287109375,1052.631591796875,1052.631591796875
2026-07-21T10:29:57.808,0.013141262345016003,0.01946166716516018,50.0,1315.7894287109375,1052.631591796875,1052.631591796875
2026-07-21T10:29:59.375,0.012375244870781898,0.01876584254205227,50.0,1315.7894287109375,1052.631591796875,1052.631591796875
2026-07-21T10:30:31.158,0.012436287477612495,0.01861630007624626,50.0,0.0,1052.631591796875,1052.631591796875
2026-07-21T10:30:33.650,0.012967302463948727,0.018771953880786896,50.0,0.0,1052.631591796875,1052.631591796875
2026-07-21T10:30:35.232,0.012598032131791115,0.018909284844994545,50.0,0.0,1052.631591796875,1052.631591796875
2026-07-21T10:30:47.076,0.01212194561958313,0.018420986831188202,50.0,0.0,1052.631591796875,1052.631591796875
2026-07-21T10:31:39.973,0.012366091832518578,0.01869259774684906,50.0,1388.888916015625,1052.631591796875,1052.631591796875
2026-07-21T10:31:50.150,0.013400668278336525,0.019211411476135254,50.0,1388.888916015625,1052.631591796875,1052.631591796875
2026-07-21T10:31:58.143,0.01307106763124466,0.018686503171920776,50.0,1388.888916015625,1052.631591796875,1052.631591796875
2026-07-21T10:31:59.689,0.012417975813150406,0.018717018887400627,50.0,1388.888916015625,1052.631591796875,1052.631591796875
2026-07-21T10:32:01.259,0.013199245557188988,0.019116804003715515,50.0,0.0,1052.631591796875,1052.631591796875
2026-07-21T10:32:54.626,0.01233251765370369,0.018829936161637306,50.0,0.0,1052.631591796875,1052.631591796875
2026-07-21T10:59:29.376,0.011258281767368317,0.018155476078391075,288.4615478515625,606.0606079101562,689.6551513671875,689.6551513671875
2026-07-21T10:59:31.096,0.011050757952034473,0.018182938918471336,294.1176452636719,615.3846435546875,0.0,722.8915405273438
2026-07-21T10:59:36.898,0.01125218067318201,0.018103593960404396,263.15789794921875,588.2352905273438,722.8915405273438,0.0
2026-07-21T10:59:41.932,0.011142310686409473,0.017929641529917717,297.0296936035156,625.0,714.2857055664062,714.2857055664062
2026-07-21T10:59:44.443,0.011319317854940891,0.018118852749466896,283.01885986328125,597.0149536132812,645.1613159179688,645.1613159179688
2026-07-21T10:59:47.572,0.011212509125471115,0.018030352890491486,283.01885986328125,597.0149536132812,0.0,731.7073364257812
2026-07-21T10:59:49.126,0.011215560138225555,0.017923535779118538,297.0296936035156,634.920654296875,740.74072265625,740.74072265625
2026-07-21T12:04:05.731,0.010953091084957123,0.01756342314183712,337.0786437988281,677.9661254882812,1071.4285888671875,1071.4285888671875
2026-07-21T13:35:29.257,0.01054108515381813,0.017313143238425255,306.1224365234375,4056.603759765625,800.0,800.0
2026-07-21T13:35:36.154,0.010730307549238205,0.01761835254728794,309.2783508300781,3161.7646484375,0.0,722.8915405273438
2026-07-21T13:35:45.065,0.010721147991716862,0.017334505915641785,326.0869445800781,4777.77783203125,952.3809814453125,952.3809814453125
2026-07-21T13:36:04.847,0.010730312205851078,0.017471861094236374,300.0,3307.6923828125,740.74072265625,740.74072265625
2026-07-21T13:36:23.358,0.01108432374894619,0.018109677359461784,312.5,3771.929931640625,0.0,1052.631591796875
2026-07-21T13:36:24.921,0.010895106941461563,0.01845148764550686,309.2783508300781,3644.06787109375,750.0,750.0
2026-07-21T13:36:36.381,0.010492262430489063,0.01752372831106186,322.5806579589844,3706.896484375,789.4736938476562,789.4736938476562
2026-07-21T13:36:37.964,0.011542098596692085,0.01728569157421589,357.1428527832031,3706.896484375,779.2207641601562,779.2207641601562
2026-07-21T13:40:41.753,0.010498365387320518,0.01675466075539589,297.0296936035156,3071.428466796875,779.2207641601562,0.0
2026-07-21T13:40:53.879,0.01072725746780634,0.017181923612952232,315.7894592285156,3257.57568359375,0.0,705.88232421875
2026-07-21T13:41:07.970,0.010269476100802422,0.017777029424905777,315.7894592285156,3359.375,0.0,759.49365234375
2026-07-21T13:41:13.473,0.010834068059921265,0.01738028973340988,297.0296936035156,3307.6923828125,759.49365234375,759.49365234375
2026-07-21T13:41:19.249,0.01068147923797369,0.01742606796324253,306.1224365234375,3257.57568359375,731.7073364257812,731.7073364257812
2026-07-21T13:41:25.369,0.010315255261957645,0.016953032463788986,303.0303039550781,3644.06787109375,1000.0,1000.0
2026-07-21T13:41:32.885,0.010208440944552422,0.016922511160373688,297.0296936035156,3524.590087890625,779.2207641601562,779.2207641601562
2026-07-21T13:41:48.220,0.010132145136594772,0.017258215695619583,309.2783508300781,3359.375,0.0,759.49365234375
2026-07-21T13:41:52.469,0.010818812064826488,0.01744132488965988,294.1176452636719,3412.698486328125,759.49365234375,0.0
2026-07-21T13:41:55.288,0.010727254673838615,0.017029330134391785,309.2783508300781,3524.590087890625,769.2307739257812,0.0
2026-07-21T13:42:02.792,0.010742517188191414,0.017059847712516785,312.5,3412.698486328125,779.2207641601562,779.2207641601562
2026-07-21T13:42:04.289,0.010849328711628914,0.017105624079704285,300.0,3257.57568359375,750.0,750.0
2026-07-21T13:42:07.672,0.01029999554157257,0.017014071345329285,306.1224365234375,3257.57568359375,750.0,750.0
2026-07-21T13:42:12.357,0.010452588088810444,0.016922513023018837,283.01885986328125,3412.698486328125,750.0,0.0
2026-07-21T13:42:16.416,0.012298958376049995,0.018646812066435814,306.1224365234375,3467.741943359375,769.2307739257812,769.2307739257812
2026-07-21T13:42:38.947,0.010152490809559822,0.01770073175430298,280.37384033203125,2792.207763671875,674.1572875976562,674.1572875976562
2026-07-21T13:42:43.311,0.010722171515226364,0.017771942541003227,303.0303039550781,3839.28564453125,833.3333129882812,833.3333129882812
2026-07-21T13:42:49.477,0.010752689093351364,0.017019161954522133,315.7894592285156,3706.896484375,821.9177856445312,821.9177856445312
2026-07-21T13:42:59.037,0.010060936212539673,0.01670379750430584,326.0869445800781,3771.929931640625,821.9177856445312,810.810791015625
2026-07-21T13:43:07.479,0.010579751804471016,0.017039500176906586,303.0303039550781,3583.333251953125,789.4736938476562,789.4736938476562
2026-07-21T13:43:12.349,0.010579751804471016,0.01764986664056778,303.0303039550781,3644.06787109375,769.2307739257812,769.2307739257812
2026-07-21T13:48:23.363,0.010238958522677422,0.01689199171960354,319.14892578125,3524.590087890625,0.0,821.9177856445312
2026-07-21T13:48:25.842,0.01031525619328022,0.017303993925452232,306.1224365234375,3028.1689453125,821.9177856445312,821.9177856445312
2026-07-21T13:48:33.714,0.010605181567370892,0.017059851437807083,326.0869445800781,3028.1689453125,821.9177856445312,821.9177856445312
2026-07-21T13:48:38.427,0.01179540529847145,0.017731256783008575,297.0296936035156,3028.1689453125,821.9177856445312,821.9177856445312
2026-07-21T13:48:39.984,0.010528886690735817,0.017624441534280777,1500.0,3359.375,769.2307739257812,769.2307739257812
2026-07-22T11:05:42.330,0.01086153369396925,0.017914382740855217,270.270263671875,800.0,1500.0,1500.0
2026-07-22T11:05:48.322,0.011279643513262272,0.017633594572544098,265.4867248535156,909.0908813476562,1000.0,1000.0
2026-07-22T11:05:49.824,0.010800502263009548,0.017770951613783836,215.82733154296875,975.6097412109375,1034.4827880859375,1034.4827880859375
2026-07-22T11:05:51.929,0.010904259979724884,0.017755676060914993,291.26214599609375,869.5652465820312,833.3333129882812,833.3333129882812
2026-07-22T11:06:03.515,0.011105694808065891,0.01791437901556492,285.71429443359375,833.3333129882812,909.0908813476562,909.0908813476562
2026-07-22T11:06:05.257,0.011154520325362682,0.017993729561567307,285.71429443359375,909.0908813476562,1016.9491577148438,1016.9491577148438
2026-07-22T11:06:21.325,0.011365097016096115,0.018128015100955963,277.77777099609375,784.313720703125,909.0908813476562,909.0908813476562
2026-07-22T11:06:22.025,0.011337634176015854,0.018060868605971336,285.71429443359375,784.313720703125,923.076904296875,923.076904296875
2026-07-22T11:16:29.485,0.01107821986079216,0.017777057364583015,265.4867248535156,851.0638427734375,937.5,937.5
2026-07-22T11:16:31.066,0.010986669920384884,0.01752985082566738,300.0,833.3333129882812,923.076904296875,923.076904296875
2026-07-22T11:17:30.439,0.010834075510501862,0.01760920137166977,288.4615478515625,833.3333129882812,1935.48388671875,1935.48388671875
2026-07-22T11:17:33.435,0.010776091367006302,0.017853347584605217,191.0828094482422,384.6153869628906,555.5555419921875,555.5555419921875
2026-07-22T11:17:42.501,0.010776089504361153,0.01758783869445324,294.1176452636719,888.888916015625,555.5555419921875,555.5555419921875
2026-07-22T11:17:44.221,0.01081880647689104,0.017944900318980217,275.2293701171875,930.2325439453125,555.5555419921875,555.5555419921875
2026-07-22T11:17:55.882,0.011282695457339287,0.01785333640873432,291.26214599609375,909.0908813476562,0.0,0.0
2026-07-22T11:17:57.448,0.010916470550000668,0.017377253621816635,193.5483856201172,1600.0,779.2207641601562,779.2207641601562
2026-07-22T11:18:33.929,0.01112094521522522,0.01743827946484089,306.1224365234375,740.74072265625,1714.2857666015625,1714.2857666015625
2026-07-22T11:18:42.548,0.011566516943275928,0.01776787079870701,291.26214599609375,740.74072265625,895.5223999023438,895.5223999023438
2026-07-22T11:18:44.050,0.0111270472407341,0.017780080437660217,288.4615478515625,740.74072265625,1090.9090576171875,1090.9090576171875
2026-07-22T11:19:08.417,0.010858485475182533,0.01729179173707962,285.71429443359375,677.9661254882812,0.0,0.0
2026-07-22T11:19:13.281,0.011114838533103466,0.01769462414085865,319.14892578125,800.0,0.0,0.0
2026-07-22T11:19:15.798,0.011206397786736488,0.017651904374361038,297.0296936035156,800.0,0.0,0.0
2026-07-22T11:19:24.669,0.010638752952218056,0.017078161239624023,240.0,689.6551513671875,1333.3333740234375,1333.3333740234375
2026-07-22T11:19:27.671,0.010467849671840668,0.01758476532995701,193.5483856201172,714.2857055664062,731.7073364257812,731.7073364257812
2026-07-22T11:19:59.946,0.010852377861738205,0.01767631620168686,291.26214599609375,784.313720703125,983.6065673828125,983.6065673828125
2026-07-22T11:20:11.030,0.01128573901951313,0.017932670190930367,234.375,634.920654296875,0.0,895.5223999023438
2026-07-22T11:20:46.922,0.011426128447055817,0.01765190064907074,294.1176452636719,555.5555419921875,0.0,845.0704345703125
2026-07-22T11:20:49.572,0.01138340588659048,0.0174810029566288,267.8571472167969,740.74072265625,845.0704345703125,740.74072265625
2026-07-22T11:21:01.636,0.010693686082959175,0.017200233414769173,288.4615478515625,784.313720703125,740.74072265625,740.74072265625
2026-07-22T11:21:03.186,0.010657060891389847,0.01746268942952156,240.0,655.7377319335938,895.5223999023438,895.5223999023438
2026-07-22T11:21:27.110,0.011181984096765518,0.017249062657356262,309.2783508300781,1428.5714111328125,1333.3333740234375,1333.3333740234375
2026-07-22T11:21:29.152,0.010675371624529362,0.017737355083227158,202.70269775390625,677.9661254882812,0.0,845.0704345703125
2026-07-22T11:21:36.191,0.010956142097711563,0.01729178987443447,232.55813598632812,0.0,845.0704345703125,845.0704345703125
2026-07-22T11:21:54.216,0.010998867452144623,0.017920462414622307,252.10084533691406,634.920654296875,674.1572875976562,0.0
2026-07-22T11:21:55.771,0.01076082605868578,0.017346719279885292,291.26214599609375,677.9661254882812,779.2207641601562,779.2207641601562
2026-07-22T11:22:40.923,0.010813722386956215,0.01755831390619278,265.4867248535156,666.6666870117188,759.49365234375,759.49365234375
2026-07-22T11:22:42.478,0.012248096987605095,0.01834162138402462,196.07843017578125,727.272705078125,882.3529663085938,882.3529663085938
2026-07-22T11:22:55.774,0.010457674972712994,0.017751595005393028,267.8571472167969,625.0,714.2857055664062,714.2857055664062
2026-07-22T11:23:04.870,0.01109856367111206,0.017070025205612183,0.0,625.0,714.2857055664062,714.2857055664062
2026-07-22T11:23:06.435,0.011159602552652359,0.017924537882208824,285.71429443359375,645.1613159179688,705.88232421875,705.88232421875
2026-07-22T11:23:48.925,0.01076285820454359,0.01764986477792263,265.4867248535156,645.1613159179688,0.0,759.49365234375
2026-07-22T11:23:50.490,0.01065096165984869,0.017181923612952232,230.76922607421875,625.0,759.49365234375,759.49365234375
2026-07-22T11:23:52.992,0.01155634131282568,0.01723278872668743,277.77777099609375,666.6666870117188,759.49365234375,759.49365234375
2026-07-22T11:24:03.520,0.01071199681609869,0.01739555224776268,263.15789794921875,769.2307739257812,857.1428833007812,857.1428833007812
2026-07-22T11:24:05.101,0.010844242759048939,0.01739555224776268,263.15789794921875,634.920654296875,714.2857055664062,714.2857055664062
2026-07-22T11:24:20.012,0.010355949401855469,0.017690559849143028,0.0,740.74072265625,857.1428833007812,857.1428833007812
2026-07-22T11:24:21.577,0.011027351021766663,0.01806696131825447,217.3913116455078,769.2307739257812,0.0,882.3529663085938
2026-07-22T11:33:17.467,0.010498365387320518,0.017812633886933327,205.4794464111328,459.7701110839844,612.244873046875,612.244873046875
2026-07-22T11:33:19.026,0.011373233050107956,0.01761935092508793,252.10084533691406,555.5555419921875,659.3406372070312,659.3406372070312
2026-07-22T11:33:26.874,0.010457675904035568,0.017131060361862183,243.90243530273438,625.0,659.3406372070312,0.0
2026-07-22T11:33:29.531,0.010884931311011314,0.017415892332792282,200.0,625.0,800.0,800.0
2026-07-22T11:33:41.379,0.010783206671476364,0.017721079289913177,256.4102478027344,588.2352905273438,681.8181762695312,681.8181762695312
2026-07-22T11:33:43.002,0.01077303010970354,0.01764986664056778,294.1176452636719,579.7101440429688,674.1572875976562,674.1572875976562
2026-07-22T11:33:50.837,0.010732344351708889,0.017283648252487183,283.01885986328125,615.3846435546875,674.1572875976562,0.0
2026-07-22T11:33:52.404,0.010630613192915916,0.01751762256026268,275.2293701171875,655.7377319335938,1500.0,1500.0
2026-07-22T11:34:44.510,0.010722169652581215,0.01735485903918743,280.37384033203125,634.920654296875,722.8915405273438,722.8915405273438
2026-07-22T11:34:46.024,0.010640786960721016,0.01735485903918743,280.37384033203125,625.0,750.0,750.0
2026-07-22T11:35:00.186,0.011515652760863304,0.017680389806628227,252.10084533691406,579.7101440429688,0.0,0.0
2026-07-22T11:35:02.844,0.011139255948364735,0.01748710311949253,277.77777099609375,606.0606079101562,810.810791015625,810.810791015625
2026-07-22T11:35:21.184,0.012115846388041973,0.01817885972559452,297.0296936035156,634.920654296875,0.0,882.3529663085938
2026-07-22T11:35:24.167,0.010813724249601364,0.01764986664056778,256.4102478027344,597.0149536132812,444.4444580078125,444.4444580078125
2026-07-22T11:35:31.988,0.010406812652945518,0.016897082328796387,267.8571472167969,563.3803100585938,444.4444580078125,952.3809814453125
2026-07-22T11:35:33.550,0.01074251439422369,0.01763969659805298,300.0,666.6666870117188,1463.4146728515625,1463.4146728515625
2026-07-22T11:35:36.007,0.012278612703084946,0.018575603142380714,197.36842346191406,615.3846435546875,1463.4146728515625,0.0
2026-07-22T11:36:11.481,0.011444439180195332,0.01818903349339962,234.375,555.5555419921875,857.1428833007812,857.1428833007812
2026-07-22T11:36:17.428,0.010620441287755966,0.01757866144180298,252.10084533691406,547.9451904296875,845.0704345703125,845.0704345703125
2026-07-22T11:36:20.395,0.010508540086448193,0.017171747982501984,202.70269775390625,625.0,952.3809814453125,952.3809814453125
2026-07-22T11:36:27.889,0.01057975273579359,0.01726330630481243,263.15789794921875,625.0,833.3333129882812,833.3333129882812
2026-07-22T11:36:30.810,0.010488193482160568,0.01743623986840248,247.9338836669922,588.2352905273438,909.0908813476562,909.0908813476562
2026-07-22T11:36:39.945,0.01111890934407711,0.01752779819071293,306.1224365234375,701.75439453125,821.9177856445312,821.9177856445312
2026-07-22T11:36:45.877,0.010386466979980469,0.017822803929448128,294.1176452636719,555.5555419921875,845.0704345703125,845.0704345703125
2026-07-22T11:36:47.377,0.010528886690735817,0.017771940678358078,303.0303039550781,645.1613159179688,895.5223999023438,895.5223999023438
2026-07-22T11:48:56.302,0.010396637953817844,0.01761935092508793,337.0786437988281,625.0,800.0,800.0
2026-07-22T11:48:58.358,0.010722169652581215,0.01715140789747238,337.0786437988281,597.0149536132812,800.0,0.0
2026-07-22T11:49:02.448,0.01081372145563364,0.01767021417617798,333.3333435058594,1904.761962890625,1500.0,1500.0
2026-07-22T11:49:15.825,0.010701825842261314,0.017751596868038177,322.5806579589844,689.6551513671875,1463.4146728515625,1463.4146728515625
2026-07-22T11:49:24.002,0.010437331162393093,0.016978465020656586,265.4867248535156,714.2857055664062,1463.4146728515625,909.0908813476562
2026-07-22T11:49:26.316,0.01071199681609869,0.01757865957915783,361.4457702636719,740.74072265625,952.3809814453125,952.3809814453125
2026-07-22T11:49:31.530,0.010396637953817844,0.016815699636936188,434.7826232910156,784.313720703125,937.5,937.5
2026-07-22T11:49:35.479,0.01086458656936884,0.01741589792072773,322.5806579589844,769.2307739257812,983.6065673828125,983.6065673828125
2026-07-22T11:50:04.330,0.010650962591171265,0.016937771812081337,370.370361328125,714.2857055664062,983.6065673828125,1132.075439453125
2026-07-22T11:50:08.421,0.010884936898946762,0.01756848581135273,300.0,727.272705078125,1176.4705810546875,1176.4705810546875
2026-07-22T11:50:14.825,0.010945969261229038,0.01768038421869278,337.0786437988281,784.313720703125,967.741943359375,967.741943359375
2026-07-22T11:50:17.308,0.010864587500691414,0.017802460119128227,348.83721923828125,677.9661254882812,967.741943359375,0.0
2026-07-22T11:50:20.490,0.01158685889095068,0.01812799647450447,340.9090881347656,800.0,967.741943359375,967.741943359375
2026-07-22T12:08:57.474,0.010854413732886314,0.017110716551542282,0.0,800.0,967.741943359375,967.741943359375
2026-07-22T13:51:02.406,0.011258281767368317,0.017447417601943016,283.01885986328125,597.0149536132812,681.8181762695312,681.8181762695312
2026-07-22T13:51:08.328,0.011062949895858765,0.017841128632426262,294.1176452636719,606.0606079101562,800.0,800.0
2026-07-22T13:51:14.323,0.010617382824420929,0.01722160540521145,283.01885986328125,597.0149536132812,750.0,750.0
2026-07-22T13:51:18.824,0.010791350156068802,0.017468804493546486,300.0,588.2352905273438,740.74072265625,740.74072265625
2026-07-22T13:51:26.354,0.01073641050606966,0.017291782423853874,285.71429443359375,666.6666870117188,789.4736938476562,789.4736938476562
2026-07-22T13:51:30.946,0.0107242027297616,0.017581719905138016,256.4102478027344,555.5555419921875,638.2978515625,638.2978515625
2026-07-22T13:51:40.037,0.01054108701646328,0.0176458191126585,294.1176452636719,634.920654296875,638.2978515625,0.0
2026-07-22T13:51:45.060,0.010525825433433056,0.017343655228614807,348.83721923828125,615.3846435546875,779.2207641601562,0.0
2026-07-22T13:52:13.734,0.010650970973074436,0.017447425052523613,294.1176452636719,487.80487060546875,0.0,526.3157958984375
2026-07-22T13:52:17.161,0.010293886996805668,0.01751154102385044,288.4615478515625,579.7101440429688,0.0,714.2857055664062
2026-07-22T13:52:20.296,0.010861540213227272,0.017648845911026,288.4615478515625,666.6666870117188,1016.9491577148438,1016.9491577148438
2026-07-22T13:52:38.310,0.010647906921803951,0.017404692247509956,265.4867248535156,677.9661254882812,759.49365234375,759.49365234375
2026-07-22T13:52:41.218,0.010870696045458317,0.018082236871123314,260.86956787109375,816.3265380859375,857.1428833007812,857.1428833007812
2026-07-22T13:52:47.403,0.010690628550946712,0.01724907010793686,288.4615478515625,800.0,1111.111083984375,1111.111083984375
2026-07-22T13:52:50.540,0.010654003359377384,0.01747489534318447,250.0,526.3157958984375,750.0,750.0
2026-07-22T13:53:12.148,0.01064485777169466,0.017474904656410217,260.86956787109375,701.75439453125,750.0,750.0
2026-07-22T13:53:13.693,0.01061432808637619,0.017139200121164322,270.270263671875,740.74072265625,0.0,800.0
2026-07-22T13:53:19.491,0.010721146129071712,0.01741386577486992,300.0,769.2307739257812,882.3529663085938,882.3529663085938
2026-07-22T13:53:29.207,0.010763876140117645,0.01733451336622238,277.77777099609375,740.74072265625,1052.631591796875,1052.631591796875
2026-07-22T13:53:34.565,0.010843224823474884,0.01765497587621212,283.01885986328125,727.272705078125,800.0,800.0
2026-07-22T13:53:37.998,0.010727250948548317,0.01761835440993309,285.71429443359375,754.7169799804688,0.0,1250.0
2026-07-22T13:53:42.070,0.01054413802921772,0.01742912270128727,288.4615478515625,800.0,1111.111083984375,1111.111083984375
2026-07-22T13:53:43.803,0.01059296727180481,0.017209384590387344,291.26214599609375,740.74072265625,821.9177856445312,821.9177856445312
2026-07-22T13:55:05.365,0.010507520288228989,0.016916396096348763,270.270263671875,634.920654296875,845.0704345703125,845.0704345703125
2026-07-22T13:55:08.473,0.01060517504811287,0.017694653943181038,652.1738891601562,666.6666870117188,937.5,937.5
2026-07-22T13:55:15.780,0.01055329293012619,0.01743217557668686,280.37384033203125,754.7169799804688,937.5,937.5
2026-07-22T13:55:17.860,0.010748613625764847,0.01760615035891533,294.1176452636719,740.74072265625,937.5,937.5
2026-07-22T13:55:26.288,0.011224708519876003,0.01759086176753044,283.01885986328125,740.74072265625,909.0908813476562,909.0908813476562
2026-07-22T13:55:47.804,0.010562446899712086,0.017407763749361038,1500.0,0.0,0.0,0.0
2026-07-22T13:55:49.379,0.010492254048585892,0.017407763749361038,1500.0,0.0,0.0,0.0
2026-07-22T13:55:50.948,0.010608234442770481,0.017249079421162605,1500.0,597.0149536132812,882.3529663085938,882.3529663085938
2026-07-22T13:55:53.602,0.010547189973294735,0.017749568447470665,283.01885986328125,769.2307739257812,1250.0,1250.0
2026-07-22T13:55:57.182,0.010864589363336563,0.01742606982588768,258.6206970214844,634.920654296875,0.0,895.5223999023438
2026-07-22T13:56:02.474,0.010849329642951488,0.01716057024896145,285.71429443359375,754.7169799804688,1363.6363525390625,1363.6363525390625
2026-07-22T13:56:07.055,0.01065401453524828,0.017377249896526337,288.4615478515625,754.7169799804688,967.741943359375,967.741943359375
2026-07-22T13:56:36.782,0.010760831646621227,0.017093414440751076,283.01885986328125,727.272705078125,923.076904296875,923.076904296875
2026-07-22T13:56:42.255,0.010705883614718914,0.017389440909028053,283.01885986328125,769.2307739257812,923.076904296875,923.076904296875
2026-07-22T13:56:51.472,0.010678423568606377,0.017334522679448128,263.15789794921875,888.888916015625,1200.0,1200.0
2026-07-22T13:56:56.042,0.010870690457522869,0.017618350684642792,247.9338836669922,481.9277038574219,1200.0,1200.0
2026-07-22T13:57:01.609,0.01073641050606966,0.01770380325615406,275.2293701171875,645.1613159179688,869.5652465820312,869.5652465820312
2026-07-22T13:57:03.238,0.01055329293012619,0.017542041838169098,357.1428527832031,714.2857055664062,1333.3333740234375,1333.3333740234375
2026-07-22T13:57:10.734,0.011087375693023205,0.018042562529444695,447.7611999511719,689.6551513671875,659.3406372070312,659.3406372070312
2026-07-22T13:57:13.715,0.01064789667725563,0.017715999856591225,288.4615478515625,727.272705078125,909.0908813476562,909.0908813476562
2026-07-22T13:57:43.817,0.010669269599020481,0.01770685985684395,288.4615478515625,754.7169799804688,895.5223999023438,895.5223999023438
2026-07-22T13:57:47.139,0.010696741752326488,0.017551211640238762,285.71429443359375,689.6551513671875,845.0704345703125,845.0704345703125
2026-07-22T13:57:54.832,0.01080965157598257,0.01779535412788391,291.26214599609375,754.7169799804688,895.5223999023438,895.5223999023438
2026-07-22T13:58:02.497,0.010583815164864063,0.017374178394675255,303.0303039550781,769.2307739257812,923.076904296875,923.076904296875
2026-07-22T13:58:05.003,0.0105807576328516,0.017593946307897568,288.4615478515625,784.313720703125,1578.9473876953125,1578.9473876953125
2026-07-22T13:58:09.364,0.010596019215881824,0.017291788011789322,267.8571472167969,677.9661254882812,810.810791015625,810.810791015625
2026-07-22T13:58:16.938,0.010562459006905556,0.01732841692864895,285.71429443359375,727.272705078125,1538.4615478515625,1538.4615478515625
2026-07-22T13:58:18.511,0.01069673802703619,0.017087314277887344,260.86956787109375,727.272705078125,845.0704345703125,845.0704345703125
2026-07-22T14:08:44.925,0.010400703176856041,0.017346704378724098,526.3157958984375,816.3265380859375,1333.3333740234375,1333.3333740234375
2026-07-22T14:08:47.437,0.010882904753088951,0.017319263890385628,1250.0,666.6666870117188,1463.4146728515625,1463.4146728515625
2026-07-22T14:08:51.798,0.010681474581360817,0.01761835813522339,283.01885986328125,740.74072265625,882.3529663085938,882.3529663085938
2026-07-22T14:09:32.467,0.010815753601491451,0.0177709199488163,291.26214599609375,754.7169799804688,923.076904296875,923.076904296875
2026-07-22T14:09:38.891,0.010580760426819324,0.017612256109714508,260.86956787109375,727.272705078125,833.3333129882812,833.3333129882812
2026-07-22T14:09:42.013,0.010547196492552757,0.017249055206775665,315.7894592285156,0.0,833.3333129882812,833.3333129882812
2026-07-22T14:09:49.037,0.01058075949549675,0.017889972776174545,285.71429443359375,754.7169799804688,895.5223999023438,895.5223999023438
2026-07-22T14:16:04.158,0.010620431043207645,0.017181921750307083,285.71429443359375,727.272705078125,857.1428833007812,857.1428833007812
2026-07-22T14:16:05.714,0.010596020147204399,0.01723380945622921,291.26214599609375,1052.631591796875,1764.7059326171875,1764.7059326171875
2026-07-22T14:16:14.664,0.01079744566231966,0.01742912456393242,283.01885986328125,714.2857055664062,845.0704345703125,845.0704345703125
2026-07-22T14:16:16.232,0.010684533044695854,0.017270414158701897,291.26214599609375,769.2307739257812,909.0908813476562,909.0908813476562
2026-07-22T14:16:23.572,0.010522773489356041,0.017111729830503464,275.2293701171875,740.74072265625,857.1428833007812,857.1428833007812
2026-07-22T14:16:25.643,0.01062348484992981,0.017249053344130516,306.1224365234375,754.7169799804688,909.0908813476562,909.0908813476562
2026-07-22T14:16:29.882,0.010754726827144623,0.01735282689332962,294.1176452636719,1142.857177734375,923.076904296875,923.076904296875
2026-07-22T14:19:09.136,0.010699796490371227,0.017075102776288986,291.26214599609375,800.0,1538.4615478515625,1538.4615478515625
2026-07-22T14:19:15.078,0.010641808621585369,0.017545092850923538,294.1176452636719,727.272705078125,869.5652465820312,869.5652465820312
2026-07-22T14:19:16.656,0.01063569076359272,0.017368096858263016,297.0296936035156,727.272705078125,1621.62158203125,1621.62158203125
2026-07-22T14:19:22.750,0.01053803414106369,0.01749933697283268,277.77777099609375,579.7101440429688,1621.62158203125,952.3809814453125
2026-07-22T14:19:28.485,0.010690630413591862,0.017432188615202904,375.0,677.9661254882812,1333.3333740234375,1333.3333740234375
2026-07-22T14:19:34.963,0.010553299449384212,0.01738334819674492,379.746826171875,588.2352905273438,0.0,1176.4705810546875
2026-07-22T14:19:40.607,0.010690629482269287,0.017407752573490143,306.1224365234375,754.7169799804688,909.0908813476562,909.0908813476562
2026-07-22T14:20:09.879,0.010654009878635406,0.017346743494272232,288.4615478515625,784.313720703125,1463.4146728515625,1463.4146728515625
2026-07-22T14:20:11.439,0.0108615318313241,0.017874697223305702,297.0296936035156,714.2857055664062,857.1428833007812,857.1428833007812
2026-07-22T14:20:18.634,0.010290832258760929,0.017300952225923538,260.86956787109375,526.3157958984375,857.1428833007812,0.0
2026-07-22T14:20:22.853,0.010663156397640705,0.017233800143003464,267.8571472167969,689.6551513671875,821.9177856445312,821.9177856445312
2026-07-22T14:20:35.057,0.010626536794006824,0.01728264056146145,291.26214599609375,769.2307739257812,1621.62158203125,1621.62158203125
2026-07-22T14:21:35.435,0.01046174019575119,0.017230737954378128,306.1224365234375,740.74072265625,1071.4285888671875,1071.4285888671875
2026-07-22T14:21:39.970,0.01057160273194313,0.017456600442528725,291.26214599609375,714.2857055664062,857.1428833007812,857.1428833007812
2026-07-22T14:21:44.324,0.010556347668170929,0.017288725823163986,275.2293701171875,727.272705078125,857.1428833007812,857.1428833007812
2026-07-22T14:22:04.419,0.01060213427990675,0.017676332965493202,272.7272644042969,727.272705078125,845.0704345703125,845.0704345703125
2026-07-22T14:22:12.098,0.010483101941645145,0.017117826268076897,277.77777099609375,740.74072265625,895.5223999023438,895.5223999023438
2026-07-22T14:22:17.534,0.010574659332633018,0.01704457961022854,306.1224365234375,769.2307739257812,1016.9491577148438,1016.9491577148438
2026-07-22T14:35:55.382,0.010699784383177757,0.01749930903315544,265.4867248535156,727.272705078125,845.0704345703125,845.0704345703125
2026-07-22T14:35:59.595,0.01057770848274231,0.017542054876685143,291.26214599609375,816.3265380859375,1333.3333740234375,1333.3333740234375
2026-07-22T14:36:05.553,0.01061127707362175,0.017487112432718277,229.00762939453125,597.0149536132812,789.4736938476562,789.4736938476562
2026-07-22T14:36:12.136,0.010538038797676563,0.01720329560339451,291.26214599609375,754.7169799804688,1538.4615478515625,1538.4615478515625
2026-07-22T14:36:17.609,0.010672318749129772,0.017117829993367195,277.77777099609375,754.7169799804688,869.5652465820312,869.5652465820312
2026-07-22T14:36:20.577,0.010428167879581451,0.01731313206255436,291.26214599609375,784.313720703125,1463.4146728515625,1463.4146728515625
2026-07-22T14:37:01.228,0.010553291067481041,0.017166655510663986,283.01885986328125,740.74072265625,857.1428833007812,857.1428833007812
2026-07-22T14:37:05.974,0.010852382518351078,0.017651909962296486,294.1176452636719,769.2307739257812,909.0908813476562,909.0908813476562
2026-07-22T14:37:10.820,0.01084627490490675,0.01764274388551712,275.2293701171875,727.272705078125,869.5652465820312,869.5652465820312
2026-07-22T14:37:17.849,0.010666209273040295,0.017612237483263016,291.26214599609375,714.2857055664062,857.1428833007812,857.1428833007812
2026-07-22T14:37:24.295,0.010589921846985817,0.017126988619565964,288.4615478515625,784.313720703125,1500.0,1500.0
2026-07-22T14:37:29.745,0.010415958240628242,0.017096467316150665,297.0296936035156,769.2307739257812,1538.4615478515625,1538.4615478515625
2026-07-22T14:37:36.178,0.01058381050825119,0.01760615035891533,300.0,784.313720703125,923.076904296875,923.076904296875
2026-07-22T14:37:40.219,0.010470892302691936,0.017212441191077232,283.01885986328125,784.313720703125,909.0908813476562,909.0908813476562
2026-07-22T14:46:06.133,0.010501409880816936,0.01755426451563835,280.37384033203125,0.0,789.4736938476562,789.4736938476562
2026-07-22T14:46:11.409,0.010721149854362011,0.017377248033881187,283.01885986328125,606.0606079101562,714.2857055664062,714.2857055664062
2026-07-22T14:46:34.430,0.010519728995859623,0.01714223437011242,306.1224365234375,1052.631591796875,1153.84619140625,1153.84619140625
2026-07-22T14:46:36.218,0.0106326499953866,0.01718495972454548,384.6153869628906,909.0908813476562,0.0,759.49365234375
2026-07-22T14:47:09.273,0.01046479120850563,0.017575623467564583,285.71429443359375,689.6551513671875,821.9177856445312,821.9177856445312
2026-07-22T14:47:15.872,0.010693680495023727,0.017239894717931747,285.71429443359375,689.6551513671875,769.2307739257812,769.2307739257812
2026-07-22T14:47:18.866,0.010605174116790295,0.017590874806046486,267.8571472167969,597.0149536132812,769.2307739257812,0.0
2026-07-22T14:47:21.821,0.011081264354288578,0.01784111000597477,260.86956787109375,634.920654296875,689.6551513671875,0.0
2026-07-22T14:47:31.779,0.0105502400547266,0.017017124220728874,291.26214599609375,689.6551513671875,714.2857055664062,714.2857055664062
2026-07-22T14:47:35.129,0.01055329479277134,0.017493214458227158,300.0,666.6666870117188,0.0,923.076904296875
2026-07-22T14:47:37.943,0.011426137760281563,0.01801202818751335,405.4053955078125,1666.6666259765625,1428.5714111328125,1428.5714111328125
2026-07-22T14:47:39.513,0.01050751842558384,0.017093416303396225,285.71429443359375,740.74072265625,869.5652465820312,869.5652465820312
2026-07-22T14:48:08.210,0.010355948470532894,0.016978463158011436,277.77777099609375,625.0,0.0,0.0
2026-07-22T14:48:10.087,0.010681478306651115,0.01749727688729763,294.1176452636719,666.6666870117188,769.2307739257812,0.0
2026-07-22T14:48:12.595,0.010701823979616165,0.016805527731776237,277.77777099609375,714.2857055664062,0.0,845.0704345703125
2026-07-22T14:48:18.497,0.010986662469804287,0.01740572415292263,291.26214599609375,727.272705078125,845.0704345703125,845.0704345703125
2026-07-22T14:48:20.284,0.010742515325546265,0.01770073175430298,288.4615478515625,784.313720703125,0.0,1071.4285888671875
2026-07-22T14:48:39.754,0.010473953559994698,0.017835011705756187,294.1176452636719,666.6666870117188,740.74072265625,740.74072265625
2026-07-22T14:48:43.033,0.011743519455194473,0.018732262775301933,285.71429443359375,714.2857055664062,740.74072265625,0.0
2026-07-22T14:48:47.259,0.011584829539060593,0.01835382729768753,270.270263671875,634.920654296875,674.1572875976562,674.1572875976562
2026-07-22T14:48:51.796,0.010467849671840668,0.017145298421382904,288.4615478515625,714.2857055664062,800.0,800.0
2026-07-22T14:48:53.352,0.010309151373803616,0.017188023775815964,291.26214599609375,784.313720703125,1090.9090576171875,1090.9090576171875
2026-07-22T14:49:00.713,0.010657059960067272,0.01753593608736992,285.71429443359375,689.6551513671875,810.810791015625,810.810791015625
2026-07-22T14:49:03.866,0.01065706368535757,0.016852326691150665,297.0296936035156,740.74072265625,0.0,845.0704345703125
2026-07-22T14:49:08.230,0.011883906088769436,0.018787194043397903,322.5806579589844,714.2857055664062,857.1428833007812,857.1428833007812
2026-07-22T14:49:34.290,0.010571611113846302,0.017108675092458725,288.4615478515625,677.9661254882812,0.0,0.0
2026-07-22T14:49:37.425,0.01026642695069313,0.017621392384171486,285.71429443359375,645.1613159179688,821.9177856445312,821.9177856445312
2026-07-22T14:49:43.515,0.010425125248730183,0.01741386204957962,277.77777099609375,701.75439453125,0.0,1132.075439453125
2026-07-22T14:49:46.180,0.010376295074820518,0.01713309995830059,312.5,701.75439453125,845.0704345703125,845.0704345703125
2026-07-22T14:49:48.057,0.010565506294369698,0.017096469178795815,277.77777099609375,606.0606079101562,845.0704345703125,750.0
2026-07-22T14:49:50.706,0.011828972026705742,0.01817072555422783,303.0303039550781,689.6551513671875,740.74072265625,740.74072265625
2026-07-22T14:49:56.639,0.010931725613772869,0.017572559416294098,303.0303039550781,816.3265380859375,800.0,800.0
2026-07-22T14:49:59.640,0.010553301312029362,0.016943879425525665,288.4615478515625,727.272705078125,869.5652465820312,869.5652465820312
2026-07-22T14:50:32.920,0.011572619900107384,0.01831110566854477,294.1176452636719,740.74072265625,0.0,800.0
2026-07-22T14:50:35.883,0.010498366318643093,0.017658011987805367,285.71429443359375,727.272705078125,1071.4285888671875,1071.4285888671875
2026-07-22T14:50:38.860,0.011615345254540443,0.018640702590346336,291.26214599609375,677.9661254882812,0.0,800.0
2026-07-22T14:50:40.896,0.010986661538481712,0.01736503280699253,285.71429443359375,727.272705078125,0.0,983.6065673828125
2026-07-22T15:19:39.281,0.011590927839279175,0.018372146412730217,300.0,666.6666870117188,740.74072265625,740.74072265625
2026-07-22T15:19:40.998,0.01108432188630104,0.017658008262515068,285.71429443359375,740.74072265625,740.74072265625,833.3333129882812
2026-07-22T15:19:45.580,0.010650957934558392,0.017767872661352158,263.15789794921875,851.0638427734375,833.3333129882812,833.3333129882812
2026-07-22T15:19:48.229,0.01030915416777134,0.016980500891804695,1000.0,816.3265380859375,0.0,857.1428833007812
2026-07-22T15:19:49.809,0.010150456801056862,0.016980500891804695,1000.0,816.3265380859375,857.1428833007812,857.1428833007812
2026-07-22T15:19:52.777,0.0114078214392066,0.01754203997552395,288.4615478515625,1052.631591796875,1200.0,1200.0
2026-07-22T15:22:33.483,0.0099286874756217,0.01678517833352089,297.0296936035156,666.6666870117188,740.74072265625,740.74072265625
2026-07-22T15:22:35.103,0.012217576615512371,0.018005914986133575,297.0296936035156,727.272705078125,833.3333129882812,833.3333129882812
2026-07-22T15:22:38.072,0.010549232363700867,0.017161572352051735,288.4615478515625,701.75439453125,779.2207641601562,779.2207641601562
2026-07-22T15:22:53.112,0.01029491238296032,0.016713973134756088,300.0,666.6666870117188,779.2207641601562,779.2207641601562
2026-07-22T15:22:56.387,0.010661131702363491,0.01767021417617798,291.26214599609375,615.3846435546875,740.74072265625,1052.631591796875
2026-07-22T15:22:58.997,0.012044639326632023,0.018829919397830963,275.2293701171875,634.920654296875,666.6666870117188,666.6666870117188
2026-07-22T15:23:00.488,0.010681478306651115,0.017975397408008575,315.7894592285156,816.3265380859375,666.6666870117188,0.0
2026-07-22T15:23:06.499,0.01083406899124384,0.017934715375304222,297.0296936035156,689.6551513671875,779.2207641601562,779.2207641601562
2026-07-22T15:23:08.116,0.009969380684196949,0.01647999882698059,294.1176452636719,740.74072265625,779.2207641601562,0.0
2026-07-22T15:23:11.111,0.010742515325546265,0.017731251195073128,280.37384033203125,655.7377319335938,705.88232421875,705.88232421875
2026-07-22T15:23:14.239,0.010701823979616165,0.017995746806263924,389.6103820800781,754.7169799804688,895.5223999023438,895.5223999023438
2026-07-22T15:23:30.994,0.01082389522343874,0.01756848581135273,319.14892578125,833.3333129882812,895.5223999023438,0.0
2026-07-22T15:23:33.501,0.010518714785575867,0.017059843987226486,315.7894592285156,833.3333129882812,983.6065673828125,983.6065673828125
2026-07-22T15:23:35.001,0.011210466735064983,0.01757866144180298,285.71429443359375,714.2857055664062,983.6065673828125,0.0
2026-07-22T15:24:08.008,0.010274567641317844,0.016988633200526237,272.7272644042969,634.920654296875,0.0,731.7073364257812
2026-07-22T15:24:11.906,0.009745577350258827,0.01659189723432064,306.1224365234375,727.272705078125,789.4736938476562,789.4736938476562
2026-07-22T15:24:13.994,0.01064078789204359,0.017771940678358078,294.1176452636719,666.6666870117188,789.4736938476562,731.7073364257812
2026-07-22T15:24:19.467,0.011251158080995083,0.01731416955590248,294.1176452636719,689.6551513671875,750.0,750.0
2026-07-22T15:24:22.411,0.012156537733972073,0.017904190346598625,285.71429443359375,677.9661254882812,722.8915405273438,722.8915405273438
2026-07-22T15:24:24.474,0.010813725180923939,0.017202267423272133,300.0,740.74072265625,0.0,869.5652465820312
2026-07-22T15:24:28.544,0.012115848250687122,0.019094418734312057,309.2783508300781,666.6666870117188,759.49365234375,759.49365234375
2026-07-22T15:24:31.819,0.012003947980701923,0.01730399765074253,333.3333435058594,625.0,759.49365234375,0.0
2026-07-22T15:25:48.573,0.01116977445781231,0.01735485903918743,288.4615478515625,645.1613159179688,0.0,697.6744384765625
2026-07-22T15:25:51.247,0.011597033590078354,0.018545081838965416,285.71429443359375,727.272705078125,833.3333129882812,833.3333129882812
2026-07-22T15:25:54.224,0.012054811231791973,0.017110712826251984,394.7368469238281,1212.1212158203125,1538.4615478515625,1538.4615478515625
2026-07-22T15:26:12.695,0.012441379018127918,0.018697677180171013,280.37384033203125,655.7377319335938,0.0,0.0
2026-07-22T15:26:17.077,0.013011057861149311,0.019399605691432953,297.0296936035156,677.9661254882812,800.0,800.0
2026-07-22T15:26:19.864,0.010203356854617596,0.017873670905828476,280.37384033203125,714.2857055664062,909.0908813476562,909.0908813476562
2026-07-22T15:26:23.019,0.010101626627147198,0.016825873404741287,379.746826171875,1025.6409912109375,1500.0,1500.0
2026-07-22T15:26:27.902,0.010630612261593342,0.017751596868038177,300.0,677.9661254882812,895.5223999023438,895.5223999023438
2026-07-22T15:26:31.968,0.010467846877872944,0.017843155190348625,309.2783508300781,727.272705078125,857.1428833007812,857.1428833007812
2026-07-22T15:26:35.240,0.010864589363336563,0.017293822020292282,285.71429443359375,677.9661254882812,0.0,882.3529663085938
2026-07-22T15:26:39.941,0.010722165927290916,0.018036438152194023,285.71429443359375,689.6551513671875,882.3529663085938,882.3529663085938
2026-07-22T15:30:32.028,0.010549229569733143,0.01749727688729763,288.4615478515625,784.313720703125,909.0908813476562,909.0908813476562
2026-07-22T15:30:36.762,0.011617378331720829,0.018616292625665665,416.6666564941406,740.74072265625,1016.9491577148438,1016.9491577148438
2026-07-22T15:30:41.155,0.010996835306286812,0.017985574901103973,283.01885986328125,714.2857055664062,909.0908813476562,909.0908813476562
2026-07-22T15:30:45.677,0.010945969261229038,0.01766004040837288,272.7272644042969,689.6551513671875,821.9177856445312,821.9177856445312
2026-07-22T15:31:33.949,0.010233874432742596,0.017771942541003227,288.4615478515625,784.313720703125,1176.4705810546875,1176.4705810546875
2026-07-22T15:31:39.886,0.010050760582089424,0.01655120588839054,288.4615478515625,689.6551513671875,845.0704345703125,845.0704345703125
2026-07-22T15:31:44.421,0.01070182304829359,0.01730399951338768,265.4867248535156,634.920654296875,674.1572875976562,674.1572875976562
2026-07-22T15:31:50.311,0.01030508242547512,0.017100539058446884,277.77777099609375,701.75439453125,833.3333129882812,833.3333129882812
2026-07-22T15:32:20.839,0.010498364455997944,0.01741589978337288,294.1176452636719,800.0,937.5,937.5
2026-07-22T15:32:25.211,0.012929672375321388,0.018636638298630714,275.2293701171875,701.75439453125,833.3333129882812,833.3333129882812
2026-07-22T15:32:29.786,0.011637725867331028,0.01749727874994278,285.71429443359375,714.2857055664062,857.1428833007812,857.1428833007812
2026-07-22T15:32:38.711,0.010579750873148441,0.017721077427268028,309.2783508300781,754.7169799804688,895.5223999023438,895.5223999023438
2026-07-22T15:32:44.686,0.011942909099161625,0.01838231459259987,291.26214599609375,714.2857055664062,895.5223999023438,895.5223999023438
2026-07-22T15:32:54.083,0.010630611330270767,0.016998810693621635,245.90164184570312,727.272705078125,895.5223999023438,0.0
2026-07-22T15:33:01.050,0.010518711991608143,0.017120888456702232,1500.0,588.2352905273438,810.810791015625,810.810791015625
2026-07-22T15:33:03.169,0.011088388971984386,0.017324339598417282,365.8536682128906,727.272705078125,0.0,983.6065673828125
2026-07-22T15:33:39.164,0.010884932242333889,0.01752779632806778,97.0873794555664,727.272705078125,983.6065673828125,983.6065673828125
2026-07-22T15:33:57.174,0.012146365828812122,0.018646810203790665,588.2352905273438,0.0,983.6065673828125,983.6065673828125
2026-07-22T15:34:01.757,0.010620441287755966,0.01676483266055584,0.0,0.0,983.6065673828125,983.6065673828125
2026-07-22T15:34:03.310,0.010681478306651115,0.017873672768473625,370.370361328125,606.0606079101562,857.1428833007812,857.1428833007812
2026-07-22T15:34:07.385,0.012339649721980095,0.017934711650013924,0.0,625.0,857.1428833007812,0.0
2026-07-22T15:34:10.506,0.010671304538846016,0.01745658740401268,352.941162109375,645.1613159179688,555.5555419921875,833.3333129882812
2026-07-22T15:34:17.866,0.011271503753960133,0.01763969473540783,375.0,666.6666870117188,1153.84619140625,1153.84619140625
2026-07-22T15:34:21.001,0.010416986420750618,0.016947947442531586,389.6103820800781,689.6551513671875,1153.84619140625,0.0
2026-07-22T15:34:26.815,0.009999899193644524,0.016724146902561188,697.6744384765625,930.2325439453125,1428.5714111328125,1428.5714111328125
2026-07-22T15:34:28.850,0.010396637953817844,0.017070021480321884,329.6703186035156,555.5555419921875,1428.5714111328125,1428.5714111328125
2026-07-22T15:34:31.337,0.010661131702363491,0.01771090365946293,379.746826171875,689.6551513671875,1000.0,1000.0
2026-07-22T15:34:51.084,0.010437329299747944,0.017771940678358078,370.370361328125,655.7377319335938,0.0,789.4736938476562
2026-07-22T15:34:58.274,0.010244045406579971,0.017741424962878227,185.1851806640625,655.7377319335938,789.4736938476562,789.4736938476562
2026-07-22T15:34:59.764,0.010671304538846016,0.017741424962878227,185.1851806640625,655.7377319335938,789.4736938476562,789.4736938476562
2026-07-22T15:35:01.766,0.01075268629938364,0.01757865957915783,185.1851806640625,655.7377319335938,789.4736938476562,789.4736938476562
2026-07-22T15:35:07.872,0.010396638885140419,0.017700733616948128,126.582275390625,655.7377319335938,789.4736938476562,789.4736938476562
2026-07-22T15:35:10.373,0.010183009319007397,0.016744492575526237,126.582275390625,655.7377319335938,789.4736938476562,789.4736938476562
2026-07-22T15:35:13.343,0.010742515325546265,0.01728365197777748,126.582275390625,655.7377319335938,789.4736938476562,789.4736938476562
2026-07-22T15:35:14.912,0.012207402847707272,0.019114764407277107,126.582275390625,655.7377319335938,789.4736938476562,789.4736938476562
2026-07-22T15:35:19.624,0.01186152920126915,0.01893165335059166,283.01885986328125,727.272705078125,869.5652465820312,869.5652465820312
2026-07-22T15:35:26.843,0.01049836352467537,0.017731251195073128,256.4102478027344,689.6551513671875,909.0908813476562,909.0908813476562
2026-07-22T15:35:38.794,0.012370167300105095,0.019430119544267654,29.821073532104492,689.6551513671875,909.0908813476562,909.0908813476562
2026-07-22T15:35:41.942,0.01019318588078022,0.016795353963971138,0.0,689.6551513671875,909.0908813476562,909.0908813476562
2026-07-22T15:35:43.498,0.010203356854617596,0.01665293239057064,250.0,727.272705078125,821.9177856445312,821.9177856445312
2026-07-22T15:35:57.426,0.010284735821187496,0.017100539058446884,375.0,2000.0,0.0,845.0704345703125
2026-07-22T15:36:01.799,0.012044638395309448,0.01884009689092636,275.2293701171875,714.2857055664062,789.4736938476562,789.4736938476562
2026-07-22T15:36:06.521,0.010610267519950867,0.017131060361862183,288.4615478515625,851.0638427734375,0.0,869.5652465820312
2026-07-22T15:36:10.882,0.010640785098075867,0.01803644374012947,275.2293701171875,727.272705078125,0.0,845.0704345703125
2026-07-22T15:37:01.957,0.010732341557741165,0.017741423100233078,16.05995750427246,727.272705078125,845.0704345703125,845.0704345703125
2026-07-22T15:37:07.407,0.010874762199819088,0.017985571175813675,300.0,727.272705078125,845.0704345703125,845.0704345703125
2026-07-22T15:37:08.893,0.010895106010138988,0.01733451336622238,300.0,727.272705078125,845.0704345703125,845.0704345703125
2026-07-22T15:37:09.614,0.01037629134953022,0.017365029081702232,300.0,727.272705078125,845.0704345703125,845.0704345703125
2026-07-22T15:37:11.896,0.010478018783032894,0.017080193385481834,300.0,727.272705078125,845.0704345703125,845.0704345703125
2026-07-22T15:37:15.104,0.009643848054111004,0.01733451522886753,300.0,727.272705078125,845.0704345703125,845.0704345703125
2026-07-22T15:37:18.239,0.010539057664573193,0.017761770635843277,147.05882263183594,727.272705078125,845.0704345703125,845.0704345703125
2026-07-22T15:37:19.809,0.010844242759048939,0.017649870365858078,0.0,727.272705078125,845.0704345703125,845.0704345703125
2026-07-22T15:37:22.616,0.012990711256861687,0.017751595005393028,322.5806579589844,645.1613159179688,0.0,722.8915405273438
2026-07-22T15:37:24.506,0.01070182304829359,0.017151406034827232,260.86956787109375,1600.0,722.8915405273438,0.0
2026-07-22T15:37:26.068,0.010549229569733143,0.01757866144180298,260.86956787109375,1600.0,714.2857055664062,714.2857055664062
2026-07-22T16:18:41.244,0.01031525433063507,0.017863499000668526,294.1176452636719,701.75439453125,869.5652465820312,869.5652465820312
2026-07-22T16:18:47.252,0.012115846388041973,0.019135108217597008,280.37384033203125,689.6551513671875,857.1428833007812,857.1428833007812
2026-07-22T16:18:51.801,0.01078320574015379,0.01767021417617798,272.7272644042969,714.2857055664062,869.5652465820312,869.5652465820312
2026-07-22T16:18:56.151,0.010457677766680717,0.016825871542096138,283.01885986328125,769.2307739257812,1538.4615478515625,1538.4615478515625
2026-07-22T16:19:05.284,0.010386466048657894,0.01678518019616604,265.4867248535156,625.0,384.6153869628906,384.6153869628906
2026-07-22T16:19:09.832,0.010447501204907894,0.017314163967967033,280.37384033203125,714.2857055664062,882.3529663085938,882.3529663085938
2026-07-22T16:19:37.120,0.010396637953817844,0.017843153327703476,285.71429443359375,784.313720703125,937.5,937.5
2026-07-22T16:19:46.250,0.010915452614426613,0.017192097380757332,285.71429443359375,701.75439453125,0.0,731.7073364257812
2026-07-22T16:19:49.712,0.010183010250329971,0.017080191522836685,291.26214599609375,727.272705078125,869.5652465820312,869.5652465820312
2026-07-22T16:19:55.349,0.01023387536406517,0.016815699636936188,291.26214599609375,714.2857055664062,869.5652465820312,0.0
2026-07-22T16:19:59.880,0.010681478306651115,0.017710905522108078,272.7272644042969,677.9661254882812,681.8181762695312,0.0
2026-07-22T16:20:04.262,0.01086458656936884,0.01744641177356243,277.77777099609375,769.2307739257812,937.5,937.5
2026-07-22T16:20:06.159,0.010406812652945518,0.017049672082066536,294.1176452636719,701.75439453125,0.0,769.2307739257812
2026-07-22T16:20:08.646,0.012339649721980095,0.017944881692528725,300.0,714.2857055664062,821.9177856445312,821.9177856445312
2026-07-22T16:22:44.209,0.010183011181652546,0.01660207100212574,291.26214599609375,800.0,1250.0,1250.0
2026-07-22T16:22:48.764,0.012512588873505592,0.018077129498124123,294.1176452636719,727.272705078125,909.0908813476562,909.0908813476562
2026-07-22T16:22:56.772,0.011007008142769337,0.018667157739400864,267.8571472167969,645.1613159179688,909.0908813476562,0.0
2026-07-22T16:23:22.583,0.010600093752145767,0.01814834214746952,283.01885986328125,754.7169799804688,0.0,937.5
2026-07-22T16:23:27.932,0.01062044221907854,0.017863504588603973,291.26214599609375,727.272705078125,909.0908813476562,909.0908813476562
2026-07-22T16:23:52.108,0.010498368181288242,0.01678517833352089,283.01885986328125,754.7169799804688,952.3809814453125,952.3809814453125
2026-07-22T16:23:53.745,0.01223792228847742,0.01825007237493992,297.0296936035156,769.2307739257812,833.3333129882812,833.3333129882812
2026-07-22T16:24:19.426,0.010579749010503292,0.018066955730319023,288.4615478515625,769.2307739257812,857.1428833007812,857.1428833007812
2026-07-22T16:24:23.933,0.010661131702363491,0.01825007051229477,291.26214599609375,740.74072265625,697.6744384765625,697.6744384765625
2026-07-22T16:24:49.194,0.01235999446362257,0.019308043643832207,294.1176452636719,727.272705078125,0.0,833.3333129882812
2026-07-22T16:24:54.771,0.01072216872125864,0.01763969659805298,300.0,701.75439453125,392.1568603515625,392.1568603515625
2026-07-22T16:24:58.414,0.011363060213625431,0.018545083701610565,270.270263671875,655.7377319335938,392.1568603515625,0.0
2026-07-22T16:25:02.357,0.010620441287755966,0.01754814200103283,291.26214599609375,727.272705078125,769.2307739257812,769.2307739257812
2026-07-22T16:25:07.207,0.011973429471254349,0.017914362251758575,288.4615478515625,784.313720703125,845.0704345703125,845.0704345703125
2026-07-22T16:25:34.381,0.010244046337902546,0.017660042271018028,256.4102478027344,625.0,845.0704345703125,845.0704345703125
2026-07-22T16:25:35.875,0.010071109049022198,0.016917426139116287,272.7272644042969,625.0,0.0,810.810791015625
2026-07-22T16:25:40.979,0.01073234062641859,0.017792290076613426,291.26214599609375,701.75439453125,594.0593872070312,594.0593872070312
2026-07-22T16:25:46.598,0.010864588432013988,0.017690561711788177,288.4615478515625,754.7169799804688,923.076904296875,923.076904296875
2026-07-22T16:25:52.529,0.010132147930562496,0.01684621535241604,275.2293701171875,655.7377319335938,740.74072265625,740.74072265625
2026-07-22T16:25:58.466,0.010528883896768093,0.01760917715728283,294.1176452636719,714.2857055664062,731.7073364257812,731.7073364257812
2026-07-22T16:30:00.471,0.009837132878601551,0.01663259044289589,265.4867248535156,666.6666870117188,0.0,869.5652465820312
2026-07-22T16:30:04.404,0.012532933615148067,0.019470809027552605,260.86956787109375,714.2857055664062,923.076904296875,923.076904296875
2026-07-22T16:30:08.933,0.01077303197234869,0.018005918711423874,652.1738891601562,655.7377319335938,740.74072265625,740.74072265625
2026-07-22T16:30:13.316,0.01023387536406517,0.016836047172546387,288.4615478515625,800.0,869.5652465820312,869.5652465820312
2026-07-22T16:30:16.623,0.01085441280156374,0.01759900525212288,297.0296936035156,740.74072265625,869.5652465820312,895.5223999023438
2026-07-22T16:30:39.205,0.010671304538846016,0.01743624173104763,291.26214599609375,701.75439453125,0.0,750.0
2026-07-22T16:30:44.814,0.012085328809916973,0.017812637612223625,303.0303039550781,740.74072265625,882.3529663085938,882.3529663085938
2026-07-22T16:30:50.818,0.010915453545749187,0.017660042271018028,275.2293701171875,677.9661254882812,779.2207641601562,779.2207641601562
2026-07-22T16:30:54.266,0.010691652074456215,0.01749728061258793,280.37384033203125,784.313720703125,0.0,895.5223999023438
2026-07-22T16:31:02.923,0.01074251439422369,0.01758882962167263,297.0296936035156,784.313720703125,937.5,937.5
2026-07-22T16:31:05.929,0.010630613192915916,0.017141232267022133,280.37384033203125,714.2857055664062,740.74072265625,740.74072265625
2026-07-22T16:31:10.464,0.010773032903671265,0.01797540672123432,291.26214599609375,727.272705078125,495.8677673339844,495.8677673339844
2026-07-22T16:32:20.088,0.010640786029398441,0.016866562888026237,285.71429443359375,784.313720703125,0.0,909.0908813476562
2026-07-22T16:32:25.730,0.010600094683468342,0.018087301403284073,297.0296936035156,754.7169799804688,681.8181762695312,681.8181762695312
2026-07-22T16:32:28.863,0.012176883406937122,0.01812799833714962,300.0,727.272705078125,923.076904296875,923.076904296875
2026-07-22T16:32:52.353,0.010569577105343342,0.01752779632806778,297.0296936035156,784.313720703125,845.0704345703125,845.0704345703125
2026-07-22T16:32:55.013,0.012105673551559448,0.01773124933242798,288.4615478515625,740.74072265625,0.0,594.0593872070312
2026-07-22T16:32:58.140,0.010244050063192844,0.01678518019616604,306.1224365234375,727.272705078125,0.0,659.3406372070312
2026-07-22T16:33:05.656,0.010498366318643093,0.017110709100961685,275.2293701171875,666.6666870117188,0.0,779.2207641601562
2026-07-22T16:33:08.619,0.012105675414204597,0.017822805792093277,294.1176452636719,727.272705078125,0.0,895.5223999023438
2026-07-22T16:33:14.381,0.010874760337173939,0.017853325232863426,283.01885986328125,784.313720703125,1276.595703125,1276.595703125
2026-07-22T16:33:43.467,0.011454612948000431,0.018799398094415665,294.1176452636719,754.7169799804688,845.0704345703125,845.0704345703125
2026-07-22T16:33:45.043,0.010600093752145767,0.01770073175430298,434.7826232910156,754.7169799804688,845.0704345703125,845.0704345703125
2026-07-22T16:33:47.872,0.012197230011224747,0.019124934449791908,441.1764831542969,0.0,845.0704345703125,845.0704345703125
2026-07-22T16:33:49.921,0.010793376713991165,0.01748710498213768,275.2293701171875,701.75439453125,845.0704345703125,0.0
2026-07-22T16:33:53.981,0.012278610840439796,0.019206319004297256,370.370361328125,597.0149536132812,731.7073364257812,731.7073364257812
2026-07-22T16:33:57.299,0.01028473861515522,0.016866564750671387,294.1176452636719,727.272705078125,618.5567016601562,618.5567016601562
2026-07-22T16:34:07.476,0.010589923709630966,0.016927599906921387,280.37384033203125,714.2857055664062,869.5652465820312,869.5652465820312
2026-07-22T16:34:10.752,0.012319302186369896,0.017771942541003227,288.4615478515625,701.75439453125,560.7476806640625,560.7476806640625
2026-07-22T16:34:15.150,0.013316242024302483,0.018514566123485565,300.0,740.74072265625,560.7476806640625,895.5223999023438
2026-07-22T16:34:21.271,0.01080355141311884,0.017782116308808327,285.71429443359375,800.0,1578.9473876953125,1578.9473876953125
2026-07-22T16:34:37.554,0.010498368181288242,0.017070019617676735,297.0296936035156,740.74072265625,909.0908813476562,909.0908813476562
2026-07-22T16:49:18.717,0.010183008387684822,0.017141230404376984,285.71429443359375,727.272705078125,0.0,0.0
2026-07-22T16:49:23.332,0.00998972449451685,0.016988636925816536,379.746826171875,0.0,869.5652465820312,869.5652465820312
2026-07-22T16:49:25.961,0.01043732836842537,0.016998808830976486,300.0,701.75439453125,845.0704345703125,845.0704345703125
2026-07-22T16:49:51.410,0.010671306401491165,0.017008980736136436,267.8571472167969,727.272705078125,0.0,869.5652465820312
2026-07-22T16:49:55.294,0.010396638885140419,0.017904190346598625,270.270263671875,634.920654296875,789.4736938476562,789.4736938476562
2026-07-22T16:49:58.929,0.011363057419657707,0.01825006678700447,283.01885986328125,655.7377319335938,0.0,857.1428833007812
2026-07-22T16:50:02.801,0.011068045161664486,0.018138166517019272,283.01885986328125,666.6666870117188,500.0,500.0
2026-07-22T16:50:13.387,0.010691648349165916,0.01755831204354763,285.71429443359375,1538.4615478515625,1395.348876953125,1395.348876953125
2026-07-22T16:50:14.970,0.010640786960721016,0.01755831204354763,285.71429443359375,689.6551513671875,731.7073364257812,731.7073364257812
2026-07-22T16:50:19.297,0.01110873557627201,0.017771940678358078,285.71429443359375,727.272705078125,631.5789184570312,631.5789184570312
2026-07-22T16:50:52.693,0.010650958865880966,0.01826023869216442,277.77777099609375,677.9661254882812,681.8181762695312,681.8181762695312
2026-07-22T16:50:57.381,0.012644832953810692,0.019257180392742157,288.4615478515625,727.272705078125,895.5223999023438,895.5223999023438
2026-07-22T16:51:00.217,0.013194169849157333,0.019450465217232704,267.8571472167969,625.0,750.0,750.0
2026-07-22T16:51:22.361,0.010620443150401115,0.01827041245996952,277.77777099609375,727.272705078125,0.0,895.5223999023438
2026-07-22T16:51:26.263,0.01072216872125864,0.017843157052993774,375.0,506.3291015625,652.1738891601562,652.1738891601562
2026-07-22T16:51:36.770,0.01068147923797369,0.01764986850321293,186.3354034423828,0.0,652.1738891601562,652.1738891601562
2026-07-22T16:51:38.334,0.01077303383499384,0.017100539058446884,186.3354034423828,0.0,909.0908813476562,909.0908813476562
2026-07-22T16:51:41.299,0.010610266588628292,0.01717175357043743,285.71429443359375,714.2857055664062,845.0704345703125,845.0704345703125
2026-07-22T16:52:10.177,0.010193181224167347,0.016866564750671387,288.4615478515625,677.9661254882812,759.49365234375,759.49365234375
2026-07-22T16:52:16.054,0.010569574311375618,0.01743623986840248,291.26214599609375,727.272705078125,0.0,882.3529663085938
2026-07-22T16:52:22.061,0.010640786029398441,0.01761934906244278,256.4102478027344,625.0,759.49365234375,759.49365234375
2026-07-22T16:52:26.555,0.010945969261229038,0.018107647076249123,294.1176452636719,689.6551513671875,800.0,800.0
2026-07-22T16:52:31.604,0.012573624029755592,0.018463697284460068,283.01885986328125,666.6666870117188,800.0,0.0
2026-07-22T16:52:49.378,0.01189204677939415,0.01886044070124626,379.746826171875,579.7101440429688,769.2307739257812,769.2307739257812
2026-07-22T16:52:53.948,0.010630613192915916,0.016795355826616287,256.4102478027344,597.0149536132812,759.49365234375,0.0
2026-07-22T16:52:57.238,0.010640785098075867,0.016795355826616287,283.01885986328125,740.74072265625,0.0,845.0704345703125
2026-07-22T16:53:23.615,0.01066113356500864,0.016866562888026237,265.4867248535156,666.6666870117188,0.0,0.0
2026-07-22T16:53:26.594,0.00992868933826685,0.016846217215061188,277.77777099609375,727.272705078125,857.1428833007812,0.0
2026-07-22T16:53:31.896,0.010945971123874187,0.017171746119856834,267.8571472167969,615.3846435546875,769.2307739257812,769.2307739257812
2026-07-22T16:53:56.399,0.011220638640224934,0.016958123072981834,265.4867248535156,645.1613159179688,0.0,0.0
2026-07-22T16:53:59.185,0.012044637463986874,0.018687505275011063,267.8571472167969,625.0,0.0,800.0
2026-07-22T16:54:04.058,0.01062044221907854,0.017151406034827232,288.4615478515625,754.7169799804688,0.0,909.0908813476562
2026-07-22T16:54:23.451,0.010101625695824623,0.01680552400648594,384.6153869628906,597.0149536132812,0.0,0.0
2026-07-22T16:54:26.611,0.010060934349894524,0.01667327806353569,384.6153869628906,606.0606079101562,1500.0,1500.0
2026-07-22T16:54:30.992,0.010915451683104038,0.01820937544107437,283.01885986328125,714.2857055664062,821.9177856445312,821.9177856445312
2026-07-22T16:54:34.139,0.010264392010867596,0.01758883334696293,270.270263671875,645.1613159179688,769.2307739257812,769.2307739257812
2026-07-22T16:54:38.500,0.010406809858977795,0.017100539058446884,294.1176452636719,701.75439453125,857.1428833007812,857.1428833007812
2026-07-22T16:54:43.391,0.01079337764531374,0.017670216038823128,0.0,701.75439453125,857.1428833007812,857.1428833007812
2026-07-22T16:54:46.036,0.010671306401491165,0.016988636925816536,303.0303039550781,740.74072265625,833.3333129882812,833.3333129882812
2026-07-22T16:55:06.284,0.010681478306651115,0.01739555038511753,267.8571472167969,666.6666870117188,833.3333129882812,833.3333129882812
2026-07-22T16:55:12.438,0.010183011181652546,0.016988638788461685,288.4615478515625,677.9661254882812,800.0,800.0
2026-07-22T16:55:14.002,0.011403747834265232,0.017802460119128227,280.37384033203125,689.6551513671875,857.1428833007812,857.1428833007812
2026-07-22T16:55:16.815,0.01145461481064558,0.016958115622401237,297.0296936035156,701.75439453125,937.5,937.5
2026-07-22T16:55:22.942,0.010274563916027546,0.01722261682152748,288.4615478515625,666.6666870117188,722.8915405273438,722.8915405273438
2026-07-22T16:55:53.013,0.010406809858977795,0.017690559849143028,285.71429443359375,689.6551513671875,821.9177856445312,821.9177856445312
2026-07-22T16:55:57.594,0.010050764307379723,0.01662241667509079,277.77777099609375,666.6666870117188,821.9177856445312,821.9177856445312
2026-07-22T16:56:02.482,0.012777079828083515,0.018046613782644272,294.1176452636719,727.272705078125,833.3333129882812,833.3333129882812
2026-07-22T16:56:04.203,0.012339649721980095,0.019297873601317406,288.4615478515625,677.9661254882812,833.3333129882812,0.0
2026-07-22T16:56:22.419,0.010498366318643093,0.017741423100233078,265.4867248535156,571.4285888671875,689.6551513671875,689.6551513671875
2026-07-22T16:56:25.556,0.010396637953817844,0.01770073175430298,291.26214599609375,714.2857055664062,779.2207641601562,779.2207641601562
2026-07-22T16:56:29.950,0.011973426677286625,0.0197963435202837,272.7272644042969,666.6666870117188,810.810791015625,810.810791015625
2026-07-22T16:56:35.001,0.011749627068638802,0.017192093655467033,260.86956787109375,666.6666870117188,810.810791015625,833.3333129882812
2026-07-22T16:56:36.581,0.01081372331827879,0.01763969659805298,283.01885986328125,740.74072265625,869.5652465820312,869.5652465820312
2026-07-22T16:56:42.216,0.010508539155125618,0.01736503094434738,275.2293701171875,740.74072265625,869.5652465820312,869.5652465820312
2026-07-22T16:56:43.774,0.012451550923287868,0.01763969473540783,252.10084533691406,588.2352905273438,750.0,750.0
2026-07-22T17:00:23.605,0.012492241337895393,0.017924539744853973,277.77777099609375,701.75439453125,923.076904296875,923.076904296875
2026-07-22T17:00:26.543,0.013011056929826736,0.019460637122392654,405.4053955078125,0.0,923.076904296875,923.076904296875
2026-07-22T17:00:28.177,0.010854414664208889,0.01843317784368992,243.90243530273438,666.6666870117188,0.0,821.9177856445312
2026-07-22T17:00:32.865,0.010559405200183392,0.017039502039551735,280.37384033203125,677.9661254882812,0.0,845.0704345703125
2026-07-22T17:00:42.129,0.010447501204907894,0.017934709787368774,265.4867248535156,634.920654296875,810.810791015625,810.810791015625
2026-07-22T17:00:43.685,0.010569576174020767,0.01730399765074253,283.01885986328125,689.6551513671875,869.5652465820312,869.5652465820312
2026-07-22T17:01:24.844,0.010610268451273441,0.017812635749578476,270.270263671875,677.9661254882812,845.0704345703125,845.0704345703125
2026-07-22T17:01:50.410,0.010427159257233143,0.01675466075539589,263.15789794921875,645.1613159179688,0.0,0.0
2026-07-22T17:02:07.001,0.010528886690735817,0.017192095518112183,277.77777099609375,714.2857055664062,0.0,1428.5714111328125
2026-07-22T17:02:11.392,0.012014118023216724,0.019216487184166908,285.71429443359375,689.6551513671875,821.9177856445312,821.9177856445312
2026-07-22T17:02:18.879,0.01149530429393053,0.01756848767399788,270.270263671875,625.0,0.0,779.2207641601562
2026-07-22T17:02:20.382,0.010518712922930717,0.01742606796324253,277.77777099609375,677.9661254882812,869.5652465820312,869.5652465820312
2026-07-22T17:02:47.233,0.010762859135866165,0.017975401133298874,265.4867248535156,689.6551513671875,882.3529663085938,882.3529663085938
2026-07-22T17:02:50.224,0.0100405877456069,0.01665293611586094,272.7272644042969,714.2857055664062,845.0704345703125,845.0704345703125
2026-07-22T17:02:57.735,0.01030508242547512,0.016886908560991287,283.01885986328125,714.2857055664062,833.3333129882812,833.3333129882812
2026-07-22T17:02:59.453,0.012746562249958515,0.018545081838965416,375.0,571.4285888671875,833.3333129882812,0.0
2026-07-22T17:03:04.316,0.01076286006718874,0.017324337735772133,280.37384033203125,714.2857055664062,0.0,769.2307739257812
2026-07-22T17:03:36.202,0.010834068059921265,0.018097473308444023,265.4867248535156,625.0,821.9177856445312,821.9177856445312
2026-07-22T17:03:39.649,0.01030508242547512,0.016795353963971138,267.8571472167969,666.6666870117188,0.0,800.0
2026-07-22T17:03:46.676,0.010711997747421265,0.017039505764842033,217.3913116455078,666.6666870117188,857.1428833007812,857.1428833007812
2026-07-22T17:03:51.547,0.010508540086448193,0.01744641177356243,769.2307739257812,666.6666870117188,857.1428833007812,857.1428833007812
2026-07-22T17:03:53.112,0.010884935967624187,0.018046611919999123,267.8571472167969,689.6551513671875,0.0,869.5652465820312
2026-07-22T17:04:19.933,0.010305083356797695,0.01771090365946293,277.77777099609375,740.74072265625,857.1428833007812,857.1428833007812
2026-07-22T17:04:22.860,0.01041698269546032,0.01735485903918743,254.23728942871094,634.920654296875,810.810791015625,810.810791015625
2026-07-22T17:04:26.488,0.011057871393859386,0.017161574214696884,256.4102478027344,655.7377319335938,0.0,810.810791015625
2026-07-22T17:04:30.379,0.011068044230341911,0.017853328958153725,294.1176452636719,714.2857055664062,952.3809814453125,952.3809814453125
2026-07-22T17:04:53.581,0.010620440356433392,0.017446409910917282,1304.3477783203125,512.8204956054688,714.2857055664062,714.2857055664062
2026-07-22T17:04:56.714,0.010508539155125618,0.016988636925816536,283.01885986328125,714.2857055664062,800.0,800.0
2026-07-22T17:05:01.093,0.01025422103703022,0.01731416955590248,265.4867248535156,625.0,0.0,810.810791015625
2026-07-22T17:05:30.092,0.010803550481796265,0.017721077427268028,283.01885986328125,655.7377319335938,0.0,833.3333129882812
2026-07-22T17:05:34.483,0.011057872325181961,0.017894018441438675,294.1176452636719,714.2857055664062,952.3809814453125,952.3809814453125
2026-07-22T17:05:37.929,0.01020335778594017,0.016856392845511436,265.4867248535156,634.920654296875,952.3809814453125,821.9177856445312
2026-07-22T17:05:44.978,0.00995920691639185,0.01674448885023594,275.2293701171875,740.74072265625,882.3529663085938,882.3529663085938
2026-07-22T17:05:47.941,0.0099693788215518,0.016815699636936188,410.9588928222656,645.1613159179688,845.0704345703125,845.0704345703125
2026-07-22T17:05:49.684,0.012492241337895393,0.017934707924723625,384.6153869628906,615.3846435546875,845.0704345703125,0.0
2026-07-22T17:08:46.949,0.011352883651852608,0.01763969473540783,260.86956787109375,645.1613159179688,0.0,833.3333129882812
2026-07-22T17:08:49.947,0.012176885269582272,0.01757865771651268,283.01885986328125,754.7169799804688,833.3333129882812,833.3333129882812
2026-07-22T17:08:54.500,0.010549229569733143,0.017222614958882332,283.01885986328125,677.9661254882812,857.1428833007812,857.1428833007812
2026-07-22T17:09:13.029,0.01266518048942089,0.019450461491942406,280.37384033203125,677.9661254882812,0.0,845.0704345703125
2026-07-22T17:09:18.662,0.010478019714355469,0.01748710498213768,375.0,606.0606079101562,789.4736938476562,789.4736938476562
2026-07-22T17:09:20.710,0.010925627313554287,0.017721081152558327,277.77777099609375,754.7169799804688,895.5223999023438,895.5223999023438
2026-07-22T17:09:46.561,0.012268440797924995,0.01882992312312126,275.2293701171875,615.3846435546875,800.0,800.0
2026-07-22T17:09:49.853,0.010589923709630966,0.017059849575161934,277.77777099609375,714.2857055664062,869.5652465820312,869.5652465820312
2026-07-22T17:09:55.992,0.011363059282302856,0.017029331997036934,384.6153869628906,606.0606079101562,869.5652465820312,0.0
2026-07-22T17:09:57.576,0.01185135543346405,0.018585773184895515,280.37384033203125,740.74072265625,845.0704345703125,845.0704345703125
2026-07-22T17:10:33.969,0.01019318401813507,0.016469823196530342,379.746826171875,597.0149536132812,0.0,0.0
2026-07-22T17:10:37.103,0.01084424089640379,0.018117820844054222,280.37384033203125,754.7169799804688,869.5652465820312,869.5652465820312
2026-07-22T17:10:44.625,0.010518711060285568,0.017303993925452232,280.37384033203125,666.6666870117188,0.0,845.0704345703125
2026-07-22T17:10:47.610,0.011413920670747757,0.01721244305372238,267.8571472167969,615.3846435546875,0.0,800.0
2026-07-22T17:10:57.965,0.010172838345170021,0.01674448885023594,272.7272644042969,701.75439453125,857.1428833007812,857.1428833007812
2026-07-22T17:11:01.106,0.01063061598688364,0.017812633886933327,288.4615478515625,727.272705078125,923.076904296875,923.076904296875
2026-07-22T17:11:07.016,0.012461723759770393,0.019145281985402107,280.37384033203125,740.74072265625,789.4736938476562,789.4736938476562
2026-07-22T17:11:11.603,0.010823897086083889,0.017944879829883575,291.26214599609375,714.2857055664062,845.0704345703125,845.0704345703125
2026-07-22T17:11:26.997,0.010884932242333889,0.01764986664056778,270.270263671875,655.7377319335938,845.0704345703125,0.0
2026-07-22T17:11:31.048,0.010478021577000618,0.01730399951338768,285.71429443359375,677.9661254882812,857.1428833007812,857.1428833007812
2026-07-22T17:11:37.359,0.010610268451273441,0.017873672768473625,300.0,727.272705078125,0.0,0.0
2026-07-22T17:11:41.551,0.010305083356797695,0.016927598044276237,272.7272644042969,625.0,810.810791015625,810.810791015625
2026-07-22T17:11:48.218,0.010610266588628292,0.01771090179681778,285.71429443359375,689.6551513671875,810.810791015625,833.3333129882812
2026-07-22T17:11:50.719,0.010966316796839237,0.01752779446542263,283.01885986328125,740.74072265625,821.9177856445312,821.9177856445312
2026-07-22T17:11:53.699,0.010671303607523441,0.01771090365946293,283.01885986328125,769.2307739257812,923.076904296875,923.076904296875
2026-07-22T17:11:58.235,0.012451550923287868,0.01833144761621952,270.270263671875,666.6666870117188,810.810791015625,810.810791015625
2026-07-22T17:12:21.435,0.010671304538846016,0.017344683408737183,288.4615478515625,701.75439453125,0.0,845.0704345703125
2026-07-22T17:12:24.606,0.011719107627868652,0.01763969287276268,275.2293701171875,689.6551513671875,845.0704345703125,845.0704345703125
2026-07-22T17:12:26.155,0.011322365142405033,0.01748710498213768,303.0303039550781,754.7169799804688,967.741943359375,967.741943359375
2026-07-22T17:12:48.105,0.010203356854617596,0.01674448698759079,283.01885986328125,714.2857055664062,0.0,1463.4146728515625
2026-07-22T17:12:51.961,0.010478020645678043,0.01732434518635273,294.1176452636719,701.75439453125,845.0704345703125,845.0704345703125
2026-07-22T17:12:53.449,0.012593968771398067,0.018056783825159073,297.0296936035156,727.272705078125,833.3333129882812,833.3333129882812
2026-07-22T17:13:02.469,0.01067130547016859,0.017660042271018028,265.4867248535156,625.0,800.0,800.0
2026-07-22T17:13:04.214,0.011129084043204784,0.017263304442167282,329.6703186035156,625.0,800.0,800.0
2026-07-22T17:13:07.044,0.010060936212539673,0.01662241481244564,272.7272644042969,714.2857055664062,869.5652465820312,869.5652465820312
2026-07-22T17:13:09.084,0.011190117336809635,0.017232786864042282,283.01885986328125,754.7169799804688,0.0,909.0908813476562
2026-07-22T17:13:40.596,0.01190221682190895,0.018850265070796013,275.2293701171875,740.74072265625,0.0,869.5652465820312
2026-07-22T17:13:46.350,0.01079337764531374,0.01739555038511753,309.2783508300781,754.7169799804688,937.5,937.5
2026-07-22T17:13:47.964,0.011251158080995083,0.01800592616200447,265.4867248535156,615.3846435546875,810.810791015625,810.810791015625
2026-07-22T17:13:51.095,0.01027456484735012,0.017629524692893028,275.2293701171875,645.1613159179688,0.0,845.0704345703125
2026-07-22T17:14:17.224,0.012380341067910194,0.01899268850684166,283.01885986328125,689.6551513671875,0.0,882.3529663085938
2026-07-22T17:14:19.738,0.01272621750831604,0.019653918221592903,275.2293701171875,740.74072265625,0.0,882.3529663085938
2026-07-22T17:14:23.183,0.010589922778308392,0.01718192547559738,275.2293701171875,645.1613159179688,0.0,833.3333129882812
2026-07-22T17:14:27.891,0.010793378576636314,0.017232785001397133,566.0377197265625,1739.1304931640625,0.0,967.741943359375
2026-07-22T17:14:31.812,0.010518711991608143,0.017161576077342033,280.37384033203125,677.9661254882812,845.0704345703125,845.0704345703125
2026-07-22T17:14:33.704,0.01077303197234869,0.01767021417617798,303.0303039550781,727.272705078125,845.0704345703125,845.0704345703125
2026-07-22T17:14:39.492,0.010325429029762745,0.017039500176906586,285.71429443359375,740.74072265625,845.0704345703125,0.0
2026-07-22T17:14:43.667,0.011922563426196575,0.019206319004297256,288.4615478515625,701.75439453125,821.9177856445312,821.9177856445312
2026-07-22T17:15:10.984,0.011800489388406277,0.018626464530825615,277.77777099609375,701.75439453125,857.1428833007812,857.1428833007812
2026-07-22T17:15:12.715,0.01081372331827879,0.01760917715728283,405.4053955078125,677.9661254882812,857.1428833007812,857.1428833007812
2026-07-22T17:15:15.535,0.010874761268496513,0.017120886594057083,260.86956787109375,634.920654296875,833.3333129882812,833.3333129882812
2026-07-22T17:21:18.260,0.010562452487647533,0.01715444028377533,238.09524536132812,1428.5714111328125,0.0,0.0
2026-07-22T17:21:24.204,0.010684522800147533,0.017215510830283165,240.0,1449.275390625,909.0908813476562,0.0
2026-07-22T17:21:31.404,0.01062043197453022,0.017429130151867867,265.4867248535156,1428.5714111328125,1014.4927368164062,1014.4927368164062
2026-07-22T17:21:33.441,0.010187072679400444,0.017206327989697456,236.22047424316406,1351.351318359375,1014.4927368164062,1014.4927368164062
2026-07-22T17:21:37.377,0.010492255911231041,0.017334511503577232,225.56390380859375,1250.0,0.0,909.0908813476562
2026-07-22T17:22:15.642,0.010306091047823429,0.01755424775183201,256.4102478027344,1351.351318359375,0.0,0.0
2026-07-22T17:22:18.644,0.010596020147204399,0.017200231552124023,230.76922607421875,1449.275390625,0.0,0.0
2026-07-22T17:22:21.632,0.010571608319878578,0.017194125801324844,240.0,1428.5714111328125,0.0,0.0
2026-07-22T17:22:40.629,0.011050752364099026,0.017856387421488762,256.4102478027344,1369.863037109375,0.0,945.9459228515625
2026-07-22T17:22:42.201,0.010531929321587086,0.017136139795184135,256.4102478027344,1562.5,921.0526123046875,921.0526123046875
2026-07-22T17:22:58.513,0.010455632582306862,0.017456598579883575,241.93548583984375,1333.3333740234375,0.0,933.3333129882812
2026-07-22T17:23:00.068,0.010397647507488728,0.01740471087396145,258.6206970214844,1538.4615478515625,1060.6060791015625,1060.6060791015625
2026-07-22T17:23:15.140,0.010620441287755966,0.017212431877851486,256.4102478027344,1333.3333740234375,853.6585083007812,853.6585083007812
2026-07-22T17:23:16.639,0.010602121241390705,0.0172673761844635,260.86956787109375,1515.1514892578125,985.9154663085938,985.9154663085938
2026-07-22T17:23:31.904,0.010663165710866451,0.01723991334438324,252.10084533691406,1408.45068359375,897.4359130859375,897.4359130859375
2026-07-22T17:23:35.060,0.010538037866353989,0.017294852063059807,256.4102478027344,1562.5,0.0,1129.0322265625
2026-07-22T17:23:50.279,0.010675367899239063,0.017529835924506187,258.6206970214844,1388.888916015625,0.0,0.0
2026-07-22T17:23:51.840,0.010464794933795929,0.01729484647512436,260.86956787109375,1538.4615478515625,909.0908813476562,0.0
2026-07-22T17:24:10.159,0.010650962591171265,0.017438283190131187,256.4102478027344,1587.3016357421875,972.2222290039062,972.2222290039062
2026-07-22T17:24:11.729,0.01097749825567007,0.01735282503068447,260.86956787109375,1369.863037109375,897.4359130859375,897.4359130859375
2026-07-22T17:24:32.082,0.010910362005233765,0.01792352832853794,265.4867248535156,1449.275390625,1076.923095703125,0.0
2026-07-22T17:24:50.338,0.010852375067770481,0.017587799578905106,241.93548583984375,1428.5714111328125,700.0,0.0
2026-07-22T17:25:44.507,0.010629590600728989,0.017444390803575516,256.4102478027344,1515.1514892578125,0.0,0.0
2026-07-22T17:25:47.797,0.010626541450619698,0.01701405458152294,260.86956787109375,1408.45068359375,0.0,909.0908813476562
2026-07-22T17:27:24.329,0.010580766014754772,0.017178857699036598,254.23728942871094,555.5555419921875,645.1613159179688,645.1613159179688
2026-07-22T17:27:25.888,0.010458686389029026,0.017419973388314247,258.6206970214844,606.0606079101562,0.0,705.88232421875
2026-07-22T17:27:50.811,0.010531928390264511,0.01705983839929104,270.270263671875,579.7101440429688,0.0,833.3333129882812
2026-07-22T17:27:52.364,0.010608231648802757,0.017239918932318687,234.375,597.0149536132812,722.8915405273438,722.8915405273438
2026-07-22T17:27:56.482,0.01060517504811287,0.01715749502182007,258.6206970214844,625.0,740.74072265625,740.74072265625
2026-07-22T17:27:58.043,0.010541086085140705,0.017203282564878464,252.10084533691406,563.3803100585938,740.74072265625,0.0
2026-07-22T17:28:05.447,0.010507514700293541,0.017545100301504135,275.2293701171875,606.0606079101562,740.74072265625,740.74072265625
2026-07-22T17:28:07.003,0.010476997122168541,0.016904192045331,254.23728942871094,597.0149536132812,740.74072265625,740.74072265625
2026-07-22T17:29:04.519,0.010501410812139511,0.01723686419427395,245.90164184570312,597.0149536132812,0.0,0.0
2026-07-22T17:29:07.127,0.010501411743462086,0.017093418166041374,265.4867248535156,645.1613159179688,1034.4827880859375,1034.4827880859375
2026-07-22T17:29:12.208,0.010928673669695854,0.017471831291913986,258.6206970214844,571.4285888671875,0.0,666.6666870117188
2026-07-22T17:29:20.644,0.010769975371658802,0.017200220376253128,260.86956787109375,615.3846435546875,750.0,750.0
2026-07-22T17:29:22.864,0.01049225777387619,0.017145296558737755,258.6206970214844,597.0149536132812,750.0,0.0
2026-07-22T17:29:25.689,0.010354922153055668,0.017212435603141785,260.86956787109375,588.2352905273438,759.49365234375,0.0
2026-07-22T17:29:28.359,0.010422066785395145,0.017300965264439583,263.15789794921875,615.3846435546875,0.0,740.74072265625
2026-07-22T17:29:32.920,0.010458685457706451,0.017203282564878464,243.90243530273438,615.3846435546875,740.74072265625,0.0
2026-07-22T17:29:51.239,0.010367130860686302,0.01750238426029682,270.270263671875,597.0149536132812,740.74072265625,740.74072265625
2026-07-22T17:29:52.816,0.0108004966750741,0.017532886937260628,270.270263671875,625.0,759.49365234375,759.49365234375
2026-07-22T17:29:57.150,0.010440374724566936,0.016910292208194733,243.90243530273438,606.0606079101562,722.8915405273438,722.8915405273438
2026-07-22T17:29:58.648,0.010864591225981712,0.017255160957574844,265.4867248535156,571.4285888671875,681.8181762695312,681.8181762695312
2026-07-22T17:30:03.296,0.01052887924015522,0.016849258914589882,256.4102478027344,597.0149536132812,722.8915405273438,722.8915405273438
2026-07-22T17:30:09.251,0.010711989365518093,0.017438286915421486,247.9338836669922,0.0,722.8915405273438,722.8915405273438
2026-07-22T17:30:13.644,0.010885946452617645,0.017303992062807083,265.4867248535156,563.3803100585938,731.7073364257812,731.7073364257812
2026-07-22T17:30:16.819,0.010425117798149586,0.017285682260990143,260.86956787109375,606.0606079101562,731.7073364257812,0.0
2026-07-22T17:30:40.926,0.010727248154580593,0.017093418166041374,247.9338836669922,588.2352905273438,731.7073364257812,731.7073364257812
2026-07-22T17:30:42.435,0.01059906929731369,0.017395561560988426,263.15789794921875,519.4805297851562,697.6744384765625,697.6744384765625
2026-07-22T17:30:45.972,0.010629589669406414,0.017502373084425926,260.86956787109375,465.11627197265625,697.6744384765625,0.0
2026-07-22T17:30:51.440,0.010592964477837086,0.017239905893802643,236.22047424316406,526.3157958984375,750.0,750.0
2026-07-22T17:30:52.928,0.010913410224020481,0.017099516466259956,250.0,555.5555419921875,722.8915405273438,722.8915405273438
2026-07-22T17:30:59.029,0.0110354945063591,0.017593927681446075,260.86956787109375,606.0606079101562,750.0,750.0
2026-07-22T17:31:00.899,0.010596027597784996,0.017322298139333725,243.90243530273438,555.5555419921875,750.0,0.0
2026-07-22T17:31:05.597,0.010577709414064884,0.017438268288969994,263.15789794921875,579.7101440429688,0.0,759.49365234375
2026-07-23T10:46:57.684,0.0113315274938941,0.017636656761169434,243.90243530273438,547.9451904296875,681.8181762695312,681.8181762695312
2026-07-23T10:46:59.882,0.011404765769839287,0.018121914938092232,252.10084533691406,512.8204956054688,681.8181762695312,0.0
2026-07-23T10:47:05.197,0.01189001277089119,0.01841183565557003,247.9338836669922,506.3291015625,722.8915405273438,722.8915405273438
2026-07-23T10:47:09.695,0.011267437599599361,0.017883865162730217,241.93548583984375,0.0,769.2307739257812,769.2307739257812
2026-07-23T10:48:10.452,0.011450545862317085,0.018082233145833015,260.86956787109375,547.9451904296875,740.74072265625,740.74072265625
2026-07-23T10:48:14.802,0.011770989745855331,0.01833248697221279,258.6206970214844,481.9277038574219,810.810791015625,810.810791015625
2026-07-23T10:48:34.751,0.011743529699742794,0.018149374052882195,252.10084533691406,533.3333129882812,0.0,0.0
2026-07-23T10:48:38.926,0.011563465930521488,0.018433205783367157,247.9338836669922,540.54052734375,714.2857055664062,714.2857055664062
2026-07-23T10:49:03.254,0.011563468724489212,0.01840878091752529,232.55813598632812,506.3291015625,800.0,800.0
2026-07-23T10:49:08.090,0.011529896408319473,0.01783502660691738,247.9338836669922,519.4805297851562,800.0,1090.9090576171875
2026-07-23T10:49:35.201,0.01145969983190298,0.018045607954263687,247.9338836669922,476.19049072265625,0.0,0.0
2026-07-23T10:49:38.028,0.01131321769207716,0.017978470772504807,250.0,547.9451904296875,0.0,689.6551513671875
2026-07-23T10:49:45.542,0.011569573543965816,0.018237881362438202,361.4457702636719,512.8204956054688,857.1428833007812,857.1428833007812
2026-07-23T10:49:48.721,0.011047705076634884,0.017844175919890404,267.8571472167969,547.9451904296875,674.1572875976562,674.1572875976562
2026-07-23T10:49:57.660,0.01139866840094328,0.018054764717817307,250.0,540.54052734375,0.0,705.88232421875
2026-07-23T10:50:00.639,0.011264387518167496,0.017951004207134247,267.8571472167969,493.8271484375,689.6551513671875,689.6551513671875
2026-07-23T10:50:30.821,0.011154519394040108,0.018021194264292717,238.09524536132812,476.19049072265625,600.0,600.0
2026-07-23T10:50:32.881,0.011105693876743317,0.018149370327591896,263.15789794921875,540.54052734375,600.0,600.0
2026-07-23T10:50:39.945,0.011404769495129585,0.0178594458848238,243.90243530273438,547.9451904296875,674.1572875976562,674.1572875976562
2026-07-23T10:51:18.589,0.011084327474236488,0.017996780574321747,245.90164184570312,476.19049072265625,779.2207641601562,779.2207641601562
2026-07-23T10:51:21.572,0.0114078214392066,0.017999833449721336,254.23728942871094,540.54052734375,705.88232421875,705.88232421875
2026-07-23T10:51:26.114,0.011270487681031227,0.018070023506879807,263.15789794921875,526.3157958984375,681.8181762695312,681.8181762695312
2026-07-23T10:51:32.052,0.011493273079395294,0.017947949469089508,263.15789794921875,512.8204956054688,759.49365234375,759.49365234375
2026-07-23T10:51:38.044,0.011099579744040966,0.01779841259121895,275.2293701171875,533.3333129882812,0.0,689.6551513671875
2026-07-23T10:51:39.623,0.011102637276053429,0.018070027232170105,1500.0,519.4805297851562,1000.0,1000.0
2026-07-23T10:51:47.129,0.011249130591750145,0.01828060857951641,254.23728942871094,571.4285888671875,952.3809814453125,952.3809814453125
2026-07-23T10:51:49.154,0.010974464006721973,0.018088333308696747,265.4867248535156,571.4285888671875,952.3809814453125,0.0
2026-07-23T10:52:21.233,0.011026344262063503,0.01788386143743992,243.90243530273438,493.8271484375,0.0,0.0
2026-07-23T10:52:28.596,0.011377301067113876,0.017996780574321747,270.270263671875,540.54052734375,731.7073364257812,731.7073364257812
2026-07-23T10:52:30.155,0.011175882071256638,0.018112750723958015,1500.0,540.54052734375,1333.3333740234375,1333.3333740234375
2026-07-23T10:52:39.375,0.011423089541494846,0.018222618848085403,220.58824157714844,547.9451904296875,1333.3333740234375,1333.3333740234375
2026-07-23T10:52:42.339,0.011719107627868652,0.01826534792780876,243.90243530273438,555.5555419921875,779.2207641601562,779.2207641601562
2026-07-23T10:52:49.578,0.011224713176488876,0.017984574660658836,260.86956787109375,588.2352905273438,731.7073364257812,731.7073364257812
2026-07-23T10:52:51.300,0.011368142440915108,0.018161578103899956,270.270263671875,487.80487060546875,731.7073364257812,731.7073364257812
2026-07-23T10:55:49.935,0.011273544281721115,0.017999833449721336,243.90243530273438,555.5555419921875,731.7073364257812,731.7073364257812
2026-07-23T10:55:56.036,0.011392567306756973,0.018305014818906784,265.4867248535156,540.54052734375,0.0,731.7073364257812
2026-07-23T10:55:57.914,0.011664181016385555,0.018015095964074135,247.9338836669922,540.54052734375,731.7073364257812,0.0
2026-07-23T10:56:07.916,0.011450551450252533,0.017902174964547157,256.4102478027344,588.2352905273438,750.0,750.0
2026-07-23T10:56:09.484,0.011597036384046078,0.01781367138028145,252.10084533691406,500.0,0.0,937.5
2026-07-23T10:56:33.201,0.011206400580704212,0.018109695985913277,1500.0,571.4285888671875,857.1428833007812,857.1428833007812
2026-07-23T10:56:34.818,0.011282699182629585,0.017880810424685478,260.86956787109375,588.2352905273438,923.076904296875,923.076904296875
2026-07-23T10:56:36.398,0.011487171985208988,0.01779230125248432,243.90243530273438,476.19049072265625,731.7073364257812,731.7073364257812
2026-07-23T10:56:45.297,0.011279645375907421,0.01794489659368992,252.10084533691406,579.7101440429688,779.2207641601562,779.2207641601562
2026-07-23T10:56:46.863,0.011404764838516712,0.017981523647904396,260.86956787109375,563.3803100585938,705.88232421875,705.88232421875
2026-07-23T10:56:48.737,0.011038554832339287,0.017590878531336784,243.90243530273438,555.5555419921875,705.88232421875,0.0
2026-07-23T10:56:58.725,0.011282690800726414,0.017883865162730217,277.77777099609375,487.80487060546875,769.2307739257812,769.2307739257812
2026-07-23T10:57:04.858,0.011334576644003391,0.017932692542672157,1500.0,519.4805297851562,1276.595703125,1276.595703125
2026-07-23T10:57:45.991,0.011334572918713093,0.018033405765891075,250.0,555.5555419921875,681.8181762695312,681.8181762695312
2026-07-23T10:57:50.602,0.01127659436315298,0.01776483841240406,270.270263671875,555.5555419921875,705.88232421875,705.88232421875
2026-07-23T10:57:53.572,0.011154520325362682,0.018051711842417717,285.71429443359375,487.80487060546875,750.0,750.0
2026-07-23T10:57:59.824,0.011163678020238876,0.01783808320760727,250.0,555.5555419921875,750.0,750.0
2026-07-23T10:58:08.610,0.01131016481667757,0.017587799578905106,250.0,579.7101440429688,789.4736938476562,789.4736938476562
2026-07-23T10:58:10.157,0.01141392719000578,0.018106648698449135,256.4102478027344,500.0,779.2207641601562,779.2207641601562
2026-07-23T10:58:11.735,0.011618398129940033,0.018106648698449135,256.4102478027344,579.7101440429688,769.2307739257812,769.2307739257812
2026-07-23T10:59:34.743,0.010873746126890182,0.018024247139692307,256.4102478027344,579.7101440429688,0.0,0.0
2026-07-23T10:59:36.466,0.011529901064932346,0.018292808905243874,250.0,500.0,705.88232421875,705.88232421875
2026-07-23T10:59:38.029,0.011188092641532421,0.017957109957933426,267.8571472167969,579.7101440429688,674.1572875976562,674.1572875976562
2026-07-23T11:00:00.714,0.011658075265586376,0.018167681992053986,250.0,571.4285888671875,810.810791015625,810.810791015625
2026-07-23T11:00:03.685,0.011423078365623951,0.017944900318980217,252.10084533691406,500.0,606.0606079101562,606.0606079101562
2026-07-23T11:00:05.276,0.011380353011190891,0.017932690680027008,275.2293701171875,547.9451904296875,759.49365234375,759.49365234375
2026-07-23T11:00:14.815,0.011392568238079548,0.018106650561094284,270.270263671875,571.4285888671875,0.0,789.4736938476562
2026-07-23T11:00:17.114,0.01113925687968731,0.017947951331734657,250.0,571.4285888671875,779.2207641601562,779.2207641601562
2026-07-23T11:00:24.840,0.011127053759992123,0.01774653233587742,280.37384033203125,493.8271484375,779.2207641601562,779.2207641601562
2026-07-23T11:00:26.418,0.011566520668566227,0.018027307465672493,283.01885986328125,563.3803100585938,789.4736938476562,789.4736938476562
2026-07-23T11:00:56.531,0.011181977577507496,0.018152426928281784,247.9338836669922,481.9277038574219,0.0,0.0
2026-07-23T11:01:09.844,0.011951049789786339,0.017972351983189583,280.37384033203125,465.11627197265625,582.5242919921875,582.5242919921875
2026-07-23T11:01:12.993,0.011230814270675182,0.01776789128780365,265.4867248535156,571.4285888671875,0.0,759.49365234375
2026-07-23T11:01:24.866,0.011694693937897682,0.018066974356770515,272.7272644042969,533.3333129882812,769.2307739257812,769.2307739257812
2026-07-23T11:01:26.795,0.011069066822528839,0.01783197745680809,265.4867248535156,588.2352905273438,769.2307739257812,0.0
2026-07-23T11:01:29.460,0.011447498574852943,0.01855527237057686,270.270263671875,563.3803100585938,769.2307739257812,769.2307739257812
2026-07-23T11:01:35.397,0.011282691732048988,0.017740430310368538,265.4867248535156,563.3803100585938,810.810791015625,810.810791015625
2026-07-23T11:01:54.045,0.011340674944221973,0.017896071076393127,283.01885986328125,563.3803100585938,810.810791015625,759.49365234375
2026-07-23T11:01:55.612,0.01158178225159645,0.01835385151207447,243.90243530273438,459.7701110839844,722.8915405273438,722.8915405273438
2026-07-23T11:01:57.175,0.011407822370529175,0.017947953194379807,267.8571472167969,540.54052734375,769.2307739257812,769.2307739257812
2026-07-23T11:01:59.446,0.011310163885354996,0.017923535779118538,254.23728942871094,571.4285888671875,789.4736938476562,789.4736938476562
2026-07-23T11:02:05.494,0.011474959552288055,0.01762446016073227,258.6206970214844,547.9451904296875,789.4736938476562,789.4736938476562
2026-07-23T11:02:08.941,0.011465808376669884,0.01784113608300686,270.270263671875,476.19049072265625,769.2307739257812,0.0
2026-07-23T11:02:10.523,0.011001923121511936,0.017883867025375366,252.10084533691406,547.9451904296875,750.0,750.0
2026-07-23T11:04:44.730,0.011401708237826824,0.017947949469089508,252.10084533691406,1428.5714111328125,0.0,0.0
2026-07-23T11:04:49.350,0.01115757692605257,0.018051713705062866,263.15789794921875,1492.537353515625,786.516845703125,786.516845703125
2026-07-23T11:04:50.918,0.011233867146074772,0.017972366884350777,256.4102478027344,1538.4615478515625,786.516845703125,0.0
2026-07-23T11:04:54.374,0.01145665068179369,0.017969314008951187,254.23728942871094,1315.7894287109375,813.9534912109375,0.0
2026-07-23T11:04:57.030,0.011337630450725555,0.01781671680510044,270.270263671875,1562.5,0.0,843.3734741210938
2026-07-23T11:04:59.844,0.011252176947891712,0.017786206677556038,263.15789794921875,1470.5882568359375,813.9534912109375,813.9534912109375
2026-07-23T11:05:02.764,0.010925623588263988,0.01768549531698227,280.37384033203125,1428.5714111328125,813.9534912109375,0.0
2026-07-23T11:05:34.378,0.01098972000181675,0.018128005787730217,267.8571472167969,555.5555419921875,769.2307739257812,0.0
2026-07-23T11:05:36.246,0.011130105704069138,0.017828932031989098,275.2293701171875,555.5555419921875,759.49365234375,0.0
2026-07-23T11:05:39.217,0.011374249123036861,0.017603078857064247,267.8571472167969,579.7101440429688,0.0,750.0
2026-07-23T11:05:40.779,0.01123082172125578,0.01777094602584839,270.270263671875,493.8271484375,750.0,0.0
2026-07-23T11:05:44.810,0.011270490474998951,0.017746523022651672,258.6206970214844,555.5555419921875,0.0,769.2307739257812
2026-07-23T11:05:47.817,0.011590933427214622,0.017709901556372643,252.10084533691406,493.8271484375,722.8915405273438,722.8915405273438
2026-07-23T11:05:50.011,0.01090731006115675,0.01763666793704033,245.90164184570312,563.3803100585938,722.8915405273438,0.0
2026-07-23T11:06:11.919,0.01108433399349451,0.017883865162730217,258.6206970214844,487.80487060546875,740.74072265625,740.74072265625
2026-07-23T11:06:13.483,0.011090436950325966,0.017825879156589508,275.2293701171875,533.3333129882812,759.49365234375,759.49365234375
2026-07-23T11:06:15.208,0.011169780045747757,0.017972365021705627,258.6206970214844,588.2352905273438,0.0,779.2207641601562
2026-07-23T11:06:20.814,0.011218607425689697,0.017975419759750366,252.10084533691406,470.5882263183594,750.0,750.0
2026-07-23T11:06:22.550,0.011386462487280369,0.018085286021232605,277.77777099609375,547.9451904296875,750.0,0.0
2026-07-23T11:06:26.004,0.011502428911626339,0.017865553498268127,247.9338836669922,555.5555419921875,759.49365234375,759.49365234375
2026-07-23T11:06:28.824,0.011362050659954548,0.018176840618252754,265.4867248535156,579.7101440429688,740.74072265625,0.0
2026-07-23T11:07:28.616,0.010579749941825867,0.016968289390206337,283.01885986328125,655.7377319335938,810.810791015625,810.810791015625
2026-07-23T11:07:30.366,0.011149427853524685,0.017944881692528725,280.37384033203125,645.1613159179688,810.810791015625,0.0
2026-07-23T11:07:34.608,0.01082389522343874,0.01767021231353283,283.01885986328125,714.2857055664062,857.1428833007812,857.1428833007812
2026-07-23T11:07:37.511,0.010752689093351364,0.017242958769202232,254.23728942871094,571.4285888671875,740.74072265625,740.74072265625
2026-07-23T11:07:41.021,0.01270587183535099,0.019430121406912804,283.01885986328125,689.6551513671875,0.0,779.2207641601562
2026-07-23T11:07:43.515,0.011281674727797508,0.017883842810988426,283.01885986328125,625.0,759.49365234375,759.49365234375
2026-07-23T11:07:46.815,0.01115959882736206,0.01822972483932972,272.7272644042969,634.920654296875,0.0,821.9177856445312
2026-07-23T11:08:28.974,0.01113925501704216,0.01820937916636467,245.90164184570312,625.0,821.9177856445312,0.0
2026-07-23T11:08:33.207,0.012716042809188366,0.0198268610984087,250.0,634.920654296875,779.2207641601562,0.0
2026-07-23T11:08:37.576,0.011210465803742409,0.018077127635478973,267.8571472167969,689.6551513671875,789.4736938476562,789.4736938476562
2026-07-23T11:08:39.315,0.011291847564280033,0.018005920574069023,265.4867248535156,689.6551513671875,0.0,769.2307739257812
2026-07-23T11:08:44.022,0.011698759160935879,0.017771942541003227,265.4867248535156,701.75439453125,769.2307739257812,869.5652465820312
2026-07-23T11:08:48.242,0.010732341557741165,0.017080191522836685,256.4102478027344,689.6551513671875,857.1428833007812,857.1428833007812
2026-07-23T11:08:51.235,0.011647895909845829,0.018026262521743774,236.22047424316406,634.920654296875,1200.0,1200.0
2026-07-23T11:09:19.845,0.011017181910574436,0.018168684095144272,270.270263671875,634.920654296875,1200.0,0.0
2026-07-23T11:09:21.712,0.010986661538481712,0.01816868782043457,283.01885986328125,655.7377319335938,0.0,769.2307739257812
2026-07-23T11:09:25.616,0.010986662469804287,0.01734468713402748,285.71429443359375,645.1613159179688,759.49365234375,759.49365234375
2026-07-23T11:09:27.114,0.011342709884047508,0.017242958769202232,288.4615478515625,625.0,759.49365234375,769.2307739257812
2026-07-23T11:09:31.731,0.010945971123874187,0.017741423100233078,288.4615478515625,714.2857055664062,810.810791015625,810.810791015625
2026-07-23T11:09:34.720,0.011363057419657707,0.01812799647450447,260.86956787109375,547.9451904296875,714.2857055664062,714.2857055664062
2026-07-23T11:09:37.726,0.010366125032305717,0.017049672082066536,275.2293701171875,714.2857055664062,869.5652465820312,869.5652465820312
2026-07-23T11:12:57.495,0.010376296006143093,0.016988636925816536,288.4615478515625,714.2857055664062,845.0704345703125,845.0704345703125
2026-07-23T11:13:03.432,0.010834070853888988,0.017812635749578476,288.4615478515625,625.0,800.0,800.0
2026-07-23T11:13:41.378,0.010966315865516663,0.01763969473540783,294.1176452636719,666.6666870117188,909.0908813476562,909.0908813476562
2026-07-23T11:13:44.345,0.012024293653666973,0.01899269036948681,283.01885986328125,625.0,0.0,789.4736938476562
2026-07-23T11:13:50.241,0.01070182491093874,0.017995746806263924,263.15789794921875,579.7101440429688,789.4736938476562,789.4736938476562
2026-07-23T11:13:59.232,0.011190120130777359,0.01832127943634987,857.1428833007812,1290.3226318359375,789.4736938476562,789.4736938476562
2026-07-23T11:14:00.733,0.0119632538408041,0.01887061633169651,389.6103820800781,547.9451904296875,0.0,0.0
2026-07-23T11:14:02.832,0.01116977445781231,0.017751598730683327,1500.0,547.9451904296875,0.0,0.0
2026-07-23T11:14:11.761,0.010956144891679287,0.016907256096601486,1500.0,0.0,571.4285888671875,571.4285888671875
2026-07-23T11:14:14.225,0.010640786960721016,0.017283648252487183,0.0,1290.3226318359375,631.5789184570312,631.5789184570312
2026-07-23T11:15:02.930,0.01165806781500578,0.018941819667816162,45.8015251159668,1290.3226318359375,631.5789184570312,631.5789184570312
2026-07-23T11:15:26.401,0.011393575929105282,0.01759900525212288,288.4615478515625,677.9661254882812,1224.48974609375,1224.48974609375
2026-07-23T11:15:32.328,0.01147495862096548,0.017812633886933327,277.77777099609375,727.272705078125,833.3333129882812,833.3333129882812
2026-07-23T11:16:52.230,0.011129080317914486,0.017965225502848625,297.0296936035156,689.6551513671875,800.0,800.0
2026-07-23T11:16:54.098,0.011393575929105282,0.01740572415292263,967.741943359375,689.6551513671875,800.0,800.0
2026-07-23T11:16:55.660,0.010793378576636314,0.017965223640203476,638.2978515625,689.6551513671875,800.0,800.0
2026-07-23T11:16:57.241,0.010549229569733143,0.017710907384753227,280.37384033203125,701.75439453125,857.1428833007812,857.1428833007812
2026-07-23T11:17:21.477,0.012441379018127918,0.0197251308709383,384.6153869628906,0.0,789.4736938476562,789.4736938476562
2026-07-23T11:17:29.926,0.011118908412754536,0.017853327095508575,277.77777099609375,714.2857055664062,789.4736938476562,789.4736938476562
2026-07-23T11:17:35.826,0.011200292967259884,0.01813817210495472,283.01885986328125,666.6666870117188,750.0,750.0
2026-07-23T11:18:12.649,0.010844242759048939,0.01681569591164589,275.2293701171875,571.4285888671875,0.0,0.0
2026-07-23T11:18:17.155,0.01145461481064558,0.018016096204519272,275.2293701171875,689.6551513671875,821.9177856445312,821.9177856445312
2026-07-23T11:18:18.777,0.011027351953089237,0.018097473308444023,272.7272644042969,571.4285888671875,821.9177856445312,821.9177856445312
2026-07-23T11:18:26.288,0.013245032168924809,0.018677327781915665,285.71429443359375,588.2352905273438,759.49365234375,759.49365234375
2026-07-23T11:18:27.831,0.011068044230341911,0.017599007114768028,379.746826171875,606.0606079101562,769.2307739257812,769.2307739257812
2026-07-23T11:18:32.149,0.010844243690371513,0.01735485903918743,303.0303039550781,677.9661254882812,769.2307739257812,769.2307739257812
2026-07-23T11:18:38.506,0.011322366073727608,0.017873669043183327,277.77777099609375,701.75439453125,769.2307739257812,800.0
2026-07-23T11:19:04.478,0.010396641679108143,0.017141226679086685,294.1176452636719,666.6666870117188,821.9177856445312,821.9177856445312
2026-07-23T11:19:08.827,0.012583795934915543,0.01882992312312126,384.6153869628906,579.7101440429688,821.9177856445312,0.0
2026-07-23T11:19:10.319,0.010976489633321762,0.01770073175430298,309.2783508300781,666.6666870117188,750.0,0.0
2026-07-23T11:20:12.263,0.010610269382596016,0.017761770635843277,285.71429443359375,606.0606079101562,769.2307739257812,769.2307739257812
2026-07-23T11:20:16.775,0.012736390344798565,0.019643748179078102,294.1176452636719,634.920654296875,769.2307739257812,0.0
2026-07-23T11:20:21.126,0.01313313003629446,0.01905372366309166,291.26214599609375,655.7377319335938,1153.84619140625,1153.84619140625
2026-07-23T11:21:01.874,0.012217575684189796,0.01895199902355671,294.1176452636719,655.7377319335938,810.810791015625,810.810791015625
2026-07-23T11:21:03.583,0.010640786029398441,0.016907252371311188,285.71429443359375,615.3846435546875,810.810791015625,0.0
2026-07-23T11:21:08.443,0.011190119199454784,0.018087301403284073,285.71429443359375,714.2857055664062,845.0704345703125,845.0704345703125
2026-07-23T11:21:36.609,0.011240982450544834,0.018046608194708824,277.77777099609375,689.6551513671875,714.2857055664062,714.2857055664062
2026-07-23T11:21:38.649,0.011312192305922508,0.017894018441438675,294.1176452636719,634.920654296875,0.0,810.810791015625
2026-07-23T11:21:41.155,0.011454612016677856,0.01823989860713482,283.01885986328125,597.0149536132812,810.810791015625,0.0
2026-07-23T11:21:47.090,0.011566514149308205,0.01823989488184452,288.4615478515625,689.6551513671875,845.0704345703125,845.0704345703125
2026-07-23T11:21:53.056,0.01120029017329216,0.01816868595778942,297.0296936035156,655.7377319335938,1304.3477783203125,1304.3477783203125
2026-07-23T11:22:18.743,0.01075268629938364,0.017192097380757332,275.2293701171875,606.0606079101562,0.0,0.0
2026-07-23T11:22:23.285,0.011332540772855282,0.017955051735043526,283.01885986328125,689.6551513671875,821.9177856445312,821.9177856445312
2026-07-23T11:22:25.336,0.011108736507594585,0.01740572229027748,280.37384033203125,689.6551513671875,0.0,833.3333129882812
2026-07-23T11:22:47.463,0.011281677521765232,0.01818903535604477,697.6744384765625,540.54052734375,0.0,722.8915405273438
2026-07-23T11:22:49.501,0.012166712433099747,0.01816868782043457,291.26214599609375,625.0,722.8915405273438,0.0
2026-07-23T11:22:54.011,0.010732343420386314,0.017232783138751984,283.01885986328125,615.3846435546875,759.49365234375,0.0
2026-07-23T11:22:58.401,0.010986662469804287,0.01729382388293743,344.82757568359375,615.3846435546875,810.810791015625,810.810791015625
2026-07-23T11:23:00.899,0.011047699488699436,0.017975399270653725,270.270263671875,666.6666870117188,833.3333129882812,833.3333129882812
2026-07-23T11:23:05.457,0.010498369112610817,0.017812635749578476,309.2783508300781,701.75439453125,789.4736938476562,789.4736938476562
2026-07-23T11:23:10.153,0.01158685889095068,0.017924534156918526,280.37384033203125,701.75439453125,789.4736938476562,845.0704345703125
2026-07-23T11:23:12.806,0.010528885759413242,0.01730399578809738,285.71429443359375,666.6666870117188,800.0,800.0
2026-07-23T11:23:52.935,0.011240984313189983,0.017873672768473625,275.2293701171875,701.75439453125,821.9177856445312,821.9177856445312
2026-07-23T11:23:55.900,0.011851354502141476,0.017914362251758575,291.26214599609375,655.7377319335938,821.9177856445312,821.9177856445312
2026-07-23T11:24:00.450,0.010854417458176613,0.01808730512857437,280.37384033203125,606.0606079101562,1304.3477783203125,1304.3477783203125
2026-07-23T11:24:07.976,0.01065095979720354,0.016958117485046387,285.71429443359375,689.6551513671875,0.0,882.3529663085938
2026-07-23T11:24:10.957,0.012146365828812122,0.019409773871302605,306.1224365234375,689.6551513671875,759.49365234375,759.49365234375
2026-07-23T11:24:13.954,0.011057871393859386,0.017924536019563675,270.270263671875,606.0606079101562,759.49365234375,0.0
2026-07-23T11:24:18.632,0.010406815446913242,0.017141228541731834,277.77777099609375,588.2352905273438,779.2207641601562,0.0
2026-07-23T11:24:55.890,0.011169773526489735,0.01828058622777462,285.71429443359375,625.0,0.0,800.0
2026-07-23T11:24:57.449,0.012644832953810692,0.017955053597688675,283.01885986328125,701.75439453125,800.0,0.0
2026-07-23T11:25:01.682,0.011291847564280033,0.01814834214746952,288.4615478515625,597.0149536132812,0.0,759.49365234375
2026-07-23T11:25:30.761,0.01078320574015379,0.017253132537007332,441.1764831542969,0.0,0.0,0.0
2026-07-23T11:25:34.705,0.011057872325181961,0.017843155190348625,300.0,634.920654296875,1090.9090576171875,1090.9090576171875
2026-07-23T11:25:39.263,0.010935796424746513,0.017914360389113426,283.01885986328125,625.0,1090.9090576171875,0.0
2026-07-23T11:25:43.606,0.01284828968346119,0.019318219274282455,283.01885986328125,714.2857055664062,821.9177856445312,821.9177856445312
2026-07-23T11:25:48.182,0.010915452614426613,0.01767021417617798,267.8571472167969,571.4285888671875,740.74072265625,740.74072265625
2026-07-23T11:25:51.169,0.01278725452721119,0.019247008487582207,283.01885986328125,727.272705078125,845.0704345703125,845.0704345703125
2026-07-23T11:25:56.200,0.01074251439422369,0.017853325232863426,294.1176452636719,727.272705078125,895.5223999023438,895.5223999023438
2026-07-23T11:25:58.703,0.01063061598688364,0.018056783825159073,283.01885986328125,615.3846435546875,0.0,750.0
2026-07-23T11:26:30.818,0.01116977259516716,0.018107648938894272,270.270263671875,547.9451904296875,0.0,0.0
2026-07-23T11:26:32.380,0.010986662469804287,0.017710905522108078,297.0296936035156,666.6666870117188,0.0,1052.631591796875
2026-07-23T11:26:36.775,0.010498366318643093,0.017181921750307083,288.4615478515625,666.6666870117188,0.0,779.2207641601562
2026-07-23T11:26:42.551,0.010711995884776115,0.01742606796324253,275.2293701171875,714.2857055664062,0.0,857.1428833007812
2026-07-23T11:26:45.375,0.011363058350980282,0.01828058995306492,280.37384033203125,615.3846435546875,750.0,750.0
2026-07-23T11:26:48.293,0.011942912824451923,0.01760917715728283,288.4615478515625,727.272705078125,845.0704345703125,845.0704345703125
2026-07-23T11:26:52.873,0.011261329986155033,0.017822805792093277,283.01885986328125,625.0,769.2307739257812,769.2307739257812
2026-07-23T11:27:19.044,0.012482068501412868,0.01822972483932972,277.77777099609375,701.75439453125,526.3157958984375,526.3157958984375
2026-07-23T11:27:20.772,0.010539055801928043,0.017904190346598625,288.4615478515625,634.920654296875,526.3157958984375,0.0
2026-07-23T11:27:26.587,0.010925626382231712,0.017771942541003227,272.7272644042969,533.3333129882812,689.6551513671875,689.6551513671875
2026-07-23T11:27:53.797,0.010376295074820518,0.01749727874994278,267.8571472167969,547.9451904296875,714.2857055664062,714.2857055664062
2026-07-23T11:27:55.372,0.010305086150765419,0.017232785001397133,285.71429443359375,689.6551513671875,857.1428833007812,857.1428833007812
2026-07-23T11:28:02.738,0.01089510414749384,0.01810765080153942,288.4615478515625,634.920654296875,779.2207641601562,779.2207641601562
2026-07-23T11:28:04.777,0.012593970634043217,0.01910458691418171,285.71429443359375,645.1613159179688,0.0,779.2207641601562
2026-07-23T11:28:08.672,0.012665178626775742,0.01834162324666977,306.1224365234375,677.9661254882812,740.74072265625,740.74072265625
2026-07-23T11:28:16.159,0.01163772214204073,0.01810765080153942,288.4615478515625,714.2857055664062,857.1428833007812,857.1428833007812
2026-07-23T11:28:17.668,0.010895106010138988,0.017802463844418526,283.01885986328125,625.0,1276.595703125,1276.595703125
2026-07-23T11:28:56.542,0.01144444104284048,0.01847386546432972,270.270263671875,547.9451904296875,0.0,0.0
2026-07-23T11:28:59.538,0.011291846632957458,0.017965227365493774,283.01885986328125,606.0606079101562,714.2857055664062,0.0
2026-07-23T11:29:04.958,0.012054811231791973,0.017782116308808327,275.2293701171875,655.7377319335938,759.49365234375,0.0
2026-07-23T11:29:09.541,0.01158685889095068,0.01831110566854477,238.09524536132812,597.0149536132812,789.4736938476562,759.49365234375
2026-07-23T11:29:12.449,0.011108736507594585,0.01752779819071293,1500.0,0.0,759.49365234375,759.49365234375
2026-07-23T11:29:20.321,0.010183009319007397,0.017273476347327232,731.7073364257812,476.19049072265625,681.8181762695312,681.8181762695312
2026-07-23T11:29:23.294,0.01113925501704216,0.017975399270653725,240.0,597.0149536132812,800.0,800.0
2026-07-23T11:30:45.875,0.010803552344441414,0.017832981422543526,250.0,625.0,0.0,789.4736938476562
2026-07-23T11:30:47.593,0.010376292280852795,0.01770073175430298,270.270263671875,645.1613159179688,789.4736938476562,800.0
2026-07-23T11:30:56.126,0.010305085219442844,0.017141232267022133,283.01885986328125,625.0,769.2307739257812,769.2307739257812
2026-07-23T11:31:08.286,0.01141392346471548,0.017924536019563675,275.2293701171875,714.2857055664062,833.3333129882812,833.3333129882812
2026-07-23T11:31:09.833,0.010956143960356712,0.017873670905828476,441.1764831542969,2000.0,857.1428833007812,857.1428833007812
2026-07-23T11:31:14.211,0.012766907922923565,0.0197861697524786,288.4615478515625,615.3846435546875,779.2207641601562,779.2207641601562
2026-07-23T11:31:21.716,0.013479006476700306,0.01906389743089676,283.01885986328125,597.0149536132812,779.2207641601562,0.0
2026-07-23T11:31:23.307,0.011129080317914486,0.01741589419543743,300.0,615.3846435546875,759.49365234375,0.0
2026-07-23T11:31:29.611,0.011149425990879536,0.017782118171453476,285.71429443359375,740.74072265625,0.0,857.1428833007812
2026-07-23T11:31:32.272,0.01161737646907568,0.018768880516290665,275.2293701171875,579.7101440429688,759.49365234375,759.49365234375
2026-07-23T11:32:09.854,0.011342714540660381,0.017161574214696884,303.0303039550781,677.9661254882812,769.2307739257812,769.2307739257812
2026-07-23T11:32:12.846,0.011302020400762558,0.01825006678700447,283.01885986328125,714.2857055664062,833.3333129882812,833.3333129882812
2026-07-23T11:32:14.347,0.01113925315439701,0.017161572352051735,288.4615478515625,615.3846435546875,769.2307739257812,769.2307739257812
2026-07-23T11:32:21.926,0.010579749010503292,0.017914360389113426,280.37384033203125,714.2857055664062,869.5652465820312,869.5652465820312
2026-07-23T11:32:23.953,0.010640788823366165,0.01738538220524788,294.1176452636719,615.3846435546875,869.5652465820312,0.0
2026-07-23T11:32:26.457,0.012400684878230095,0.01822972297668457,769.2307739257812,606.0606079101562,750.0,750.0
2026-07-23T11:32:56.690,0.012034467421472073,0.017894012853503227,291.26214599609375,645.1613159179688,821.9177856445312,821.9177856445312
2026-07-23T11:32:58.257,0.010223702527582645,0.017192095518112183,288.4615478515625,727.272705078125,857.1428833007812,857.1428833007812
2026-07-23T11:33:04.202,0.01226843986660242,0.01904355175793171,285.71429443359375,606.0606079101562,789.4736938476562,789.4736938476562
2026-07-23T11:33:05.939,0.01069165114313364,0.017161574214696884,285.71429443359375,645.1613159179688,789.4736938476562,769.2307739257812
2026-07-23T11:33:16.099,0.01146478671580553,0.017914360389113426,283.01885986328125,714.2857055664062,833.3333129882812,833.3333129882812
2026-07-23T11:33:19.089,0.011546168476343155,0.017955055460333824,379.746826171875,500.0,833.3333129882812,833.3333129882812
2026-07-23T11:33:22.265,0.011108736507594585,0.017975399270653725,297.0296936035156,645.1613159179688,1132.075439453125,1132.075439453125
2026-07-23T13:16:41.821,0.01162755023688078,0.017863499000668526,652.1738891601562,0.0,1132.075439453125,1132.075439453125
2026-07-23T13:16:44.789,0.012441377155482769,0.017690559849143028,277.77777099609375,677.9661254882812,618.5567016601562,810.810791015625
2026-07-23T13:16:55.106,0.011281675659120083,0.018677325919270515,428.5714416503906,597.0149536132812,740.74072265625,740.74072265625
2026-07-23T13:17:02.678,0.010874759405851364,0.01732434146106243,291.26214599609375,634.920654296875,1224.48974609375,1224.48974609375
2026-07-23T13:17:05.613,0.012888980098068714,0.020233776420354843,275.2293701171875,677.9661254882812,833.3333129882812,833.3333129882812
2026-07-23T13:17:34.870,0.012573624029755592,0.019145281985402107,283.01885986328125,547.9451904296875,0.0,1200.0
2026-07-23T13:17:36.361,0.010895105078816414,0.017782116308808327,280.37384033203125,714.2857055664062,1200.0,0.0
2026-07-23T13:17:39.589,0.01062044221907854,0.017110710963606834,275.2293701171875,588.2352905273438,833.3333129882812,0.0
2026-07-23T13:17:42.380,0.010854413732886314,0.018016096204519272,285.71429443359375,689.6551513671875,810.810791015625,810.810791015625
2026-07-23T13:17:49.005,0.012838116846978664,0.020274462178349495,294.1176452636719,625.0,810.810791015625,0.0
2026-07-23T13:17:50.562,0.012716042809188366,0.017288733273744583,0.0,625.0,810.810791015625,810.810791015625
2026-07-23T13:17:52.861,0.010671304538846016,0.017192093655467033,285.71429443359375,655.7377319335938,821.9177856445312,821.9177856445312
2026-07-23T13:17:54.667,0.010793379507958889,0.018077131360769272,348.83721923828125,655.7377319335938,821.9177856445312,821.9177856445312
2026-07-23T13:17:56.229,0.01275673508644104,0.019450463354587555,315.7894592285156,0.0,821.9177856445312,821.9177856445312
2026-07-23T13:18:00.442,0.011230810545384884,0.017975402995944023,306.1224365234375,666.6666870117188,1200.0,1200.0
2026-07-23T13:18:23.761,0.010874761268496513,0.01770073175430298,265.4867248535156,512.8204956054688,0.0,0.0
2026-07-23T13:18:26.739,0.011037525720894337,0.017832981422543526,283.01885986328125,689.6551513671875,0.0,845.0704345703125
2026-07-23T13:18:30.645,0.012797425501048565,0.01814834214746952,288.4615478515625,645.1613159179688,1395.348876953125,1395.348876953125
2026-07-23T13:18:38.330,0.01082389522343874,0.018026262521743774,288.4615478515625,588.2352905273438,0.0,722.8915405273438
2026-07-23T13:18:41.083,0.010925623588263988,0.01757865957915783,309.2783508300781,645.1613159179688,0.0,1304.3477783203125
2026-07-23T13:18:44.077,0.011424093507230282,0.017761768773198128,297.0296936035156,634.920654296875,779.2207641601562,779.2207641601562
2026-07-23T13:18:47.080,0.010508538223803043,0.017843153327703476,288.4615478515625,701.75439453125,857.1428833007812,857.1428833007812
2026-07-23T13:19:38.739,0.011027352884411812,0.017690559849143028,312.5,655.7377319335938,0.0,0.0
2026-07-23T13:19:40.802,0.01116977445781231,0.017771940678358078,294.1176452636719,714.2857055664062,1363.6363525390625,0.0
2026-07-23T13:19:46.736,0.01078320574015379,0.018077129498124123,294.1176452636719,666.6666870117188,0.0,833.3333129882812
2026-07-23T13:19:49.702,0.01086458656936884,0.01753797009587288,267.8571472167969,0.0,833.3333129882812,833.3333129882812
2026-07-23T13:19:52.366,0.012950020842254162,0.018453529104590416,294.1176452636719,597.0149536132812,645.1613159179688,0.0
2026-07-23T13:19:58.310,0.011098564602434635,0.01830092817544937,288.4615478515625,701.75439453125,810.810791015625,810.810791015625
2026-07-23T13:20:01.233,0.010813724249601364,0.01727348007261753,294.1176452636719,634.920654296875,800.0,800.0
2026-07-23T13:20:28.974,0.011363057419657707,0.01822972670197487,263.15789794921875,526.3157958984375,0.0,0.0
2026-07-23T13:20:31.467,0.011474961414933205,0.01750745065510273,309.2783508300781,666.6666870117188,1333.3333740234375,1333.3333740234375
2026-07-23T13:20:34.380,0.010610269382596016,0.017059843987226486,291.26214599609375,571.4285888671875,740.74072265625,740.74072265625
2026-07-23T13:20:39.283,0.01278725452721119,0.01993875950574875,288.4615478515625,701.75439453125,0.0,789.4736938476562
2026-07-23T13:20:41.958,0.011413921602070332,0.017802460119128227,280.37384033203125,689.6551513671875,845.0704345703125,845.0704345703125
2026-07-23T13:20:45.407,0.010650960728526115,0.017975401133298874,297.0296936035156,634.920654296875,0.0,759.49365234375
2026-07-23T13:20:50.889,0.01080355141311884,0.017924539744853973,285.71429443359375,666.6666870117188,789.4736938476562,789.4736938476562
2026-07-23T13:21:22.666,0.011210465803742409,0.018077131360769272,285.71429443359375,701.75439453125,821.9177856445312,821.9177856445312
2026-07-23T13:21:24.531,0.010640785098075867,0.017853323370218277,297.0296936035156,625.0,0.0,800.0
2026-07-23T13:21:28.749,0.010518711991608143,0.017202269285917282,272.7272644042969,519.4805297851562,800.0,800.0
2026-07-23T13:21:36.047,0.010589921846985817,0.017008982598781586,309.2783508300781,666.6666870117188,1333.3333740234375,1333.3333740234375
2026-07-23T13:21:40.781,0.0099592050537467,0.016947945579886436,272.7272644042969,701.75439453125,0.0,833.3333129882812
2026-07-23T13:21:44.224,0.011393577791750431,0.017314167693257332,370.370361328125,615.3846435546875,0.0,769.2307739257812
2026-07-23T13:22:15.487,0.010803552344441414,0.017629524692893028,291.26214599609375,625.0,1304.3477783203125,1304.3477783203125
2026-07-23T13:22:18.457,0.01241085771471262,0.018687503412365913,291.26214599609375,714.2857055664062,869.5652465820312,869.5652465820312
2026-07-23T13:22:46.955,0.010834069922566414,0.017944879829883575,285.71429443359375,655.7377319335938,1428.5714111328125,1428.5714111328125
2026-07-23T13:22:48.452,0.011637721210718155,0.017843153327703476,283.01885986328125,701.75439453125,857.1428833007812,857.1428833007812
2026-07-23T13:22:57.620,0.01184118166565895,0.019440291449427605,280.37384033203125,579.7101440429688,714.2857055664062,714.2857055664062
2026-07-23T13:22:59.183,0.010935796424746513,0.01854507438838482,312.5,689.6551513671875,714.2857055664062,0.0
2026-07-23T13:23:05.132,0.010925623588263988,0.01768038608133793,300.0,645.1613159179688,0.0,789.4736938476562
2026-07-23T13:23:06.847,0.011271504685282707,0.018565423786640167,300.0,615.3846435546875,0.0,810.810791015625
2026-07-23T13:23:09.667,0.010742513462901115,0.01773124933242798,300.0,740.74072265625,0.0,645.1613159179688
2026-07-23T13:23:32.031,0.010844243690371513,0.017059845849871635,300.0,666.6666870117188,833.3333129882812,833.3333129882812
2026-07-23T13:23:33.755,0.010752683505415916,0.017965229228138924,306.1224365234375,677.9661254882812,833.3333129882812,0.0
2026-07-23T13:23:38.291,0.01062044221907854,0.01753796823322773,283.01885986328125,555.5555419921875,1304.3477783203125,1304.3477783203125
2026-07-23T13:23:44.238,0.011312195099890232,0.01767021417617798,283.01885986328125,701.75439453125,0.0,789.4736938476562
2026-07-23T13:23:51.752,0.012980538420379162,0.018606118857860565,297.0296936035156,625.0,0.0,800.0
2026-07-23T13:23:54.890,0.010630612261593342,0.01750745065510273,294.1176452636719,571.4285888671875,0.0,1333.3333740234375
2026-07-23T13:24:00.831,0.010488193482160568,0.017039500176906586,280.37384033203125,677.9661254882812,1333.3333740234375,0.0
2026-07-23T13:24:27.792,0.01058992464095354,0.016947945579886436,288.4615478515625,634.920654296875,1428.5714111328125,1428.5714111328125
2026-07-23T13:24:30.769,0.010661130771040916,0.016795355826616287,291.26214599609375,714.2857055664062,810.810791015625,810.810791015625
2026-07-23T13:24:32.794,0.010661131702363491,0.01735485903918743,291.26214599609375,714.2857055664062,0.0,845.0704345703125
2026-07-23T13:25:19.171,0.013082267716526985,0.018148336559534073,297.0296936035156,655.7377319335938,0.0,0.0
2026-07-23T13:25:23.487,0.011963256634771824,0.019287699833512306,285.71429443359375,727.272705078125,810.810791015625,810.810791015625
2026-07-23T13:25:28.372,0.012482068501412868,0.01888078637421131,315.7894592285156,666.6666870117188,810.810791015625,0.0
2026-07-23T13:25:46.226,0.011088388971984386,0.017914360389113426,291.26214599609375,655.7377319335938,0.0,1428.5714111328125
2026-07-23T13:25:49.212,0.010539058595895767,0.016876734793186188,270.270263671875,727.272705078125,1463.4146728515625,1463.4146728515625
2026-07-23T13:25:53.740,0.01069165114313364,0.01736503466963768,297.0296936035156,666.6666870117188,1276.595703125,1276.595703125
2026-07-23T13:25:58.274,0.011047697626054287,0.01763969473540783,300.0,645.1613159179688,821.9177856445312,821.9177856445312
2026-07-23T13:25:59.838,0.010925623588263988,0.017751596868038177,294.1176452636719,625.0,779.2207641601562,779.2207641601562
2026-07-23T13:26:22.990,0.01157668512314558,0.017222613096237183,294.1176452636719,625.0,789.4736938476562,789.4736938476562
2026-07-23T13:26:24.553,0.010600094683468342,0.017049675807356834,297.0296936035156,645.1613159179688,800.0,800.0
2026-07-23T13:26:36.441,0.01070182304829359,0.017151402309536934,241.93548583984375,579.7101440429688,714.2857055664062,714.2857055664062
2026-07-23T13:26:42.366,0.011047697626054287,0.018148338422179222,272.7272644042969,645.1613159179688,857.1428833007812,857.1428833007812
2026-07-23T13:26:50.534,0.01024404726922512,0.016815699636936188,263.15789794921875,645.1613159179688,857.1428833007812,869.5652465820312
2026-07-23T13:26:56.019,0.011363057419657707,0.018056785687804222,272.7272644042969,689.6551513671875,857.1428833007812,857.1428833007812
2026-07-23T13:27:00.361,0.010976488701999187,0.017314167693257332,260.86956787109375,727.272705078125,1304.3477783203125,1304.3477783203125
2026-07-23T13:27:06.506,0.010935798287391663,0.017639698460698128,270.270263671875,666.6666870117188,857.1428833007812,857.1428833007812
2026-07-23T13:27:08.066,0.012909328565001488,0.01849421299993992,272.7272644042969,701.75439453125,882.3529663085938,882.3529663085938
2026-07-23T13:34:38.248,0.010813725180923939,0.017649870365858078,265.4867248535156,645.1613159179688,882.3529663085938,833.3333129882812
2026-07-23T13:34:41.400,0.010589920915663242,0.016988636925816536,277.77777099609375,655.7377319335938,845.0704345703125,845.0704345703125
2026-07-23T13:34:45.952,0.01149530429393053,0.01768038421869278,697.6744384765625,784.313720703125,0.0,1428.5714111328125
2026-07-23T13:34:49.101,0.010244050063192844,0.016958119347691536,283.01885986328125,714.2857055664062,0.0,923.076904296875
2026-07-23T13:34:54.911,0.01076286006718874,0.017883842810988426,247.9338836669922,689.6551513671875,810.810791015625,810.810791015625
2026-07-23T13:34:56.790,0.01144444104284048,0.018107648938894272,267.8571472167969,689.6551513671875,810.810791015625,0.0
2026-07-23T13:34:59.787,0.01309244055300951,0.01832127943634987,260.86956787109375,714.2857055664062,0.0,869.5652465820312
2026-07-23T13:35:28.096,0.01153599377721548,0.01775159314274788,258.6206970214844,677.9661254882812,845.0704345703125,845.0704345703125
2026-07-23T13:35:31.066,0.010478019714355469,0.017537971958518028,270.270263671875,294.1176452636719,681.8181762695312,681.8181762695312
2026-07-23T13:35:38.926,0.010905278846621513,0.017303993925452232,263.15789794921875,677.9661254882812,0.0,810.810791015625
2026-07-23T13:35:40.501,0.012919501401484013,0.019348738715052605,277.77777099609375,714.2857055664062,882.3529663085938,882.3529663085938
2026-07-23T13:35:58.176,0.010813724249601364,0.01745658740401268,252.10084533691406,666.6666870117188,845.0704345703125,845.0704345703125
2026-07-23T13:36:02.727,0.012960193678736687,0.019582713022828102,280.37384033203125,714.2857055664062,909.0908813476562,909.0908813476562
2026-07-23T13:36:19.637,0.011240980587899685,0.018026262521743774,267.8571472167969,645.1613159179688,0.0,0.0
2026-07-23T13:36:24.358,0.012644835747778416,0.0198065135627985,283.01885986328125,701.75439453125,800.0,0.0
2026-07-23T13:36:29.988,0.012573624029755592,0.01825006864964962,250.0,754.7169799804688,0.0,967.741943359375
2026-07-23T13:36:32.957,0.011352886445820332,0.017965227365493774,303.0303039550781,645.1613159179688,789.4736938476562,789.4736938476562
2026-07-23T13:36:39.513,0.01239051204174757,0.01889095827937126,272.7272644042969,689.6551513671875,0.0,845.0704345703125
2026-07-23T13:37:02.197,0.010915449820458889,0.017883844673633575,245.90164184570312,701.75439453125,0.0,0.0
2026-07-23T13:37:04.866,0.010834071785211563,0.017771940678358078,263.15789794921875,677.9661254882812,810.810791015625,0.0
2026-07-23T13:37:07.668,0.010691652074456215,0.01743623986840248,250.0,727.272705078125,1333.3333740234375,1333.3333740234375
2026-07-23T13:37:13.616,0.011678413487970829,0.017782116308808327,270.270263671875,701.75439453125,869.5652465820312,869.5652465820312
2026-07-23T13:37:15.341,0.010864588432013988,0.01756848581135273,265.4867248535156,689.6551513671875,0.0,882.3529663085938
2026-07-23T13:37:18.156,0.010884932242333889,0.017812633886933327,258.6206970214844,689.6551513671875,833.3333129882812,833.3333129882812
2026-07-23T13:37:46.831,0.012319302186369896,0.017873672768473625,245.90164184570312,677.9661254882812,800.0,800.0
2026-07-23T13:37:48.860,0.010467848740518093,0.01665293611586094,254.23728942871094,714.2857055664062,882.3529663085938,882.3529663085938
2026-07-23T13:37:51.355,0.010834068059921265,0.01771090365946293,306.1224365234375,714.2857055664062,1333.3333740234375,1333.3333740234375
2026-07-23T13:49:33.528,0.010488193482160568,0.01671397127211094,267.8571472167969,714.2857055664062,0.0,882.3529663085938
2026-07-23T13:49:35.085,0.010925624519586563,0.01761934906244278,270.270263671875,701.75439453125,869.5652465820312,869.5652465820312
2026-07-23T13:49:53.058,0.011413922533392906,0.01751762442290783,280.37384033203125,714.2857055664062,909.0908813476562,909.0908813476562
2026-07-23T13:49:54.621,0.010742517188191414,0.01835179515182972,275.2293701171875,689.6551513671875,833.3333129882812,833.3333129882812
2026-07-23T13:50:15.667,0.011363058350980282,0.018534904345870018,250.0,689.6551513671875,1395.348876953125,1395.348876953125
2026-07-23T13:50:18.655,0.011098562739789486,0.01751762069761753,750.0,655.7377319335938,1200.0,1200.0
2026-07-23T13:50:23.159,0.011047699488699436,0.017670216038823128,265.4867248535156,714.2857055664062,1132.075439453125,1132.075439453125
2026-07-23T13:50:59.536,0.012349824421107769,0.017955053597688675,267.8571472167969,689.6551513671875,869.5652465820312,869.5652465820312
2026-07-23T13:51:02.517,0.01309243869036436,0.018677325919270515,267.8571472167969,714.2857055664062,882.3529663085938,882.3529663085938
2026-07-23T13:51:05.790,0.011352885514497757,0.01742606796324253,267.8571472167969,677.9661254882812,0.0,869.5652465820312
2026-07-23T13:52:37.950,0.011688588187098503,0.017822805792093277,272.7272644042969,714.2857055664062,0.0,923.076904296875
2026-07-23T13:52:42.147,0.01112908124923706,0.017629524692893028,625.0,1600.0,1250.0,1250.0
2026-07-23T13:52:45.297,0.010152489878237247,0.017029333859682083,275.2293701171875,689.6551513671875,857.1428833007812,857.1428833007812
2026-07-23T13:53:07.772,0.010823897086083889,0.01736503280699253,265.4867248535156,689.6551513671875,0.0,810.810791015625
2026-07-23T13:53:10.757,0.012217575684189796,0.017965225502848625,265.4867248535156,701.75439453125,857.1428833007812,857.1428833007812
2026-07-23T13:53:14.424,0.010233874432742596,0.016917429864406586,260.86956787109375,689.6551513671875,857.1428833007812,0.0
2026-07-23T13:53:18.280,0.010569574311375618,0.017141230404376984,315.7894592285156,1290.3226318359375,1395.348876953125,1395.348876953125
2026-07-23T13:53:49.081,0.011892047710716724,0.017873674631118774,267.8571472167969,701.75439453125,869.5652465820312,869.5652465820312
2026-07-23T13:53:52.088,0.010864587500691414,0.017660042271018028,265.4867248535156,701.75439453125,0.0,869.5652465820312
2026-07-23T13:53:57.296,0.012522760778665543,0.019572537392377853,256.4102478027344,677.9661254882812,0.0,869.5652465820312
2026-07-23T13:56:29.814,0.010549232363700867,0.017110709100961685,254.23728942871094,689.6551513671875,845.0704345703125,845.0704345703125
2026-07-23T13:56:31.365,0.010895105078816414,0.017975399270653725,260.86956787109375,666.6666870117188,821.9177856445312,821.9177856445312
2026-07-23T13:56:37.348,0.012797427363693714,0.019358906894922256,263.15789794921875,655.7377319335938,857.1428833007812,857.1428833007812
2026-07-23T13:56:49.392,0.010976487770676613,0.018016094341874123,267.8571472167969,727.272705078125,895.5223999023438,895.5223999023438
2026-07-23T13:56:53.722,0.010986660607159138,0.01742606796324253,260.86956787109375,689.6551513671875,821.9177856445312,821.9177856445312
2026-07-23T13:56:58.227,0.012716042809188366,0.01812799833714962,270.270263671875,714.2857055664062,909.0908813476562,909.0908813476562
2026-07-23T13:57:32.385,0.010579748079180717,0.01737520657479763,260.86956787109375,677.9661254882812,0.0,869.5652465820312
2026-07-23T13:57:34.267,0.010813725180923939,0.018005920574069023,270.270263671875,701.75439453125,869.5652465820312,0.0
2026-07-23T13:57:41.146,0.011342714540660381,0.017924534156918526,265.4867248535156,714.2857055664062,810.810791015625,810.810791015625
2026-07-23T13:57:48.974,0.010386466048657894,0.017192093655467033,272.7272644042969,727.272705078125,0.0,1052.631591796875
2026-07-23T13:58:17.559,0.010416986420750618,0.01659189909696579,612.244873046875,754.7169799804688,952.3809814453125,952.3809814453125
2026-07-23T13:58:19.062,0.010966314934194088,0.01754814200103283,245.90164184570312,689.6551513671875,810.810791015625,810.810791015625
2026-07-23T13:58:23.711,0.010508539155125618,0.017924537882208824,280.37384033203125,645.1613159179688,869.5652465820312,869.5652465820312
2026-07-23T13:58:29.663,0.010996832512319088,0.017751596868038177,254.23728942871094,701.75439453125,1363.6363525390625,1363.6363525390625
2026-07-23T13:58:34.184,0.011983600445091724,0.017914360389113426,267.8571472167969,701.75439453125,869.5652465820312,869.5652465820312
2026-07-23T13:58:35.763,0.010925623588263988,0.017832981422543526,270.270263671875,727.272705078125,0.0,895.5223999023438
2026-07-23T13:59:06.913,0.010864585638046265,0.01747693307697773,256.4102478027344,689.6551513671875,0.0,1111.111083984375
2026-07-23T13:59:08.620,0.01235999446362257,0.019440293312072754,263.15789794921875,714.2857055664062,1111.111083984375,0.0
2026-07-23T13:59:14.131,0.011515650898218155,0.01745658367872238,291.26214599609375,615.3846435546875,0.0,769.2307739257812
2026-07-23T13:59:23.047,0.010823898948729038,0.018026262521743774,267.8571472167969,689.6551513671875,857.1428833007812,857.1428833007812
2026-07-23T13:59:24.610,0.011169773526489735,0.017894016578793526,260.86956787109375,666.6666870117188,845.0704345703125,0.0
2026-07-23T13:59:26.164,0.011169773526489735,0.017894016578793526,260.86956787109375,666.6666870117188,857.1428833007812,857.1428833007812
2026-07-23T13:59:28.985,0.010986661538481712,0.018738359212875366,275.2293701171875,714.2857055664062,909.0908813476562,909.0908813476562
2026-07-23T13:59:54.596,0.010905281640589237,0.017822807654738426,256.4102478027344,754.7169799804688,1000.0,1000.0
2026-07-23T13:59:57.592,0.010905277915298939,0.01752779446542263,260.86956787109375,714.2857055664062,821.9177856445312,821.9177856445312
2026-07-23T14:00:00.597,0.011251157149672508,0.01814834028482437,283.01885986328125,740.74072265625,821.9177856445312,0.0
2026-07-23T14:00:06.890,0.011088389903306961,0.01818903163075447,280.37384033203125,714.2857055664062,923.076904296875,923.076904296875
2026-07-23T14:00:11.105,0.012766909785568714,0.019582713022828102,277.77777099609375,740.74072265625,937.5,937.5
2026-07-23T14:00:17.244,0.010366121307015419,0.017049673944711685,272.7272644042969,740.74072265625,882.3529663085938,882.3529663085938
2026-07-23T14:00:18.796,0.01021352969110012,0.016988636925816536,280.37384033203125,727.272705078125,983.6065673828125,983.6065673828125
2026-07-23T14:39:16.097,0.010732341557741165,0.01754814200103283,267.8571472167969,677.9661254882812,857.1428833007812,857.1428833007812
2026-07-23T14:39:19.072,0.012624490074813366,0.018046613782644272,252.10084533691406,701.75439453125,789.4736938476562,789.4736938476562
2026-07-23T14:39:23.611,0.010457676835358143,0.016866562888026237,270.270263671875,677.9661254882812,845.0704345703125,845.0704345703125
2026-07-23T14:39:26.584,0.01230913121253252,0.01821954920887947,263.15789794921875,666.6666870117188,857.1428833007812,857.1428833007812
2026-07-23T14:39:31.114,0.010508541017770767,0.017039502039551735,245.90164184570312,740.74072265625,1333.3333740234375,1333.3333740234375
2026-07-23T14:39:36.156,0.010874762199819088,0.017660044133663177,265.4867248535156,701.75439453125,0.0,845.0704345703125
2026-07-23T14:39:38.991,0.011190119199454784,0.017782114446163177,270.270263671875,714.2857055664062,0.0,882.3529663085938
2026-07-23T14:41:49.234,0.01234982255846262,0.01774142123758793,280.37384033203125,740.74072265625,759.49365234375,759.49365234375
2026-07-23T14:41:50.798,0.011017181910574436,0.017527800053358078,280.37384033203125,701.75439453125,857.1428833007812,857.1428833007812
2026-07-23T14:41:53.765,0.012197230942547321,0.019430123269557953,260.86956787109375,689.6551513671875,833.3333129882812,833.3333129882812
2026-07-23T14:42:23.707,0.01241085771471262,0.019165627658367157,241.93548583984375,677.9661254882812,0.0,779.2207641601562
2026-07-23T14:42:28.557,0.011240984313189983,0.017822803929448128,267.8571472167969,701.75439453125,882.3529663085938,882.3529663085938
2026-07-23T14:42:32.939,0.011139255948364735,0.017965225502848625,410.9588928222656,634.920654296875,0.0,800.0
2026-07-23T14:42:36.052,0.010966315865516663,0.017365029081702232,384.6153869628906,2000.0,0.0,789.4736938476562
2026-07-23T14:51:42.019,0.011739451438188553,0.01764986850321293,258.6206970214844,714.2857055664062,821.9177856445312,821.9177856445312
2026-07-23T14:51:43.579,0.011576686054468155,0.018677325919270515,666.6666870117188,689.6551513671875,1333.3333740234375,1333.3333740234375
2026-07-23T14:51:47.976,0.010884934104979038,0.017853325232863426,280.37384033203125,677.9661254882812,869.5652465820312,869.5652465820312
2026-07-23T14:51:58.500,0.012309132143855095,0.019389430060982704,283.01885986328125,740.74072265625,895.5223999023438,895.5223999023438
2026-07-23T14:52:00.068,0.010996833443641663,0.01748710311949253,283.01885986328125,714.2857055664062,869.5652465820312,869.5652465820312
2026-07-23T14:52:04.950,0.01158685702830553,0.018707850947976112,277.77777099609375,714.2857055664062,0.0,909.0908813476562
2026-07-23T14:52:07.453,0.010681478306651115,0.017771942541003227,270.270263671875,677.9661254882812,909.0908813476562,857.1428833007812
2026-07-23T15:20:19.708,0.01069165114313364,0.01744641177356243,297.0296936035156,615.3846435546875,0.0,0.0
2026-07-23T15:20:26.297,0.010864588432013988,0.017894016578793526,270.270263671875,526.3157958984375,1395.348876953125,1395.348876953125
2026-07-23T15:20:27.849,0.01032542996108532,0.017690559849143028,288.4615478515625,754.7169799804688,895.5223999023438,895.5223999023438
2026-07-23T15:20:35.354,0.01071199681609869,0.01844334788620472,303.0303039550781,754.7169799804688,0.0,674.1572875976562
2026-07-23T15:20:38.189,0.010986660607159138,0.017303993925452232,291.26214599609375,625.0,674.1572875976562,0.0
2026-07-23T15:20:40.989,0.010966314934194088,0.01734468713402748,315.7894592285156,714.2857055664062,1333.3333740234375,1333.3333740234375
2026-07-23T15:20:44.139,0.010732341557741165,0.017832977697253227,297.0296936035156,625.0,1333.3333740234375,0.0
2026-07-23T15:51:42.112,0.01025421917438507,0.016968291252851486,272.7272644042969,655.7377319335938,0.0,857.1428833007812
2026-07-23T15:51:45.090,0.010874763131141663,0.01747692935168743,245.90164184570312,769.2307739257812,1016.9491577148438,1016.9491577148438
2026-07-23T15:51:46.959,0.011017181910574436,0.01817885972559452,265.4867248535156,655.7377319335938,1016.9491577148438,0.0
2026-07-23T15:51:54.179,0.01306192297488451,0.018718020990490913,267.8571472167969,655.7377319335938,705.88232421875,0.0
2026-07-23T15:51:57.466,0.012593968771398067,0.018097473308444023,272.7272644042969,701.75439453125,895.5223999023438,895.5223999023438
2026-07-23T15:52:03.120,0.012573625892400742,0.01971495896577835,270.270263671875,597.0149536132812,895.5223999023438,895.5223999023438
2026-07-23T15:52:07.484,0.011363057419657707,0.017965229228138924,275.2293701171875,701.75439453125,882.3529663085938,882.3529663085938
2026-07-23T15:52:43.063,0.012492241337895393,0.018005916848778725,291.26214599609375,740.74072265625,0.0,857.1428833007812
2026-07-23T15:52:50.253,0.010996833443641663,0.017049673944711685,267.8571472167969,677.9661254882812,869.5652465820312,869.5652465820312
2026-07-23T15:52:53.227,0.010467846877872944,0.017222614958882332,275.2293701171875,571.4285888671875,869.5652465820312,0.0
2026-07-23T15:52:57.593,0.01083406899124384,0.01818903349339962,300.0,666.6666870117188,833.3333129882812,833.3333129882812
2026-07-23T15:53:02.176,0.010834069922566414,0.017242956906557083,272.7272644042969,701.75439453125,895.5223999023438,895.5223999023438
2026-07-23T15:53:05.099,0.010172835551202297,0.016825871542096138,275.2293701171875,677.9661254882812,800.0,800.0
2026-07-23T15:53:08.097,0.011129084043204784,0.01847386732697487,275.2293701171875,769.2307739257812,952.3809814453125,952.3809814453125
2026-07-23T15:53:35.819,0.010630614124238491,0.018107648938894272,275.2293701171875,677.9661254882812,0.0,882.3529663085938
2026-07-23T15:53:38.943,0.010854414664208889,0.01754814200103283,256.4102478027344,701.75439453125,0.0,833.3333129882812
2026-07-23T15:53:41.229,0.012197230011224747,0.019206319004297256,254.23728942871094,677.9661254882812,845.0704345703125,845.0704345703125
2026-07-23T15:53:56.527,0.010213526897132397,0.01743624545633793,256.4102478027344,655.7377319335938,845.0704345703125,857.1428833007812
2026-07-23T15:54:02.787,0.010945969261229038,0.017934707924723625,258.6206970214844,655.7377319335938,0.0,821.9177856445312
2026-07-23T15:54:04.340,0.010376292280852795,0.017080189660191536,254.23728942871094,701.75439453125,1621.62158203125,1621.62158203125
2026-07-23T15:55:25.284,0.010884932242333889,0.017070021480321884,263.15789794921875,689.6551513671875,869.5652465820312,869.5652465820312
2026-07-23T15:55:27.013,0.010640785098075867,0.017761768773198128,447.7611999511719,2000.0,0.0,1538.4615478515625
2026-07-23T15:55:28.597,0.010640785098075867,0.017761768773198128,447.7611999511719,2000.0,1538.4615478515625,1538.4615478515625
2026-07-23T15:55:31.578,0.011861527338624,0.017832981422543526,254.23728942871094,655.7377319335938,0.0,833.3333129882812
2026-07-23T15:55:40.306,0.010742515325546265,0.018036438152194023,267.8571472167969,689.6551513671875,895.5223999023438,895.5223999023438
2026-07-23T15:55:43.312,0.010600095614790916,0.01750745251774788,267.8571472167969,714.2857055664062,821.9177856445312,821.9177856445312
2026-07-23T15:55:47.815,0.01310261245816946,0.01844334602355957,267.8571472167969,689.6551513671875,845.0704345703125,845.0704345703125
2026-07-23T15:56:30.338,0.011179947294294834,0.017843153327703476,254.23728942871094,689.6551513671875,821.9177856445312,821.9177856445312
2026-07-23T15:56:36.238,0.011342714540660381,0.017629524692893028,272.7272644042969,689.6551513671875,882.3529663085938,882.3529663085938
2026-07-23T15:56:44.274,0.010457675904035568,0.016968291252851486,267.8571472167969,666.6666870117188,0.0,857.1428833007812
2026-07-23T15:56:55.843,0.01112908124923706,0.01759900525212288,270.270263671875,714.2857055664062,530.9734497070312,530.9734497070312
2026-07-23T15:56:57.425,0.012878809124231339,0.019613228738307953,275.2293701171875,701.75439453125,821.9177856445312,821.9177856445312
2026-07-23T15:57:04.929,0.010498365387320518,0.017782114446163177,236.22047424316406,701.75439453125,1276.595703125,1276.595703125
2026-07-23T15:57:06.968,0.012746562249958515,0.01841283030807972,267.8571472167969,677.9661254882812,1276.595703125,0.0
2026-07-23T15:57:56.099,0.010579749941825867,0.017415892332792282,265.4867248535156,689.6551513671875,0.0,0.0
2026-07-23T15:57:58.329,0.01156651321798563,0.017914362251758575,272.7272644042969,689.6551513671875,810.810791015625,0.0
2026-07-23T15:58:03.956,0.01278725452721119,0.019399601966142654,267.8571472167969,701.75439453125,882.3529663085938,0.0
2026-07-23T15:58:11.105,0.011098561808466911,0.017690559849143028,272.7272644042969,655.7377319335938,869.5652465820312,869.5652465820312
2026-07-23T15:58:13.023,0.010579749010503292,0.017731251195073128,252.10084533691406,677.9661254882812,0.0,800.0
2026-07-23T15:58:15.620,0.01112908311188221,0.01735485903918743,247.9338836669922,740.74072265625,1363.6363525390625,1363.6363525390625
2026-07-23T15:58:20.238,0.010834069922566414,0.01848403923213482,270.270263671875,677.9661254882812,857.1428833007812,857.1428833007812
2026-07-23T15:58:44.361,0.01112908124923706,0.01807713322341442,241.93548583984375,677.9661254882812,0.0,1276.595703125
2026-07-23T15:58:47.344,0.011291847564280033,0.01779228448867798,272.7272644042969,666.6666870117188,833.3333129882812,833.3333129882812
2026-07-23T15:58:50.326,0.01116977445781231,0.017253132537007332,260.86956787109375,689.6551513671875,857.1428833007812,857.1428833007812
2026-07-23T15:59:25.048,0.010864585638046265,0.01747693307697773,263.15789794921875,689.6551513671875,800.0,800.0
2026-07-23T15:59:29.434,0.01106804609298706,0.01815851405262947,243.90243530273438,754.7169799804688,1224.48974609375,1224.48974609375
2026-07-23T15:59:33.932,0.011210465803742409,0.01763969287276268,270.270263671875,677.9661254882812,857.1428833007812,857.1428833007812
2026-07-23T15:59:43.076,0.010813725180923939,0.017222611233592033,265.4867248535156,666.6666870117188,810.810791015625,810.810791015625
2026-07-23T15:59:44.960,0.011118908412754536,0.018005916848778725,267.8571472167969,714.2857055664062,923.076904296875,923.076904296875
2026-07-23T15:59:52.005,0.011932737194001675,0.01821955107152462,275.2293701171875,666.6666870117188,857.1428833007812,857.1428833007812
2026-07-23T15:59:53.572,0.010823897086083889,0.017873670905828476,277.77777099609375,714.2857055664062,895.5223999023438,895.5223999023438
2026-07-23T16:50:57.586,0.010748615488409996,0.01737113669514656,247.9338836669922,1298.7012939453125,0.0,823.5294189453125
2026-07-23T16:51:02.185,0.010788296349346638,0.01740165986120701,267.8571472167969,1282.05126953125,897.4359130859375,897.4359130859375
2026-07-23T16:52:12.977,0.010815752670168877,0.01782587729394436,243.90243530273438,1351.351318359375,0.0,0.0
2026-07-23T16:52:14.526,0.010727252811193466,0.017212456092238426,243.90243530273438,1351.351318359375,49.928672790527344,49.928672790527344
2026-07-23T16:56:36.128,0.010889005847275257,0.017749566584825516,247.9338836669922,1587.3016357421875,0.0,1076.923095703125
2026-07-23T16:56:41.746,0.010946979746222496,0.018015101552009583,229.00762939453125,1075.268798828125,886.075927734375,886.075927734375
2026-07-23T16:56:49.279,0.011032436974346638,0.01789606362581253,258.6206970214844,1219.51220703125,886.075927734375,0.0
2026-07-24T14:05:51.243,0.010660112835466862,0.017526783049106598,250.0,701.75439453125,1176.4705810546875,1176.4705810546875
2026-07-24T14:05:52.807,0.011087371967732906,0.017838092520833015,234.375,615.3846435546875,681.8181762695312,681.8181762695312
2026-07-24T14:05:57.177,0.010809656232595444,0.0176641084253788,256.4102478027344,689.6551513671875,740.74072265625,740.74072265625
2026-07-24T14:06:01.720,0.010840172879397869,0.01739555038511753,245.90164184570312,666.6666870117188,722.8915405273438,722.8915405273438
2026-07-24T14:06:03.281,0.010861537419259548,0.01753595471382141,245.90164184570312,666.6666870117188,722.8915405273438,722.8915405273438
2026-07-24T14:08:59.212,0.010605181567370892,0.017355868592858315,267.8571472167969,540.54052734375,582.5242919921875,582.5242919921875
2026-07-24T14:09:02.181,0.010858487337827682,0.017538975924253464,263.15789794921875,512.8204956054688,582.5242919921875,582.5242919921875
2026-07-24T14:09:12.671,0.011139262467622757,0.017984582111239433,220.58824157714844,0.0,550.458740234375,550.458740234375
2026-07-24T14:09:16.130,0.01057465560734272,0.017371146008372307,238.09524536132812,519.4805297851562,560.7476806640625,0.0
2026-07-24T14:09:20.208,0.010818809270858765,0.017551198601722717,241.93548583984375,540.54052734375,588.2352905273438,588.2352905273438
2026-07-24T14:09:53.881,0.01085239090025425,0.017358943819999695,238.09524536132812,493.8271484375,0.0,0.0
2026-07-24T14:09:55.448,0.010873752646148205,0.017523735761642456,241.93548583984375,533.3333129882812,674.1572875976562,674.1572875976562
2026-07-24T14:09:59.834,0.01072725374251604,0.017294831573963165,252.10084533691406,540.54052734375,740.74072265625,740.74072265625
2026-07-24T14:10:17.830,0.010708940215408802,0.017316199839115143,241.93548583984375,547.9451904296875,697.6744384765625,697.6744384765625
2026-07-24T14:10:22.189,0.010971411131322384,0.017163608223199844,265.4867248535156,500.0,631.5789184570312,631.5789184570312
2026-07-24T15:19:08.586,0.010669265873730183,0.01760919950902462,232.55813598632812,1265.82275390625,0.0,921.0526123046875
2026-07-24T15:19:10.322,0.01073946338146925,0.01757562905550003,245.90164184570312,1265.82275390625,921.0526123046875,0.0
2026-07-24T15:19:46.060,0.01066315732896328,0.01764579676091671,263.15789794921875,1408.45068359375,0.0,0.0
2026-07-24T15:19:47.465,0.01055329293012619,0.017368091270327568,254.23728942871094,1408.45068359375,0.0,985.9154663085938
2026-07-24T15:20:08.127,0.010788287967443466,0.017505399882793427,0.0,1369.863037109375,886.075927734375,886.075927734375
2026-07-24T15:20:09.690,0.010721144266426563,0.01743827387690544,260.86956787109375,1369.863037109375,1428.5714111328125,1428.5714111328125
2026-07-24T15:20:19.979,0.010678422637283802,0.017477955669164658,267.8571472167969,1388.888916015625,853.6585083007812,853.6585083007812
2026-07-24T15:20:21.589,0.010736413300037384,0.01725517027080059,250.0,1282.05126953125,853.6585083007812,833.3333129882812
2026-07-24T15:20:50.593,0.010803545825183392,0.017658011987805367,260.86956787109375,1587.3016357421875,921.0526123046875,933.3333129882812
2026-07-24T15:20:52.167,0.010809659026563168,0.01763056591153145,241.93548583984375,1298.7012939453125,933.3333129882812,933.3333129882812
2026-07-24T15:20:57.826,0.010708940215408802,0.017499322071671486,234.375,1369.863037109375,875.0,875.0
2026-07-24T15:20:59.387,0.011023294180631638,0.017679395154118538,263.15789794921875,1369.863037109375,875.0,0.0
2026-07-24T15:21:08.229,0.010748619213700294,0.01764276809990406,250.0,1282.05126953125,804.5977172851562,804.5977172851562
2026-07-24T15:21:11.232,0.01126132719218731,0.018076132982969284,236.22047424316406,1282.05126953125,795.4545288085938,795.4545288085938
2026-07-27T11:40:56.498,0.01115452405065298,0.018012044951319695,265.4867248535156,0.0,0.0,0.0
2026-07-27T11:40:59.626,0.010974463075399399,0.01781367138028145,250.0,1219.51220703125,0.0,0.0
2026-07-27T11:41:03.641,0.010849335230886936,0.017725171521306038,1500.0,1315.7894287109375,707.0706787109375,707.0706787109375
2026-07-27T11:41:06.642,0.010934790596365929,0.01756342500448227,256.4102478027344,1315.7894287109375,707.0706787109375,707.0706787109375
2026-07-27T11:41:14.152,0.010684519074857235,0.017719069495797157,263.15789794921875,1369.863037109375,608.6956787109375,0.0
2026-07-27T11:41:15.777,0.010788297280669212,0.017352847382426262,375.0,1408.45068359375,636.3636474609375,636.3636474609375
2026-07-27T11:41:59.333,0.011160613037645817,0.01804559864103794,250.0,0.0,583.3333129882812,583.3333129882812
2026-07-27T11:42:00.888,0.01131930947303772,0.017554251477122307,260.86956787109375,1162.7906494140625,1186.440673828125,1186.440673828125
2026-07-27T11:42:04.328,0.01067095436155796,0.0172377061098814,0.0,1162.7906494140625,1186.440673828125,1186.440673828125
2026-07-27T11:42:07.314,0.010730309411883354,0.017520681023597717,245.90164184570312,1388.888916015625,1186.440673828125,1186.440673828125
2026-07-27T11:46:05.294,0.010922572575509548,0.017706850543618202,283.01885986328125,1388.888916015625,679.6116333007812,679.6116333007812
2026-07-27T11:46:08.297,0.010901211760938168,0.01775263622403145,272.7272644042969,1388.888916015625,679.6116333007812,679.6116333007812
2026-07-27T11:46:10.336,0.01105685718357563,0.017841145396232605,300.0,1333.3333740234375,679.6116333007812,679.6116333007812
2026-07-27T11:46:17.390,0.01095004752278328,0.017630552873015404,288.4615478515625,1190.4761962890625,642.2018432617188,642.2018432617188
2026-07-27T11:46:19.117,0.011023290455341339,0.01770380698144436,291.26214599609375,1315.7894287109375,642.2018432617188,642.2018432617188
2026-07-27T11:46:23.641,0.010824915952980518,0.01765192672610283,312.5,1470.5882568359375,729.1666870117188,0.0
2026-07-27T11:46:41.967,0.010751667432487011,0.017877761274576187,322.5806579589844,1470.5882568359375,823.5294189453125,0.0
2026-07-27T11:46:47.430,0.011172831989824772,0.017780093476176262,337.0786437988281,1538.4615478515625,1590.9090576171875,1590.9090576171875
2026-07-27T11:46:48.996,0.01077913399785757,0.01758173666894436,297.0296936035156,1612.9031982421875,833.3333129882812,833.3333129882812
2026-07-27T11:46:56.683,0.0108829066157341,0.017902174964547157,333.3333435058594,1851.851806640625,0.0,985.9154663085938
2026-07-27T11:46:58.247,0.01075166929513216,0.017648862674832344,309.2783508300781,1449.275390625,804.5977172851562,804.5977172851562
2026-07-27T11:47:00.003,0.010840176604688168,0.01778010092675686,322.5806579589844,1449.275390625,804.5977172851562,804.5977172851562
2026-07-27T11:47:08.589,0.010998878628015518,0.017587821930646896,319.14892578125,1449.275390625,0.0,833.3333129882812
2026-07-27T12:25:03.476,0.010647909715771675,0.01746576651930809,280.37384033203125,625.0,0.0,1363.6363525390625
2026-07-27T12:25:06.144,0.011185038834810257,0.018073083832859993,277.77777099609375,555.5555419921875,0.0,681.8181762695312
2026-07-27T12:25:36.270,0.011008032597601414,0.017410796135663986,375.0,769.2307739257812,1764.7059326171875,1764.7059326171875
2026-07-27T12:25:39.089,0.010873737744987011,0.017835035920143127,370.370361328125,754.7169799804688,937.5,937.5
2026-07-27T12:25:42.028,0.010806601494550705,0.017487116158008575,326.0869445800781,727.272705078125,923.076904296875,923.076904296875
2026-07-27T12:26:09.149,0.010965296067297459,0.017596978694200516,306.1224365234375,727.272705078125,845.0704345703125,845.0704345703125
2026-07-27T12:26:10.859,0.01076082605868578,0.01761225052177906,265.4867248535156,597.0149536132812,845.0704345703125,0.0
2026-07-27T12:26:13.682,0.010858493857085705,0.017719052731990814,315.7894592285156,597.0149536132812,789.4736938476562,789.4736938476562
2026-07-27T12:26:16.648,0.010596027597784996,0.017484070733189583,294.1176452636719,655.7377319335938,810.810791015625,810.810791015625
2026-07-27T12:26:25.731,0.010925624519586563,0.017777040600776672,306.1224365234375,714.2857055664062,869.5652465820312,869.5652465820312
2026-07-27T12:26:27.312,0.010608234442770481,0.017679395154118538,306.1224365234375,740.74072265625,909.0908813476562,909.0908813476562
2026-07-27T12:30:47.929,0.010718097910284996,0.01767021231353283,306.1224365234375,0.0,0.0,0.0
2026-07-27T12:30:52.540,0.01068147737532854,0.017920462414622307,297.0296936035156,615.3846435546875,800.0,800.0
2026-07-27T12:31:40.389,0.010803550481796265,0.017499316483736038,300.0,1538.4615478515625,0.0,0.0
2026-07-27T12:31:41.954,0.010876797139644623,0.0175115168094635,306.1224365234375,1562.5,0.0,813.9534912109375
2026-07-27T12:31:44.421,0.010773032903671265,0.01735282875597477,297.0296936035156,1538.4615478515625,0.0,833.3333129882812
2026-07-27T12:32:25.823,0.010547196492552757,0.01739555038511753,309.2783508300781,1587.3016357421875,886.075927734375,0.0
2026-07-27T12:32:31.490,0.010504473000764847,0.017407754436135292,288.4615478515625,1515.1514892578125,823.5294189453125,823.5294189453125
2026-07-27T12:33:12.062,0.010766930878162384,0.01743217185139656,288.4615478515625,1612.9031982421875,0.0,897.4359130859375
2026-07-27T12:33:13.633,0.010919522494077682,0.017902148887515068,312.5,1724.137939453125,1666.6666259765625,1666.6666259765625
2026-07-27T12:33:15.216,0.01071199495345354,0.01754203997552395,306.1224365234375,1587.3016357421875,886.075927734375,886.075927734375
2026-07-27T12:33:34.669,0.0107547203078866,0.01767631806433201,291.26214599609375,1639.34423828125,909.0908813476562,909.0908813476562
2026-07-27T12:33:36.282,0.011603133752942085,0.017761768773198128,315.7894592285156,1666.6666259765625,909.0908813476562,0.0
2026-07-27T12:33:39.267,0.010614341124892235,0.017560353502631187,319.14892578125,1470.5882568359375,958.9041137695312,0.0
2026-07-27T12:33:49.790,0.010736413300037384,0.017865529283881187,348.83721923828125,1724.137939453125,945.9459228515625,945.9459228515625
2026-07-27T12:33:51.377,0.01073030848056078,0.017865529283881187,348.83721923828125,1666.6666259765625,897.4359130859375,897.4359130859375
2026-07-27T12:33:54.232,0.01068758126348257,0.01727348193526268,303.0303039550781,1538.4615478515625,875.0,875.0
2026-07-27T12:33:58.771,0.010504474863409996,0.0175725556910038,309.2783508300781,1562.5,875.0,875.0
2026-07-27T12:34:41.443,0.010565508157014847,0.017786186188459396,306.1224365234375,1639.34423828125,921.0526123046875,921.0526123046875
2026-07-27T12:34:42.926,0.010534990578889847,0.01747489534318447,306.1224365234375,1538.4615478515625,0.0,864.197509765625
2026-07-27T12:34:45.066,0.010486159473657608,0.01767021231353283,312.5,1612.9031982421875,864.197509765625,0.0
2026-07-27T12:34:49.452,0.01074861641973257,0.01738944835960865,315.7894592285156,1612.9031982421875,933.3333129882812,897.4359130859375
2026-07-27T12:34:51.022,0.010333568789064884,0.017224643379449844,337.0786437988281,1666.6666259765625,1555.5555419921875,1555.5555419921875
2026-07-27T12:34:53.512,0.010870690457522869,0.01753593608736992,275.2293701171875,1587.3016357421875,909.0908813476562,909.0908813476562
2026-07-27T12:34:59.950,0.011066011153161526,0.01711479015648365,306.1224365234375,1562.5,909.0908813476562,0.0
2026-07-27T12:35:08.712,0.010675369761884212,0.01746879518032074,389.6103820800781,1694.915283203125,0.0,1521.7391357421875
2026-07-27T12:35:11.550,0.010650957934558392,0.01770683191716671,315.7894592285156,1724.137939453125,945.9459228515625,945.9459228515625
2026-07-27T12:35:37.118,0.010614338330924511,0.01748100481927395,306.1224365234375,1639.34423828125,945.9459228515625,0.0
2026-07-27T12:35:40.258,0.011066010221838951,0.01767631806433201,315.7894592285156,1515.1514892578125,0.0,864.197509765625
2026-07-27T12:35:41.981,0.010565508157014847,0.017725151032209396,303.0303039550781,1666.6666259765625,864.197509765625,0.0
2026-07-27T12:35:46.065,0.010992764495313168,0.018250061199069023,303.0303039550781,1369.863037109375,795.4545288085938,795.4545288085938
2026-07-27T12:35:50.929,0.010870691388845444,0.0174504816532135,288.4615478515625,1724.137939453125,795.4545288085938,0.0
2026-07-27T12:35:52.656,0.010486161336302757,0.017273474484682083,340.9090881347656,1754.385986328125,0.0,958.9041137695312
2026-07-27T12:46:31.844,0.01080965157598257,0.01740776002407074,306.1224365234375,666.6666870117188,0.0,857.1428833007812
2026-07-27T12:46:37.984,0.01039460301399231,0.01755424402654171,315.7894592285156,615.3846435546875,857.1428833007812,0.0
2026-07-27T12:46:40.296,0.010638752020895481,0.01752983219921589,285.71429443359375,677.9661254882812,882.3529663085938,882.3529663085938
2026-07-27T12:46:46.628,0.010461744852364063,0.017224648967385292,337.0786437988281,634.920654296875,882.3529663085938,0.0
2026-07-27T12:46:55.400,0.010583820752799511,0.01770073175430298,312.5,701.75439453125,909.0908813476562,909.0908813476562
2026-07-27T12:47:29.284,0.011059907265007496,0.01727958396077156,340.9090881347656,727.272705078125,937.5,937.5
2026-07-27T12:47:30.803,0.011102634482085705,0.017615284770727158,319.14892578125,714.2857055664062,923.076904296875,923.076904296875
2026-07-27T12:47:37.314,0.010327463038265705,0.01713920570909977,348.83721923828125,666.6666870117188,923.076904296875,857.1428833007812
2026-07-27T12:47:39.807,0.010834072716534138,0.01766411028802395,326.0869445800781,677.9661254882812,895.5223999023438,895.5223999023438
2026-07-27T12:47:44.319,0.010791345499455929,0.01757865771651268,280.37384033203125,655.7377319335938,857.1428833007812,857.1428833007812
2026-07-27T12:47:50.441,0.010669270530343056,0.0176335908472538,309.2783508300781,666.6666870117188,857.1428833007812,857.1428833007812
2026-07-27T12:47:53.425,0.011304053477942944,0.01726737804710865,300.0,677.9661254882812,869.5652465820312,869.5652465820312
2026-07-27T12:48:21.973,0.010632648132741451,0.01755424216389656,275.2293701171875,666.6666870117188,0.0,845.0704345703125
2026-07-27T12:48:23.540,0.0107547203078866,0.017627492547035217,309.2783508300781,615.3846435546875,845.0704345703125,833.3333129882812
2026-07-27T12:48:25.096,0.01073030848056078,0.017352823168039322,300.0,645.1613159179688,0.0,857.1428833007812
2026-07-27T12:48:29.372,0.010699783451855183,0.01759697124361992,315.7894592285156,606.0606079101562,759.49365234375,759.49365234375
2026-07-27T12:48:30.862,0.010785243473947048,0.017511524260044098,312.5,677.9661254882812,882.3529663085938,882.3529663085938
2026-07-27T12:48:34.548,0.010504473000764847,0.017389444634318352,300.0,754.7169799804688,952.3809814453125,952.3809814453125
2026-07-27T12:48:36.854,0.010455640964210033,0.017078164964914322,352.941162109375,769.2307739257812,983.6065673828125,983.6065673828125
2026-07-27T12:48:52.554,0.01062654610723257,0.01738334260880947,315.7894592285156,666.6666870117188,0.0,857.1428833007812
2026-07-27T12:48:54.104,0.010626545175909996,0.01731620356440544,291.26214599609375,701.75439453125,0.0,909.0908813476562
2026-07-27T12:48:56.375,0.011328466236591339,0.01833551935851574,365.8536682128906,784.313720703125,857.1428833007812,857.1428833007812
2026-07-27T12:48:58.009,0.010608234442770481,0.01729179173707962,361.4457702636719,677.9661254882812,0.0,923.076904296875
2026-07-27T12:49:02.398,0.010608233511447906,0.01751762069761753,297.0296936035156,677.9661254882812,857.1428833007812,857.1428833007812
2026-07-27T12:49:13.523,0.011432226747274399,0.01778618060052395,319.14892578125,645.1613159179688,0.0,833.3333129882812
2026-07-27T12:49:16.183,0.010730310343205929,0.016974397003650665,322.5806579589844,689.6551513671875,0.0,882.3529663085938
2026-07-27T12:49:17.755,0.011041594669222832,0.018195128068327904,329.6703186035156,634.920654296875,882.3529663085938,895.5223999023438
2026-07-27T12:49:29.486,0.01089510414749384,0.01778007671236992,344.82757568359375,754.7169799804688,909.0908813476562,909.0908813476562
2026-07-27T12:49:31.063,0.010937835089862347,0.017767874523997307,291.26214599609375,784.313720703125,722.8915405273438,722.8915405273438
2026-07-27T12:49:32.624,0.010327469557523727,0.017181919887661934,300.0,714.2857055664062,937.5,937.5
2026-07-27T12:54:32.078,0.0106631675735116,0.0173589326441288,361.4457702636719,701.75439453125,0.0,909.0908813476562
2026-07-27T12:54:33.644,0.0112491175532341,0.017749562859535217,280.37384033203125,727.272705078125,882.3529663085938,882.3529663085938
2026-07-27T12:54:40.481,0.010638751089572906,0.0175725519657135,306.1224365234375,645.1613159179688,882.3529663085938,0.0
2026-07-27T12:54:41.975,0.010349364951252937,0.01761097088456154,0.0,800.0,983.6065673828125,983.6065673828125
2026-07-27T12:54:46.639,0.010516680777072906,0.01751152239739895,306.1224365234375,689.6551513671875,869.5652465820312,869.5652465820312
2026-07-27T12:54:49.617,0.010962246917188168,0.01819513365626335,303.0303039550781,701.75439453125,895.5223999023438,895.5223999023438
2026-07-27T12:54:52.585,0.010968351736664772,0.017810596153140068,370.370361328125,655.7377319335938,909.0908813476562,909.0908813476562
2026-07-27T12:54:54.171,0.010632647201418877,0.01765189692378044,315.7894592285156,666.6666870117188,869.5652465820312,869.5652465820312
2026-07-27T12:55:18.912,0.01026642695069313,0.01739555038511753,319.14892578125,634.920654296875,0.0,845.0704345703125
2026-07-27T12:55:21.591,0.010705891996622086,0.01771904155611992,283.01885986328125,701.75439453125,845.0704345703125,845.0704345703125
2026-07-27T12:55:24.353,0.010596024803817272,0.01727958768606186,303.0303039550781,625.0,845.0704345703125,845.0704345703125
2026-07-27T12:55:27.344,0.010449539870023727,0.01740776002407074,333.3333435058594,714.2857055664062,895.5223999023438,895.5223999023438
2026-07-27T12:55:32.523,0.010541095398366451,0.01743827387690544,370.370361328125,754.7169799804688,895.5223999023438,952.3809814453125
2026-07-27T12:55:34.853,0.010669270530343056,0.01746879518032074,326.0869445800781,701.75439453125,895.5223999023438,895.5223999023438
2026-07-27T12:55:37.862,0.010480058379471302,0.016907259821891785,300.0,701.75439453125,895.5223999023438,895.5223999023438
2026-07-27T12:56:00.469,0.010559404268860817,0.017285682260990143,291.26214599609375,701.75439453125,882.3529663085938,882.3529663085938
2026-07-27T12:56:02.044,0.010589923709630966,0.017175817862153053,326.0869445800781,714.2857055664062,882.3529663085938,882.3529663085938
2026-07-27T12:56:05.017,0.010962247848510742,0.018085265532135963,352.941162109375,740.74072265625,937.5,937.5
2026-07-27T12:56:08.155,0.01058992464095354,0.01723075471818447,297.0296936035156,727.272705078125,923.076904296875,923.076904296875
2026-07-27T12:56:10.980,0.010766926221549511,0.017529835924506187,303.0303039550781,645.1613159179688,909.0908813476562,909.0908813476562
2026-07-27T12:56:15.532,0.010968349874019623,0.017871633172035217,326.0869445800781,655.7377319335938,895.5223999023438,895.5223999023438
2026-07-27T12:56:17.109,0.010473952628672123,0.01755424588918686,315.7894592285156,677.9661254882812,882.3529663085938,882.3529663085938
2026-07-27T13:02:12.261,0.011035493575036526,0.01779838837683201,277.77777099609375,1724.137939453125,1129.0322265625,1129.0322265625
2026-07-27T13:02:13.826,0.011334573850035667,0.01820123754441738,294.1176452636719,1724.137939453125,1129.0322265625,1129.0322265625
2026-07-27T13:02:24.137,0.0106021324172616,0.017529835924506187,300.0,1694.915283203125,1060.6060791015625,1060.6060791015625
2026-07-27T13:02:25.639,0.01109653152525425,0.017072059214115143,333.3333435058594,1818.1817626953125,1111.111083984375,1111.111083984375
2026-07-27T13:02:33.668,0.010559405200183392,0.017328409478068352,297.0296936035156,1754.385986328125,0.0,1076.923095703125
2026-07-27T13:02:36.158,0.010522782802581787,0.016992708668112755,326.0869445800781,1818.1817626953125,1111.111083984375,1111.111083984375
2026-07-27T13:02:37.663,0.01077303383499384,0.01731010526418686,337.0786437988281,1612.9031982421875,972.2222290039062,972.2222290039062
2026-07-27T13:02:58.662,0.011249121278524399,0.01772514544427395,303.0303039550781,1754.385986328125,972.2222290039062,0.0
2026-07-27T13:03:00.600,0.011066007427871227,0.01751762256026268,300.0,1785.7142333984375,0.0,1029.4117431640625
2026-07-27T13:03:04.810,0.011023283936083317,0.01736503653228283,348.83721923828125,1923.076904296875,1166.6666259765625,1166.6666259765625
2026-07-27T13:03:10.761,0.010406813584268093,0.017731251195073128,319.14892578125,1694.915283203125,1076.923095703125,1076.923095703125
2026-07-27T13:03:13.707,0.011438339948654175,0.017865529283881187,312.5,1923.076904296875,1129.0322265625,1129.0322265625
2026-07-27T13:03:15.631,0.01119418814778328,0.017658013850450516,322.5806579589844,1785.7142333984375,1129.0322265625,1129.0322265625
2026-07-27T13:03:18.466,0.010736413300037384,0.01739555597305298,326.0869445800781,1694.915283203125,1129.0322265625,0.0
2026-07-27T13:03:41.026,0.010711990296840668,0.01744437776505947,329.6703186035156,1960.7843017578125,0.0,1060.6060791015625
2026-07-27T13:03:44.337,0.010711993090808392,0.01739555411040783,291.26214599609375,1724.137939453125,1060.6060791015625,1093.75
2026-07-27T13:03:45.899,0.011389506049454212,0.017938781529664993,322.5806579589844,1851.851806640625,1147.541015625,1147.541015625
2026-07-27T13:03:48.735,0.010968349874019623,0.018610183149576187,319.14892578125,1785.7142333984375,1147.541015625,1060.6060791015625
2026-07-27T13:03:54.562,0.010620440356433392,0.01738944835960865,294.1176452636719,1754.385986328125,1093.75,1093.75
2026-07-27T13:03:56.598,0.010303046554327011,0.017664112150669098,312.5,1562.5,1093.75,1076.923095703125
2026-07-27T13:04:01.151,0.010449539870023727,0.017053745687007904,300.0,1785.7142333984375,0.0,1093.75
2026-07-27T13:04:31.056,0.010534992441534996,0.017383351922035217,319.14892578125,1612.9031982421875,1093.75,0.0
2026-07-27T13:04:32.625,0.010986663401126862,0.017767883837223053,280.37384033203125,1666.6666259765625,1060.6060791015625,1060.6060791015625
2026-07-27T13:04:34.188,0.01115756668150425,0.017841117456555367,333.3333435058594,1886.79248046875,1166.6666259765625,1166.6666259765625
2026-07-27T13:04:48.617,0.01043732836842537,0.017047641798853874,329.6703186035156,1886.79248046875,1428.5714111328125,1428.5714111328125
2026-07-27T13:04:50.183,0.010522780008614063,0.01729178987443447,303.0303039550781,1694.915283203125,1111.111083984375,1111.111083984375
2026-07-27T13:04:57.540,0.011108734644949436,0.01710868626832962,340.9090881347656,1724.137939453125,1029.4117431640625,1029.4117431640625
2026-07-27T13:04:59.027,0.010907314717769623,0.01746879331767559,357.1428527832031,2040.8162841796875,1206.8966064453125,1206.8966064453125
2026-07-27T13:05:19.158,0.010431226342916489,0.017242953181266785,306.1224365234375,1724.137939453125,0.0,1093.75
2026-07-27T13:05:20.705,0.01059602852910757,0.0175420343875885,326.0869445800781,1754.385986328125,0.0,1029.4117431640625
2026-07-27T13:05:27.586,0.010815758258104324,0.01734062470495701,326.0869445800781,1785.7142333984375,1060.6060791015625,1060.6060791015625
2026-07-27T13:05:29.327,0.010425125248730183,0.01718803122639656,361.4457702636719,1754.385986328125,1129.0322265625,1129.0322265625
2026-07-27T13:05:38.078,0.011310160160064697,0.017651906237006187,315.7894592285156,2040.8162841796875,1014.4927368164062,1014.4927368164062
2026-07-27T13:05:45.981,0.010211494751274586,0.01736503839492798,303.0303039550781,1785.7142333984375,1014.4927368164062,1093.75
2026-07-27T13:05:48.586,0.010718102566897869,0.01740165799856186,344.82757568359375,1818.1817626953125,1111.111083984375,1111.111083984375
2026-07-31T11:51:20.810,0.010473953559994698,0.01765800453722477,263.15789794921875,1666.6666259765625,923.076904296875,0.0
2026-07-31T11:53:28.293,0.010425124317407608,0.017023229971528053,258.6206970214844,1265.82275390625,760.8695678710938,760.8695678710938
2026-07-31T11:53:32.617,0.010376292280852795,0.01753593236207962,267.8571472167969,1265.82275390625,897.4359130859375,897.4359130859375
2026-07-31T11:53:35.801,0.010608237236738205,0.01741996966302395,247.9338836669922,1265.82275390625,897.4359130859375,897.4359130859375
2026-07-31T11:53:39.082,0.010498369112610817,0.01697440631687641,272.7272644042969,1492.537353515625,897.4359130859375,897.4359130859375
2026-07-31T11:53:41.730,0.010492264293134212,0.017529835924506187,270.270263671875,1515.1514892578125,0.0,886.075927734375
2026-07-31T11:53:44.634,0.010229803621768951,0.01701713167130947,280.37384033203125,1492.537353515625,958.9041137695312,958.9041137695312
2026-07-31T11:54:01.130,0.011102632619440556,0.01761528104543686,294.1176452636719,1754.385986328125,933.3333129882812,933.3333129882812
2026-07-31T11:54:10.700,0.010626542381942272,0.01723686046898365,267.8571472167969,1754.385986328125,933.3333129882812,1029.4117431640625
2026-07-31T11:54:26.776,0.010461744852364063,0.01723076030611992,1500.0,1428.5714111328125,843.3734741210938,843.3734741210938
2026-07-31T11:54:34.279,0.011004975065588951,0.01735893078148365,277.77777099609375,1666.6666259765625,985.9154663085938,985.9154663085938
2026-07-31T11:54:41.960,0.010797446593642235,0.017786189913749695,245.90164184570312,0.0,985.9154663085938,985.9154663085938
2026-07-31T11:54:47.758,0.010382396169006824,0.01722465083003044,267.8571472167969,1538.4615478515625,933.3333129882812,0.0
2026-07-31T11:54:56.644,0.01156651135534048,0.017835019156336784,280.37384033203125,1587.3016357421875,0.0,1000.0
2026-07-31T11:55:04.140,0.010357985273003578,0.017285682260990143,285.71429443359375,1515.1514892578125,909.0908813476562,909.0908813476562
2026-07-31T11:55:10.277,0.010376296937465668,0.01744437962770462,297.0296936035156,1449.275390625,933.3333129882812,933.3333129882812
2026-07-31T11:55:14.803,0.01030915230512619,0.01725517027080059,267.8571472167969,1612.9031982421875,958.9041137695312,958.9041137695312
2026-07-31T11:56:38.722,0.010388502851128578,0.01741996966302395,280.37384033203125,1587.3016357421875,0.0,921.0526123046875
2026-07-31T11:56:41.840,0.010522780008614063,0.01706595905125141,277.77777099609375,2040.8162841796875,0.0,853.6585083007812
2026-07-31T11:56:44.626,0.010626542381942272,0.01716361567378044,270.270263671875,2222.22216796875,843.3734741210938,843.3734741210938
2026-07-31T11:56:46.384,0.010522782802581787,0.017682421952486038,256.4102478027344,2325.581298828125,0.0,921.0526123046875
2026-07-31T11:56:50.746,0.010419019497931004,0.01717582531273365,291.26214599609375,1724.137939453125,1000.0,1000.0
2026-07-31T11:56:52.318,0.010412917472422123,0.01716361567378044,270.270263671875,1724.137939453125,985.9154663085938,985.9154663085938
2026-07-31T11:56:53.750,0.010455641895532608,0.017041541635990143,270.270263671875,2325.581298828125,985.9154663085938,0.0
2026-07-31T11:57:12.339,0.011340678669512272,0.01750541478395462,300.0,2127.65966796875,921.0526123046875,0.0
2026-07-31T11:57:16.246,0.010571607388556004,0.01710258051753044,270.270263671875,1724.137939453125,972.2222290039062,972.2222290039062
2026-07-31T11:57:19.237,0.010327469557523727,0.016901157796382904,294.1176452636719,1587.3016357421875,958.9041137695312,958.9041137695312
2026-07-31T11:57:22.216,0.010602130554616451,0.017181919887661934,275.2293701171875,2173.9130859375,909.0908813476562,909.0908813476562
2026-07-31T11:57:25.121,0.010718099772930145,0.017743458971381187,283.01885986328125,2325.581298828125,886.075927734375,886.075927734375
2026-07-31T11:57:27.054,0.010950038209557533,0.017609186470508575,277.77777099609375,1612.9031982421875,886.075927734375,0.0
2026-07-31T11:57:43.137,0.010461744852364063,0.01742606796324253,283.01885986328125,1666.6666259765625,897.4359130859375,897.4359130859375
2026-07-31T11:57:50.740,0.010455640964210033,0.01721244305372238,280.37384033203125,2325.581298828125,886.075927734375,886.075927734375
2026-07-31T11:57:53.735,0.011188081465661526,0.018189039081335068,275.2293701171875,2173.9130859375,909.0908813476562,909.0908813476562
2026-07-31T11:57:55.306,0.010419019497931004,0.01735283061861992,280.37384033203125,1639.34423828125,972.2222290039062,972.2222290039062
2026-07-31T11:57:57.345,0.010577714070677757,0.01755424588918686,270.270263671875,1724.137939453125,0.0,1014.4927368164062
2026-07-31T11:57:59.633,0.010742515325546265,0.017658011987805367,294.1176452636719,2083.333251953125,843.3734741210938,843.3734741210938
2026-07-31T11:58:13.621,0.010565510019659996,0.01711479015648365,288.4615478515625,1538.4615478515625,843.3734741210938,897.4359130859375
2026-07-31T11:58:23.775,0.011407814919948578,0.018018126487731934,297.0296936035156,1538.4615478515625,1555.5555419921875,1555.5555419921875
2026-07-31T11:58:25.490,0.010443435050547123,0.01756034605205059,260.86956787109375,1639.34423828125,0.0,945.9459228515625
2026-07-31T11:58:28.133,0.010974457487463951,0.018256166949868202,277.77777099609375,1538.4615478515625,945.9459228515625,945.9459228515625
2026-07-31T11:58:29.866,0.010675374418497086,0.017804499715566635,288.4615478515625,1612.9031982421875,945.9459228515625,0.0
2026-07-31T11:58:31.445,0.010711997747421265,0.01774345524609089,277.77777099609375,2439.0244140625,909.0908813476562,909.0908813476562
2026-07-31T11:58:46.771,0.010400707833468914,0.01716361753642559,277.77777099609375,2439.0244140625,0.0,945.9459228515625
2026-07-31T11:58:52.410,0.010254221968352795,0.01754814386367798,283.01885986328125,1562.5,945.9459228515625,0.0
2026-07-31T11:58:58.128,0.01058992464095354,0.01727347820997238,280.37384033203125,1666.6666259765625,985.9154663085938,985.9154663085938
2026-07-31T11:59:04.296,0.011096528731286526,0.01839655451476574,275.2293701171875,1724.137939453125,1000.0,1000.0
2026-07-31T11:59:08.985,0.010681474581360817,0.01732231304049492,291.26214599609375,2173.9130859375,1000.0,0.0
2026-07-31T11:59:13.158,0.010547200217843056,0.017108676955103874,283.01885986328125,1612.9031982421875,921.0526123046875,921.0526123046875
2026-07-31T11:59:29.802,0.010596023872494698,0.017352823168039322,288.4615478515625,1587.3016357421875,909.0908813476562,909.0908813476562
2026-07-31T11:59:31.356,0.011493268422782421,0.018274478614330292,275.2293701171875,1694.915283203125,1000.0,1000.0
2026-07-31T11:59:32.928,0.01071199681609869,0.01747489720582962,294.1176452636719,1754.385986328125,1014.4927368164062,1014.4927368164062
2026-07-31T11:59:34.482,0.01049836352467537,0.017126988619565964,277.77777099609375,1538.4615478515625,921.0526123046875,921.0526123046875
2026-07-31T11:59:36.041,0.010840174742043018,0.017358927056193352,260.86956787109375,2325.581298828125,0.0,897.4359130859375
2026-07-31T11:59:37.792,0.011188086122274399,0.017975401133298874,294.1176452636719,1694.915283203125,897.4359130859375,0.0
2026-07-31T15:06:17.553,0.011029389686882496,0.01711479015648365,204.08163452148438,1923.076904296875,1842.105224609375,1842.105224609375
2026-07-31T15:06:25.071,0.010046690702438354,0.01700492389500141,208.3333282470703,1886.79248046875,1044.776123046875,1044.776123046875
2026-07-31T15:06:26.626,0.01031525619328022,0.01732841692864895,202.70269775390625,1960.7843017578125,1093.75,1093.75
2026-07-31T15:06:29.390,0.00998565275222063,0.01715751364827156,196.07843017578125,1818.1817626953125,1029.4117431640625,1029.4117431640625
2026-07-31T15:06:31.355,0.010187081061303616,0.017041539773344994,193.5483856201172,1960.7843017578125,1060.6060791015625,1060.6060791015625
2026-07-31T15:06:34.023,0.010126044973731041,0.017511524260044098,202.70269775390625,1960.7843017578125,1060.6060791015625,1060.6060791015625
2026-07-31T15:10:08.746,0.00991241354495287,0.01723686046898365,206.89654541015625,754.7169799804688,0.0,895.5223999023438
2026-07-31T15:10:14.706,0.009930720552802086,0.01716972142457962,197.36842346191406,769.2307739257812,937.5,937.5
2026-07-31T15:10:22.067,0.010376295074820518,0.016931677237153053,209.7902069091797,754.7169799804688,923.076904296875,923.076904296875
2026-07-31T15:10:23.930,0.01021149754524231,0.01716971956193447,208.3333282470703,784.313720703125,1714.2857666015625,1714.2857666015625
2026-07-31T15:10:26.394,0.010132146067917347,0.017163610085844994,194.80519104003906,655.7377319335938,0.0,821.9177856445312
2026-07-31T15:10:29.397,0.010034484788775444,0.01709647849202156,186.3354034423828,727.272705078125,909.0908813476562,909.0908813476562
2026-07-31T15:11:04.285,0.010034484788775444,0.01765800639986992,186.3354034423828,727.272705078125,909.0908813476562,909.0908813476562
2026-07-31T15:11:05.856,0.01019928976893425,0.01765800639986992,186.3354034423828,727.272705078125,909.0908813476562,909.0908813476562
2026-07-31T15:11:11.486,0.010650958865880966,0.01743827946484089,48.939640045166016,727.272705078125,909.0908813476562,909.0908813476562
2026-07-31T15:11:44.518,0.010522785596549511,0.01718803308904171,303.0303039550781,740.74072265625,769.2307739257812,769.2307739257812
2026-07-31T15:11:48.119,0.010046690702438354,0.01723686046898365,275.862060546875,869.5652465820312,1818.1817626953125,1818.1817626953125
2026-07-31T15:11:54.078,0.010199286974966526,0.017084265127778053,259.7402648925781,816.3265380859375,1000.0,1000.0
2026-07-31T15:11:58.613,0.010205392725765705,0.01725516840815544,272.1088562011719,714.2857055664062,882.3529663085938,882.3529663085938
2026-07-31T15:14:24.534,0.0099795488640666,0.01726737804710865,197.36842346191406,1886.79248046875,0.0,1000.0
2026-07-31T15:14:28.907,0.010162667371332645,0.01756034791469574,225.56390380859375,2000.0,2000.0,2000.0
2026-07-31T15:14:30.925,0.01076692808419466,0.01721244864165783,206.89654541015625,1851.851806640625,0.0,1014.4927368164062
2026-07-31T15:14:34.843,0.01022980734705925,0.016876740381121635,211.26760864257812,1960.7843017578125,1076.923095703125,1076.923095703125
2026-07-31T15:14:36.555,0.010174867697060108,0.017676319926977158,196.07843017578125,1960.7843017578125,1060.6060791015625,1060.6060791015625
2026-07-31T15:14:38.121,0.009985656477510929,0.017011024057865143,192.3076934814453,1785.7142333984375,1060.6060791015625,1029.4117431640625
2026-07-31T15:17:24.547,0.010364086367189884,0.0171453058719635,200.0,740.74072265625,0.0,923.076904296875
2026-07-31T15:17:32.524,0.0102298054844141,0.017194131389260292,214.2857208251953,769.2307739257812,0.0,952.3809814453125
2026-07-31T15:17:39.355,0.010449536144733429,0.017505422234535217,201.34228515625,769.2307739257812,967.741943359375,967.741943359375
2026-07-31T15:17:41.101,0.010364084504544735,0.01714530773460865,211.26760864257812,740.74072265625,923.076904296875,923.076904296875
2026-07-31T15:17:45.488,0.010467852465808392,0.01720023714005947,194.80519104003906,800.0,952.3809814453125,952.3809814453125
2026-07-31T15:17:47.199,0.010406812652945518,0.01738944835960865,208.3333282470703,754.7169799804688,1818.1817626953125,1818.1817626953125
2026-07-31T15:19:19.383,0.009887994267046452,0.017023228108882904,202.70269775390625,1886.79248046875,1029.4117431640625,1029.4117431640625
2026-07-31T15:19:26.896,0.010242012329399586,0.01742607168853283,209.7902069091797,1886.79248046875,1944.4444580078125,1944.4444580078125
2026-07-31T15:19:28.460,0.010382399894297123,0.016980500891804695,215.82733154296875,1851.851806640625,1029.4117431640625,1029.4117431640625
2026-07-31T15:20:06.654,0.010187080129981041,0.016949985176324844,209.7902069091797,1851.851806640625,1044.776123046875,1044.776123046875
2026-07-31T15:20:10.090,0.010309151373803616,0.01726127788424492,227.27272033691406,1960.7843017578125,0.0,2000.0
2026-07-31T15:20:15.534,0.010223698802292347,0.017133092507719994,189.8734130859375,1785.7142333984375,945.9459228515625,945.9459228515625
2026-07-31T15:20:19.160,0.010205395519733429,0.017035439610481262,227.27272033691406,1851.851806640625,945.9459228515625,1029.4117431640625
2026-07-31T15:20:33.549,0.01023590937256813,0.016876740381121635,200.0,1960.7843017578125,1060.6060791015625,1060.6060791015625
2026-07-31T15:20:36.552,0.010095524601638317,0.01716972328722477,191.0828094482422,1666.6666259765625,1750.0,1750.0
2026-07-31T15:29:27.310,0.010101625695824623,0.0174504853785038,208.3333282470703,1923.076904296875,1794.871826171875,1794.871826171875
2026-07-31T15:29:34.511,0.010034482926130295,0.017816707491874695,202.70269775390625,1886.79248046875,1000.0,1000.0
2026-07-31T15:30:02.916,0.010217597708106041,0.017218545079231262,202.70269775390625,2000.0,1076.923095703125,1076.923095703125
2026-07-31T15:30:42.109,0.010235904715955257,0.01728568598628044,217.3913116455078,2000.0,1076.923095703125,1076.923095703125
2026-07-31T15:30:46.475,0.01001006830483675,0.016913361847400665,218.9781036376953,1886.79248046875,1000.0,1000.0
2026-07-31T15:31:09.188,0.010095519945025444,0.017218543216586113,218.9781036376953,1886.79248046875,1060.6060791015625,1060.6060791015625
2026-07-31T15:31:13.498,0.010156562551856041,0.01718802936375141,211.26760864257812,1960.7843017578125,2058.823486328125,2058.823486328125
2026-07-31T15:35:22.767,0.010159607976675034,0.016946913674473763,220.58824157714844,9347.826171875,0.0,985.9154663085938
2026-07-31T15:35:36.236,0.01019927766174078,0.017303993925452232,223.88059997558594,4387.7548828125,0.0,0.0
2026-07-31T15:43:37.918,0.010248116217553616,0.01712089218199253,217.3913116455078,1886.79248046875,1060.6060791015625,1060.6060791015625
2026-07-31T15:44:18.920,0.00998565461486578,0.016840113326907158,305.343505859375,3333.333251953125,1060.6060791015625,1060.6060791015625
2026-07-31T15:44:25.716,0.010010069236159325,0.016840120777487755,289.8550720214844,1851.851806640625,1060.6060791015625,985.9154663085938
2026-07-31T15:44:31.883,0.01005889754742384,0.017065957188606262,300.75189208984375,1923.076904296875,1891.891845703125,1891.891845703125
2026-07-31T15:44:37.851,0.010327465832233429,0.016852328553795815,300.75189208984375,1818.1817626953125,1891.891845703125,0.0
2026-07-31T15:44:40.727,0.010327463038265705,0.01732841320335865,294.1176452636719,2000.0,1129.0322265625,1129.0322265625
2026-07-31T15:45:13.371,0.010565508157014847,0.018054751679301262,294.1176452636719,1886.79248046875,1076.923095703125,1076.923095703125
2026-07-31T15:45:16.196,0.010187081061303616,0.01747490093111992,294.1176452636719,1960.7843017578125,1076.923095703125,1076.923095703125
2026-07-31T15:45:22.045,0.010278630070388317,0.017041541635990143,300.75189208984375,2000.0,1891.891845703125,1891.891845703125
2026-07-31T15:45:28.064,0.010296943597495556,0.016858432441949844,298.5074768066406,1886.79248046875,1076.923095703125,1076.923095703125
2026-07-31T15:45:32.933,0.010022275149822235,0.016925573348999023,289.8550720214844,1694.915283203125,1076.923095703125,0.0
2026-07-31T15:45:35.566,0.01003448385745287,0.016919471323490143,291.9707946777344,1851.851806640625,1044.776123046875,1044.776123046875
2026-07-31T15:46:01.914,0.010071107186377048,0.01722465455532074,300.75189208984375,1785.7142333984375,1044.776123046875,1014.4927368164062
2026-07-31T15:46:06.458,0.010223704390227795,0.01710258424282074,294.1176452636719,1886.79248046875,1029.4117431640625,1029.4117431640625
2026-07-31T15:46:11.139,0.010138248093426228,0.01748100109398365,303.0303039550781,2040.8162841796875,1129.0322265625,1129.0322265625
2026-07-31T15:46:18.815,0.010242012329399586,0.01718192733824253,298.5074768066406,2000.0,1129.0322265625,1060.6060791015625
2026-07-31T15:46:21.766,0.009845271706581116,0.016974400728940964,289.8550720214844,2000.0,1076.923095703125,1076.923095703125
2026-07-31T15:46:24.336,0.010443436913192272,0.01745659112930298,294.1176452636719,1851.851806640625,1014.4927368164062,1014.4927368164062
2026-07-31T15:48:31.327,0.01016266830265522,0.01714530773460865,305.343505859375,1851.851806640625,1000.0,1000.0
2026-07-31T15:48:37.278,0.010327466763556004,0.016992708668112755,291.9707946777344,1785.7142333984375,1000.0,1000.0
2026-07-31T15:48:50.663,0.010089418850839138,0.017267374321818352,296.2962951660156,1960.7843017578125,1060.6060791015625,1060.6060791015625
2026-07-31T15:48:53.658,0.01005889754742384,0.01746879145503044,289.8550720214844,1851.851806640625,958.9041137695312,958.9041137695312
2026-07-31T15:48:58.399,0.009985651820898056,0.01716972328722477,294.1176452636719,1960.7843017578125,1029.4117431640625,1029.4117431640625
2026-07-31T15:49:16.250,0.010156563483178616,0.017285684123635292,298.5074768066406,1754.385986328125,972.2222290039062,972.2222290039062
2026-07-31T15:49:22.332,0.010113835334777832,0.017572559416294098,291.9707946777344,1754.385986328125,972.2222290039062,972.2222290039062
2026-07-31T15:49:50.843,0.010119939222931862,0.01715751364827156,223.88059997558594,2000.0,1060.6060791015625,1060.6060791015625
2026-07-31T15:49:58.349,0.010058900341391563,0.017023231834173203,218.9781036376953,2000.0,945.9459228515625,945.9459228515625
2026-07-31T15:50:04.438,0.010126043111085892,0.01737724058330059,220.58824157714844,2040.8162841796875,1093.75,1093.75
2026-07-31T15:50:13.365,0.010327461175620556,0.01740775629878044,227.27272033691406,2083.333251953125,2000.0,2000.0
2026-07-31T15:51:20.850,0.010022277943789959,0.017053745687007904,227.27272033691406,1785.7142333984375,985.9154663085938,985.9154663085938
2026-07-31T15:51:31.490,0.010260322131216526,0.01722465083003044,222.22222900390625,1886.79248046875,1076.923095703125,1076.923095703125
2026-07-31T15:51:38.849,0.010162659920752048,0.016895053908228874,222.22222900390625,2083.333251953125,1076.923095703125,1076.923095703125
2026-07-31T15:51:44.749,0.010193183086812496,0.01727958396077156,217.3913116455078,1754.385986328125,1076.923095703125,0.0
2026-07-31T15:51:52.244,0.009936824440956116,0.016943879425525665,225.56390380859375,1923.076904296875,1093.75,1093.75
2026-07-31T15:51:53.847,0.010602127760648727,0.01724906824529171,222.22222900390625,1886.79248046875,1044.776123046875,1044.776123046875
2026-07-31T15:53:29.886,0.010193178430199623,0.016962198540568352,225.56390380859375,2000.0,1093.75,1093.75
2026-07-31T15:53:36.288,0.00997344870120287,0.01722465269267559,215.82733154296875,1818.1817626953125,0.0,985.9154663085938
2026-07-31T15:53:39.080,0.010034487582743168,0.01746879518032074,225.56390380859375,1886.79248046875,985.9154663085938,0.0
2026-07-31T15:53:43.266,0.010077213868498802,0.016797397285699844,223.88059997558594,1886.79248046875,1842.105224609375,1842.105224609375
2026-07-31T15:53:44.902,0.010095525532960892,0.017474902793765068,212.76596069335938,1923.076904296875,1111.111083984375,1111.111083984375
2026-07-31T15:53:46.624,0.01030915230512619,0.01767021231353283,212.76596069335938,1785.7142333984375,0.0,1014.4927368164062
2026-07-31T15:54:16.950,0.010046694427728653,0.01718803122639656,223.88059997558594,1785.7142333984375,1014.4927368164062,1014.4927368164062
2026-07-31T15:54:22.577,0.010229801759123802,0.017200229689478874,230.76922607421875,1960.7843017578125,1014.4927368164062,1111.111083984375
2026-07-31T15:54:29.749,0.010211493819952011,0.01715751551091671,222.22222900390625,1923.076904296875,1029.4117431640625,1029.4117431640625
2026-07-31T15:54:34.245,0.010882898233830929,0.01716361753642559,222.22222900390625,1923.076904296875,1029.4117431640625,1093.75
2026-07-31T15:54:40.732,0.010174871422350407,0.017188027501106262,227.27272033691406,1886.79248046875,1044.776123046875,1044.776123046875
2026-07-31T15:55:01.373,0.010473953559994698,0.01708427257835865,303.0303039550781,1754.385986328125,1014.4927368164062,1014.4927368164062
2026-07-31T15:55:07.622,0.010010071098804474,0.016980499029159546,291.9707946777344,1960.7843017578125,0.0,1060.6060791015625
2026-07-31T15:55:13.890,0.011084320954978466,0.017828913405537605,307.69232177734375,1587.3016357421875,1060.6060791015625,0.0
2026-07-31T15:55:19.364,0.010089416056871414,0.017200235277414322,312.5,1960.7843017578125,1093.75,1093.75
2026-07-31T15:55:20.922,0.010052795521914959,0.01707816869020462,305.343505859375,1960.7843017578125,1093.75,1093.75
2026-07-31T15:55:23.892,0.010144352912902832,0.01748710870742798,307.69232177734375,2564.1025390625,1093.75,1093.75
2026-07-31T15:56:13.674,0.009961241856217384,0.017108682543039322,296.2962951660156,2564.1025390625,1093.75,1093.75
2026-07-31T15:57:46.485,0.01000396627932787,0.017090367153286934,303.0303039550781,1886.79248046875,0.0,1076.923095703125
2026-07-31T15:57:52.422,0.010272529907524586,0.01736503466963768,305.343505859375,1960.7843017578125,0.0,1060.6060791015625
2026-07-31T16:54:32.108,0.010305864736437798,0.01723121851682663,217.3913116455078,1818.1817626953125,1029.4117431640625,1029.4117431640625
2026-07-31T16:54:33.540,0.010561793111264706,0.018083717674016953,234.375,1923.076904296875,1076.923095703125,1076.923095703125
2026-07-31T16:54:38.081,0.010243266820907593,0.016730407252907753,652.1738891601562,1960.7843017578125,1044.776123046875,1044.776123046875
2026-07-31T16:54:41.365,0.010391943156719208,0.017622482031583786,236.22047424316406,1851.851806640625,0.0,958.9041137695312
2026-07-31T16:54:43.961,0.010256609879434109,0.01719808392226696,225.56390380859375,1694.915283203125,945.9459228515625,945.9459228515625
2026-07-31T16:54:46.034,0.010955365374684334,0.017168624326586723,220.58824157714844,1724.137939453125,945.9459228515625,0.0
2026-07-31T17:06:57.594,0.010382399894297123,0.016974404454231262,289.8550720214844,1923.076904296875,1129.0322265625,1129.0322265625
2026-07-31T17:07:01.333,0.010278637520968914,0.01768241822719574,294.1176452636719,1388.888916015625,0.0,985.9154663085938
2026-07-31T17:07:06.760,0.010180977173149586,0.01756034977734089,300.75189208984375,1960.7843017578125,1060.6060791015625,1060.6060791015625
2026-07-31T17:07:09.599,0.009973447769880295,0.017035435885190964,298.5074768066406,2083.333251953125,2058.823486328125,2058.823486328125
2026-07-31T17:07:11.852,0.010931727476418018,0.01740165613591671,296.2962951660156,1923.076904296875,1044.776123046875,1044.776123046875
2026-07-31T17:07:14.259,0.010522783733904362,0.017731253057718277,285.71429443359375,1785.7142333984375,1000.0,1000.0
2026-07-31T17:07:59.167,0.010101628489792347,0.016870638355612755,283.6879577636719,1923.076904296875,1060.6060791015625,1060.6060791015625
2026-07-31T17:08:01.719,0.010315257124602795,0.01724296249449253,833.3333129882812,1960.7843017578125,1372.549072265625,1372.549072265625
2026-07-31T17:08:05.323,0.010351878590881824,0.016937781125307083,298.5074768066406,1724.137939453125,752.6881713867188,752.6881713867188
2026-07-31T17:08:08.161,0.010113832540810108,0.016809601336717606,298.5074768066406,1886.79248046875,1228.0701904296875,1228.0701904296875
2026-07-31T17:08:08.929,0.01034577377140522,0.017670221626758575,298.5074768066406,1886.79248046875,0.0,707.0706787109375
2026-07-31T17:08:12.059,0.010174867697060108,0.017017127946019173,289.8550720214844,2000.0,1296.2962646484375,1296.2962646484375
2026-07-31T17:08:25.521,0.010022277943789959,0.01763358898460865,285.71429443359375,1923.076904296875,985.9154663085938,985.9154663085938
2026-07-31T17:08:28.426,0.009881893172860146,0.016974404454231262,0.0,1754.385986328125,777.7777709960938,777.7777709960938
2026-07-31T17:08:29.129,0.01035798154771328,0.01731010526418686,300.75189208984375,1724.137939453125,1076.923095703125,1076.923095703125
2026-07-31T17:08:32.198,0.010132149793207645,0.01728568784892559,283.6879577636719,1923.076904296875,1076.923095703125,1076.923095703125
2026-07-31T17:08:34.608,0.010199281387031078,0.01743827760219574,287.769775390625,1818.1817626953125,1228.0701904296875,1228.0701904296875
2026-07-31T17:08:37.447,0.010840174742043018,0.01744437962770462,754.7169799804688,1818.1817626953125,1206.8966064453125,1206.8966064453125
2026-07-31T17:08:56.405,0.010296949185431004,0.01732231117784977,294.1176452636719,1960.7843017578125,1372.549072265625,1372.549072265625
2026-07-31T17:08:59.198,0.01033966988325119,0.01738334447145462,869.5652465820312,1923.076904296875,1272.727294921875,1272.727294921875
2026-07-31T17:09:01.556,0.010113831609487534,0.01767631806433201,294.1176452636719,1923.076904296875,886.075927734375,886.075927734375
2026-07-31T17:09:04.456,0.009967342019081116,0.016998816281557083,312.5,2127.65966796875,886.075927734375,886.075927734375
2026-07-31T17:09:06.867,0.010168764740228653,0.01704765111207962,0.0,1818.1817626953125,886.075927734375,886.075927734375
2026-07-31T17:09:08.607,0.009997863322496414,0.017267370596528053,289.8550720214844,1724.137939453125,1272.727294921875,1272.727294921875
2026-07-31T17:11:31.921,0.01026642695069313,0.017676327377557755,303.0303039550781,1886.79248046875,1296.2962646484375,1296.2962646484375
2026-07-31T17:11:34.108,0.010406809858977795,0.01742607355117798,291.9707946777344,1923.076904296875,1320.7547607421875,1320.7547607421875
2026-07-31T17:11:36.449,0.009778129868209362,0.016937777400016785,281.6901550292969,1818.1817626953125,1320.7547607421875,1944.4444580078125
2026-07-31T17:11:38.320,0.010382398031651974,0.017017124220728874,310.0775146484375,1923.076904296875,1296.2962646484375,1296.2962646484375
2026-07-31T17:11:41.332,0.010950041003525257,0.017658010125160217,291.9707946777344,1851.851806640625,1111.111083984375,1111.111083984375
2026-07-31T17:11:43.166,0.010016173124313354,0.01716361567378044,291.9707946777344,1639.34423828125,1044.776123046875,1044.776123046875
2026-07-31T17:13:42.274,0.010211496613919735,0.01718192733824253,294.1176452636719,1960.7843017578125,909.0908813476562,909.0908813476562
2026-07-31T17:13:45.119,0.010272528044879436,0.01737113669514656,314.96063232421875,2000.0,1228.0701904296875,1228.0701904296875
2026-07-31T17:13:47.369,0.009979549795389175,0.017975395545363426,296.2962951660156,1886.79248046875,1186.440673828125,1186.440673828125
2026-07-31T17:13:49.792,0.01047394797205925,0.01716972142457962,296.2962951660156,1886.79248046875,1320.7547607421875,1320.7547607421875
2026-07-31T17:13:52.604,0.00988799799233675,0.017017126083374023,279.72027587890625,1851.851806640625,1320.7547607421875,1320.7547607421875
2026-07-31T17:13:54.869,0.010419019497931004,0.0174504853785038,294.1176452636719,1851.851806640625,1093.75,1093.75
2026-07-31T17:14:33.332,0.010016175918281078,0.01761527918279171,0.0,1851.851806640625,1093.75,1093.75
2026-07-31T17:14:36.158,0.010254220105707645,0.01726127415895462,0.0,1851.851806640625,1093.75,1093.75
2026-07-31T17:14:38.411,0.01023590937256813,0.016791291534900665,38.131553649902344,1851.851806640625,1093.75,1093.75
2026-07-31T17:14:40.850,0.010766930878162384,0.017865538597106934,44.10143280029297,1851.851806640625,1093.75,1093.75
2026-07-31T17:14:43.838,0.011029388755559921,0.01747490093111992,41.0677604675293,1851.851806640625,1093.75,1093.75
2026-07-31T17:14:46.663,0.010614336468279362,0.017383338883519173,0.0,1851.851806640625,1093.75,1093.75
2026-07-31T17:14:47.423,0.01021759957075119,0.016901159659028053,47.225502014160156,1851.851806640625,1093.75,1093.75
2026-07-31T17:14:49.148,0.010010071098804474,0.01752372831106186,0.0,1851.851806640625,1093.75,1093.75
2026-07-31T17:14:51.032,0.010138251818716526,0.016901159659028053,0.0,1851.851806640625,1093.75,1093.75
2026-07-31T17:14:52.899,0.010028380900621414,0.01707206293940544,270.270263671875,1851.851806640625,1093.75,1093.75
2026-07-31T17:14:54.784,0.010205392725765705,0.01749320887029171,270.270263671875,1851.851806640625,1093.75,1093.75
2026-07-31T17:16:04.328,0.010052795521914959,0.016992716118693352,20.0,1851.851806640625,1093.75,1093.75
2026-07-31T17:16:07.710,0.010235913097858429,0.01715751551091671,20.0,1851.851806640625,1093.75,1093.75
2026-07-31T17:18:56.771,0.010113830678164959,0.017035435885190964,0.0,1851.851806640625,0.0,0.0
2026-07-31T17:18:59.564,0.010101629421114922,0.017194129526615143,113.31444549560547,1851.851806640625,0.0,0.0
2026-07-31T17:19:00.361,0.010449536144733429,0.017029333859682083,113.31444549560547,1851.851806640625,0.0,0.0
2026-07-31T17:19:02.241,0.009778128936886787,0.017011018469929695,0.0,1851.851806640625,0.0,0.0
2026-07-31T17:19:04.108,0.010010075755417347,0.017035439610481262,63.79585266113281,1851.851806640625,0.0,0.0
2026-07-31T17:19:49.201,0.010376292280852795,0.01748100481927395,0.0,1851.851806640625,0.0,0.0
2026-07-31T17:19:50.941,0.009900204837322235,0.016895050182938576,93.24009704589844,1851.851806640625,0.0,0.0
2026-07-31T17:19:52.808,0.010144351981580257,0.017615284770727158,677.9661254882812,1851.851806640625,0.0,0.0
2026-07-31T17:19:54.690,0.009912408888339996,0.017285678535699844,0.0,1851.851806640625,0.0,0.0
2026-07-31T17:19:56.560,0.010370193980634212,0.017786191776394844,125.78616333007812,1851.851806640625,0.0,0.0
2026-07-31T17:19:58.435,0.010254221968352795,0.01715140976011753,196.07843017578125,1851.851806640625,0.0,0.0
2026-07-31T17:20:00.169,0.010095525532960892,0.01749931275844574,196.07843017578125,1851.851806640625,0.0,0.0
2026-07-31T17:20:01.905,0.010083313100039959,0.017249060794711113,196.07843017578125,0.0,0.0,0.0
2026-07-31T17:20:13.965,0.010278639383614063,0.017633594572544098,70.67137908935547,0.0,0.0,0.0
2026-07-31T17:20:16.853,0.010193184949457645,0.01737113855779171,82.30452728271484,847.4576416015625,0.0,0.0
2026-07-31T17:29:41.108,0.010132143273949623,0.016980500891804695,196.07843017578125,1851.851806640625,1707.3170166015625,1707.3170166015625
2026-07-31T17:29:45.240,0.010162659920752048,0.017773974686861038,191.0828094482422,1724.137939453125,1707.3170166015625,0.0
2026-07-31T17:33:18.672,0.010162659920752048,0.017139198258519173,191.0828094482422,66.57789611816406,972.2222290039062,972.2222290039062
2026-07-31T17:34:58.646,0.010461743921041489,0.01795709691941738,182.9268341064453,1923.076904296875,1060.6060791015625,1060.6060791015625
2026-07-31T17:35:12.408,0.010541095398366451,0.017676327377557755,197.36842346191406,1851.851806640625,0.0,1014.4927368164062
2026-07-31T17:35:17.400,0.010193183086812496,0.01706595905125141,174.41860961914062,1886.79248046875,1014.4927368164062,1014.4927368164062
2026-07-31T17:35:21.731,0.010022277943789959,0.01743827760219574,178.57142639160156,1960.7843017578125,1044.776123046875,1044.776123046875
2026-07-31T17:35:27.131,0.010541088879108429,0.01809137500822544,178.57142639160156,1960.7843017578125,1044.776123046875,1044.776123046875
2026-07-31T17:35:29.987,0.010864588432013988,0.017542047426104546,666.6666870117188,1960.7843017578125,1044.776123046875,1044.776123046875
2026-07-31T17:35:32.241,0.010620440356433392,0.017645806074142456,666.6666870117188,1960.7843017578125,1044.776123046875,1044.776123046875
2026-07-31T17:35:33.071,0.010473948903381824,0.017011018469929695,666.6666870117188,1960.7843017578125,1044.776123046875,1044.776123046875
2026-07-31T17:35:35.990,0.010351878590881824,0.017053749412298203,0.0,1960.7843017578125,1044.776123046875,1044.776123046875
2026-07-31T17:35:38.383,0.010364088229835033,0.0175725556910038,0.0,1960.7843017578125,1044.776123046875,1044.776123046875
2026-07-31T17:35:41.238,0.010357983410358429,0.01742607168853283,0.0,1960.7843017578125,1044.776123046875,1044.776123046875
2026-07-31T17:35:43.486,0.01002837996929884,0.016931671649217606,97.7198715209961,1960.7843017578125,1044.776123046875,1044.776123046875
2026-07-31T17:35:44.174,0.010284742340445518,0.01733451895415783,97.7198715209961,1960.7843017578125,1044.776123046875,1044.776123046875
2026-07-31T17:35:46.052,0.009942926466464996,0.01718192547559738,62.240665435791016,1960.7843017578125,1044.776123046875,1044.776123046875
2026-07-31T17:35:47.936,0.009796441532671452,0.016907265409827232,0.0,1960.7843017578125,1044.776123046875,1044.776123046875
2026-07-31T17:35:49.801,0.010095522738993168,0.01749930903315544,43.54136276245117,1960.7843017578125,1044.776123046875,1044.776123046875
2026-07-31T17:35:51.684,0.009918512776494026,0.01695609651505947,43.54136276245117,1960.7843017578125,1044.776123046875,1044.776123046875
2026-07-31T17:35:53.551,0.009961241856217384,0.01723686046898365,43.54136276245117,1960.7843017578125,1044.776123046875,1044.776123046875
2026-07-31T17:35:55.288,0.009967347607016563,0.01716361567378044,43.54136276245117,1960.7843017578125,1044.776123046875,1044.776123046875
2026-07-31T17:35:57.172,0.010705891996622086,0.017596982419490814,0.0,1960.7843017578125,1044.776123046875,1044.776123046875
2026-07-31T17:35:59.988,0.010040592402219772,0.016925571486353874,0.0,1851.851806640625,1029.4117431640625,1029.4117431640625
2026-07-31T17:36:00.769,0.010217602364718914,0.0170842707157135,48.30917739868164,1851.851806640625,1029.4117431640625,1029.4117431640625
2026-07-31T17:36:02.651,0.010156558826565742,0.01757866144180298,48.30917739868164,1851.851806640625,1029.4117431640625,1029.4117431640625
2026-07-31T17:36:04.518,0.010162660852074623,0.016840118914842606,48.30917739868164,1851.851806640625,1029.4117431640625,1029.4117431640625
2026-07-31T17:36:06.398,0.010058901272714138,0.017279580235481262,48.30917739868164,1851.851806640625,1029.4117431640625,1029.4117431640625
2026-07-31T17:36:08.267,0.010895107872784138,0.01818292774260044,0.0,1851.851806640625,1029.4117431640625,1029.4117431640625
2026-07-31T17:36:10.275,0.010351874865591526,0.017047647386789322,37.453182220458984,1851.851806640625,1029.4117431640625,1029.4117431640625
2026-07-31T17:36:12.031,0.010669272392988205,0.017712948843836784,37.453182220458984,1851.851806640625,1029.4117431640625,1029.4117431640625
2026-07-31T17:36:13.897,0.010022282600402832,0.017096474766731262,37.453182220458984,1851.851806640625,1029.4117431640625,1029.4117431640625
2026-07-31T17:36:15.712,0.010235914029181004,0.01721854880452156,37.453182220458984,1851.851806640625,1029.4117431640625,1029.4117431640625
2026-07-31T17:36:17.513,0.010510576888918877,0.01724907010793686,277.77777099609375,1851.851806640625,1029.4117431640625,1029.4117431640625
2026-07-31T17:36:19.250,0.010095525532960892,0.01715751364827156,277.77777099609375,1851.851806640625,1029.4117431640625,1029.4117431640625
2026-07-31T17:36:20.984,0.01001617033034563,0.017145304009318352,0.0,1851.851806640625,1029.4117431640625,1029.4117431640625
2026-07-31T17:36:24.891,0.010425123386085033,0.01762748695909977,0.0,1851.851806640625,1029.4117431640625,1029.4117431640625
2026-07-31T17:36:27.730,0.010119933634996414,0.01752372458577156,0.0,1851.851806640625,1029.4117431640625,1029.4117431640625
2026-07-31T17:36:28.496,0.010272528044879436,0.01754814013838768,15.329586029052734,1851.851806640625,1029.4117431640625,1029.4117431640625
2026-07-31T17:36:30.365,0.010168769396841526,0.01740776188671589,15.329586029052734,1851.851806640625,1029.4117431640625,1029.4117431640625
2026-07-31T17:36:32.244,0.010284737683832645,0.01699271984398365,38.26530456542969,1851.851806640625,1029.4117431640625,1029.4117431640625
2026-07-31T17:36:34.113,0.010040588676929474,0.016876742243766785,26.929981231689453,1851.851806640625,1029.4117431640625,1029.4117431640625
2026-07-31T17:36:40.478,0.009808650240302086,0.018005918711423874,26.929981231689453,1851.851806640625,1029.4117431640625,1029.4117431640625
2026-07-31T17:36:41.164,0.010779136791825294,0.018005918711423874,26.929981231689453,1851.851806640625,1029.4117431640625,1029.4117431640625
2026-07-31T17:36:43.044,0.010132145136594772,0.01724296621978283,26.929981231689453,1851.851806640625,1029.4117431640625,1029.4117431640625
2026-07-31T17:36:44.910,0.010180975310504436,0.01703544333577156,26.929981231689453,1851.851806640625,1029.4117431640625,1029.4117431640625
2026-07-31T17:36:50.981,0.010065002366900444,0.016852326691150665,26.929981231689453,1851.851806640625,1029.4117431640625,1029.4117431640625
2026-07-31T17:36:57.908,0.010071108117699623,0.01727348379790783,26.929981231689453,1851.851806640625,1029.4117431640625,1029.4117431640625
2026-07-31T17:37:00.732,0.010101629421114922,0.01709647662937641,26.929981231689453,1851.851806640625,1029.4117431640625,1029.4117431640625
2026-07-31T17:37:12.157,0.009851375594735146,0.01726737804710865,15.0,1851.851806640625,1029.4117431640625,1029.4117431640625
2026-07-31T17:37:14.981,0.010846278630197048,0.017920466139912605,15.0,1851.851806640625,1029.4117431640625,1029.4117431640625
2026-07-31T17:37:44.256,0.010052800178527832,0.01723686046898365,15.0,1851.851806640625,1029.4117431640625,1029.4117431640625
2026-07-31T17:38:06.227,0.010126042179763317,0.016779083758592606,15.0,1851.851806640625,1029.4117431640625,1029.4117431640625
2026-07-31T17:38:15.925,0.010467851534485817,0.01738334819674492,15.0,1851.851806640625,1029.4117431640625,1029.4117431640625
2026-07-31T17:38:23.246,0.010052800178527832,0.01709037646651268,15.0,1851.851806640625,1029.4117431640625,1029.4117431640625
2026-07-31T17:38:30.180,0.01031525619328022,0.017688533291220665,15.0,1851.851806640625,1029.4117431640625,1029.4117431640625
2026-07-31T17:38:45.175,0.010065006092190742,0.01743217185139656,206.89654541015625,1754.385986328125,1400.0,1400.0
2026-07-31T17:38:49.501,0.010266424156725407,0.01735282689332962,202.70269775390625,1492.537353515625,1346.15380859375,1346.15380859375
2026-07-31T17:38:57.879,0.010364086367189884,0.017096471041440964,55.658626556396484,1492.537353515625,1346.15380859375,1346.15380859375
2026-07-31T17:39:00.753,0.010272529907524586,0.017029333859682083,0.0,1492.537353515625,1346.15380859375,1346.15380859375
2026-07-31T17:39:01.786,0.010272529907524586,0.01721855066716671,0.0,1492.537353515625,1346.15380859375,1346.15380859375
2026-07-31T17:39:03.845,0.01068758126348257,0.017200244590640068,209.7902069091797,1428.5714111328125,1346.15380859375,1346.15380859375
2026-07-31T17:43:02.319,0.010083317756652832,0.01705985516309738,194.80519104003906,0.0,1346.15380859375,1346.15380859375
2026-07-31T17:43:06.064,0.009900204837322235,0.016943881288170815,205.4794464111328,1639.34423828125,1250.0,1250.0
2026-07-31T17:44:11.335,0.010449540801346302,0.0173284150660038,205.4794464111328,1250.0,1750.0,1750.0
2026-07-31T17:44:16.909,0.010296948254108429,0.01763359270989895,194.80519104003906,1612.9031982421875,0.0,1000.0
2026-07-31T17:44:19.255,0.009918516501784325,0.01702933758497238,212.76596069335938,1428.5714111328125,1000.0,1228.0701904296875
2026-07-31T17:46:15.296,0.01040681079030037,0.017389453947544098,217.3913116455078,2380.952392578125,2121.212158203125,2121.212158203125
2026-07-31T17:46:28.769,0.010388504713773727,0.01730400323867798,212.76596069335938,1818.1817626953125,588.2352905273438,588.2352905273438
2026-07-31T17:46:31.611,0.010113835334777832,0.01735282503068447,209.7902069091797,2222.22216796875,1272.727294921875,1272.727294921875
2026-07-31T17:47:35.377,0.009997866116464138,0.017206331714987755,215.82733154296875,1923.076904296875,1489.3616943359375,1489.3616943359375
2026-07-31T17:48:31.918,0.010046696290373802,0.01699882000684738,0.0,1923.076904296875,1489.3616943359375,1489.3616943359375
2026-07-31T17:49:14.383,0.010296941734850407,0.017627496272325516,272.1088562011719,1538.4615478515625,1707.3170166015625,1707.3170166015625
2026-07-31T17:49:16.806,0.010107733309268951,0.01735282503068447,296.2962951660156,2000.0,1891.891845703125,1891.891845703125
2026-07-31T17:50:28.625,0.010382398031651974,0.017749566584825516,296.2962951660156,2000.0,1891.891845703125,1891.891845703125
2026-07-31T17:50:29.644,0.010315257124602795,0.01750541478395462,296.2962951660156,2000.0,1891.891845703125,1891.891845703125
2026-07-31T17:51:01.922,0.01001006830483675,0.017023233696818352,275.862060546875,1492.537353515625,1891.891845703125,1891.891845703125
2026-07-31T17:56:10.263,0.010223697870969772,0.01734061911702156,266.6666564941406,1785.7142333984375,853.6585083007812,853.6585083007812
2026-07-31T17:56:58.100,0.010126038454473019,0.01713920198380947,277.77777099609375,1886.79248046875,0.0,1842.105224609375
2026-07-31T17:57:37.978,0.010339668951928616,0.017786189913749695,272.1088562011719,1818.1817626953125,1794.871826171875,1794.871826171875
2026-07-31T17:57:51.469,0.010077216662466526,0.016876742243766785,273.97259521484375,1818.1817626953125,853.6585083007812,853.6585083007812
2026-07-31T17:58:03.552,0.00993072334676981,0.01731620356440544,264.9006652832031,1587.3016357421875,853.6585083007812,1228.0701904296875
2026-07-31T17:59:05.048,0.010077216662466526,0.01727347820997238,287.769775390625,1886.79248046875,0.0,2187.5
2026-07-31T18:01:04.321,0.010162660852074623,0.01713309809565544,222.22222900390625,1886.79248046875,2187.5,2187.5
2026-07-31T18:01:09.711,0.00994903314858675,0.017316211014986038,222.22222900390625,1886.79248046875,2187.5,2187.5
2026-07-31T18:01:12.569,0.010425125248730183,0.01729179173707962,222.22222900390625,1886.79248046875,2187.5,2187.5
2026-07-31T18:01:14.821,0.010327466763556004,0.01728568598628044,96.38554382324219,1886.79248046875,2187.5,2187.5
2026-07-31T18:01:33.709,0.010187077336013317,0.01727958768606186,251.57232666015625,1333.3333740234375,2187.5,2187.5
2026-07-31T18:01:53.269,0.010113836266100407,0.017670216038823128,277.77777099609375,1639.34423828125,2058.823486328125,2058.823486328125
2026-07-31T18:03:00.609,0.010071108117699623,0.016821807250380516,277.77777099609375,1639.34423828125,2058.823486328125,2058.823486328125
2026-07-31T18:03:49.512,0.00991241168230772,0.01727958396077156,312.5,1351.351318359375,1186.440673828125,1186.440673828125
2026-07-31T18:04:55.747,0.010193183086812496,0.01722465269267559,312.5,1351.351318359375,1186.440673828125,1186.440673828125
2026-07-31T18:04:57.630,0.009979554452002048,0.017731251195073128,312.5,1351.351318359375,1186.440673828125,1186.440673828125
2026-07-31T18:04:59.511,0.009979554452002048,0.017731251195073128,312.5,1351.351318359375,1186.440673828125,1186.440673828125
2026-07-31T18:06:20.967,0.00997344870120287,0.01734062284231186,312.5,1351.351318359375,1186.440673828125,1186.440673828125
2026-07-31T18:06:42.731,0.01028474047780037,0.01724906824529171,312.5,1351.351318359375,1186.440673828125,1186.440673828125
2026-07-31T18:06:43.411,0.010504471138119698,0.01724906824529171,312.5,1351.351318359375,1186.440673828125,1186.440673828125
2026-07-31T18:06:51.084,0.01000396627932787,0.016956089064478874,312.5,1351.351318359375,1186.440673828125,1186.440673828125
2026-07-31T18:07:46.853,0.00992461945861578,0.01745658554136753,20.0,1351.351318359375,1186.440673828125,1186.440673828125
2026-07-31T18:07:48.586,0.009875788353383541,0.017096472904086113,20.0,1351.351318359375,1186.440673828125,1186.440673828125
2026-07-31T18:08:14.400,0.010419020429253578,0.01728568971157074,20.0,1369.863037109375,1489.3616943359375,1489.3616943359375
2026-07-31T18:08:17.247,0.009979549795389175,0.016901154071092606,20.0,1369.863037109375,1489.3616943359375,1489.3616943359375
2026-07-31T18:08:49.620,0.010089417919516563,0.016705840826034546,20.0,1369.863037109375,1489.3616943359375,1489.3616943359375
2026-07-31T18:08:51.358,0.010162664577364922,0.01721244864165783,20.0,1369.863037109375,1489.3616943359375,1489.3616943359375
2026-07-31T18:08:53.232,0.010156559757888317,0.01721244864165783,20.0,1369.863037109375,1489.3616943359375,1489.3616943359375
2026-07-31T18:08:56.673,0.010339673608541489,0.01743827387690544,430.1075134277344,1515.1514892578125,1489.3616943359375,0.0
2026-07-31T18:09:18.290,0.010205390863120556,0.01731009967625141,412.3711242675781,1587.3016357421875,440.2515869140625,1206.8966064453125
2026-07-31T18:09:56.519,0.010162669233977795,0.017133094370365143,425.53192138671875,1587.3016357421875,1206.8966064453125,0.0
2026-07-31T18:10:36.265,0.010071104392409325,0.01734062097966671,0.0,1587.3016357421875,1296.2962646484375,1296.2962646484375
2026-07-31T18:10:39.040,0.010138246230781078,0.01736503094434738,412.3711242675781,1612.9031982421875,1372.549072265625,1372.549072265625
2026-07-31T18:10:50.312,0.01003448385745287,0.01732231117784977,404.0404052734375,1724.137939453125,1372.549072265625,0.0
2026-07-31T18:10:57.269,0.010235913097858429,0.017041541635990143,0.0,1724.137939453125,1428.5714111328125,1428.5714111328125
2026-07-31T18:11:00.071,0.010180968791246414,0.017413867637515068,0.0,1724.137939453125,1428.5714111328125,1428.5714111328125
2026-07-31T18:11:02.429,0.010083314031362534,0.016791291534900665,416.6666564941406,1694.915283203125,1400.0,1400.0
2026-07-31T18:11:20.426,0.010504470206797123,0.017572559416294098,412.3711242675781,1724.137939453125,1489.3616943359375,1489.3616943359375
2026-07-31T18:11:23.556,0.010211496613919735,0.01749321073293686,412.3711242675781,1724.137939453125,1489.3616943359375,1489.3616943359375
2026-07-31T18:11:25.439,0.011090423911809921,0.017877742648124695,412.3711242675781,1724.137939453125,1489.3616943359375,0.0
2026-07-31T18:11:30.090,0.010138251818716526,0.017004918307065964,0.0,1724.137939453125,0.0,0.0
2026-07-31T18:11:32.465,0.010028380900621414,0.01724296435713768,36.33060836791992,1724.137939453125,0.0,0.0
2026-07-31T18:11:35.331,0.011017180979251862,0.017865536734461784,58.394161224365234,1724.137939453125,0.0,0.0
2026-07-31T18:11:36.224,0.010126037523150444,0.01718192920088768,449.4382019042969,1785.7142333984375,0.0,1666.6666259765625
2026-07-31T18:12:04.883,0.010504468344151974,0.01711479015648365,425.53192138671875,1315.7894287109375,1666.6666259765625,1666.6666259765625
2026-07-31T18:21:22.271,0.010113834403455257,0.01735282689332962,20.0,1315.7894287109375,1060.6060791015625,1060.6060791015625
2026-07-31T18:37:43.868,0.010797448456287384,0.01707816869020462,21.01944351196289,1315.7894287109375,1060.6060791015625,1060.6060791015625
2026-07-31T18:37:48.214,0.01032136008143425,0.01741996593773365,615.3846435546875,1923.076904296875,1093.75,1093.75
2026-07-31T18:37:56.451,0.010773035697638988,0.017914365977048874,421.0526428222656,1724.137939453125,1320.7547607421875,1320.7547607421875
2026-07-31T18:37:57.168,0.010040588676929474,0.017658008262515068,0.0,1724.137939453125,1320.7547607421875,1320.7547607421875
2026-07-31T18:37:59.050,0.010406816378235817,0.017658008262515068,0.0,1428.5714111328125,2121.212158203125,2121.212158203125
2026-08-11T11:38:12.828,0.011636708863079548,0.017517641186714172,0.7846666574478149,0.0,0.0,0.0
2026-08-11T11:38:12.980,0.011780141852796078,0.017538996413350105,0.7846666574478149,0.0,0.0,0.0
2026-08-11T11:39:30.953,0.011722159571945667,0.017841128632426262,164.61538696289062,0.0,0.0,0.0
2026-08-11T11:39:31.424,0.01180456392467022,0.017844177782535553,164.61538696289062,0.0,0.0,0.0
2026-08-11T11:39:31.577,0.01160313468426466,0.017712952569127083,164.61538696289062,0.0,0.0,0.0
2026-08-11T11:39:41.420,0.01150242704898119,0.017322320491075516,111.03773498535156,0.0,0.0,0.0
2026-08-11T11:39:48.447,0.011856436729431152,0.017481030896306038,111.03773498535156,0.0,0.0,0.0
2026-08-11T11:39:51.110,0.01181371882557869,0.017633605748414993,111.03773498535156,0.0,0.0,0.0
2026-08-11T11:39:51.422,0.011542095802724361,0.017758725211024284,111.03773498535156,0.0,0.0,0.0
2026-08-11T11:39:52.670,0.011832023970782757,0.01735282503068447,111.03773498535156,0.0,0.0,0.0
2026-08-11T11:39:53.139,0.011813713237643242,0.017856400460004807,111.03773498535156,0.0,0.0,0.0
2026-08-11T11:39:53.455,0.011673331260681152,0.017621392384171486,0.0,0.0,0.0,0.0
2026-08-11T11:39:54.235,0.011630603112280369,0.01750544086098671,1471.25,0.0,0.0,0.0
2026-08-11T11:39:54.705,0.011853388510644436,0.017798416316509247,0.0,0.0,0.0,0.0
2026-08-11T11:39:55.484,0.011777091771364212,0.01759392023086548,31.512718200683594,0.0,0.0,0.0
2026-08-11T11:39:55.793,0.011661123484373093,0.017749587073922157,0.0,0.0,0.0,0.0
2026-08-11T11:39:56.105,0.011758781969547272,0.01735895313322544,83.47517395019531,0.0,0.0,0.0
2026-08-11T11:39:57.979,0.011532948352396488,0.017758741974830627,83.47517395019531,0.0,0.0,0.0
2026-08-11T11:39:58.764,0.011676378548145294,0.017767896875739098,83.47517395019531,0.0,0.0,0.0
2026-08-11T11:39:59.233,0.011731310747563839,0.017734309658408165,83.47517395019531,0.0,0.0,0.0
2026-08-11T11:39:59.858,0.011731317266821861,0.01766413263976574,83.47517395019531,0.0,0.0,0.0
2026-08-11T11:40:00.485,0.011935788206756115,0.017645811662077904,83.47517395019531,0.0,0.0,0.0
2026-08-11T11:40:01.733,0.011813713237643242,0.017691586166620255,83.47517395019531,0.0,0.0,0.0
2026-08-11T11:40:03.140,0.011795404367148876,0.017276519909501076,83.47517395019531,0.0,0.0,0.0
2026-08-11T11:40:38.451,0.011975457891821861,0.01769157126545906,83.47517395019531,0.0,0.0,0.0
2026-08-11T11:40:49.235,0.011700797826051712,0.01756034977734089,202.9310302734375,0.0,0.0,0.0
2026-08-11T11:40:50.173,0.011865593492984772,0.017798403277993202,0.0,0.0,0.0,0.0
2026-08-11T11:40:50.485,0.01169774029403925,0.01766107976436615,101.9047622680664,0.0,0.0,0.0
2026-08-11T11:40:51.108,0.011813716031610966,0.01795404963195324,373.6507873535156,0.0,0.0,0.0
2026-08-11T11:40:51.574,0.011526845395565033,0.01763361692428589,1384.7059326171875,0.0,0.0,0.0
2026-08-11T11:40:51.895,0.011658071540296078,0.017456579953432083,1384.7059326171875,0.0,0.0,0.0
2026-08-11T11:40:52.200,0.0117648895829916,0.01774347387254238,1384.7059326171875,0.0,0.0,0.0
2026-08-11T11:40:53.759,0.011380353942513466,0.01738334447145462,331.5492858886719,0.0,0.0,0.0
2026-08-11T11:40:54.079,0.01163670513778925,0.017801456153392792,331.5492858886719,0.0,0.0,0.0
2026-08-11T11:40:54.549,0.01185338944196701,0.017767874523997307,444.15093994140625,0.0,0.0,0.0
2026-08-11T11:40:54.700,0.011862542480230331,0.01777094416320324,444.15093994140625,0.0,0.0,0.0
2026-08-11T11:40:55.486,0.011682484298944473,0.017639704048633575,444.15093994140625,0.0,0.0,0.0
2026-08-11T11:40:56.730,0.011838125996291637,0.01765192300081253,444.15093994140625,0.0,0.0,0.0
2026-08-11T11:40:57.830,0.011716051958501339,0.01725821942090988,444.15093994140625,0.0,0.0,0.0
2026-08-11T11:41:22.046,0.011694695800542831,0.017774000763893127,444.15093994140625,0.0,0.0,0.0
2026-08-11T11:41:22.510,0.011813709512352943,0.017404716461896896,444.15093994140625,0.0,0.0,0.0
2026-08-11T11:41:27.202,0.011624502949416637,0.017764847725629807,444.15093994140625,0.0,0.0,0.0
2026-08-11T11:41:32.049,0.011816761456429958,0.01762140356004238,0.0,0.0,0.0,0.0
2026-08-11T11:41:32.517,0.012057863175868988,0.017877763137221336,96.15384674072266,0.0,0.0,0.0
2026-08-11T11:41:33.608,0.01225622370839119,0.01797235570847988,4444.4443359375,0.0,0.0,0.0
2026-08-11T11:41:34.390,0.012192143127322197,0.018005941063165665,0.0,0.0,0.0,0.0
2026-08-11T11:41:34.856,0.011865593492984772,0.017584780231118202,0.0,0.0,0.0,0.0
2026-08-11T11:41:35.483,0.011990714818239212,0.01778925396502018,70.42253875732422,0.0,0.0,0.0
2026-08-11T11:41:35.954,0.011819813400506973,0.017447447404265404,0.0,0.0,0.0,0.0
2026-08-11T11:41:36.734,0.011807609349489212,0.01749321073293686,0.0,0.0,0.0,0.0
2026-08-11T11:41:37.355,0.011874748393893242,0.017773998901247978,0.0,0.0,0.0,0.0
2026-08-11T11:41:37.980,0.011807611212134361,0.018002880737185478,67.22689056396484,0.0,0.0,0.0
2026-08-11T11:41:39.391,0.011737419292330742,0.017642762511968613,487.80487060546875,0.0,0.0,0.0
2026-08-11T11:41:39.858,0.011740467511117458,0.01782282628118992,487.80487060546875,0.0,0.0,0.0
2026-08-11T11:41:40.484,0.011670275591313839,0.01760309375822544,487.80487060546875,0.0,0.0,0.0
2026-08-11T11:41:40.950,0.011716054752469063,0.017755672335624695,487.80487060546875,0.0,0.0,0.0
2026-08-11T11:41:41.418,0.011740468442440033,0.01769464649260044,487.80487060546875,0.0,0.0,0.0
2026-08-11T11:42:31.732,0.011664170771837234,0.017908276990056038,487.80487060546875,0.0,0.0,0.0
2026-08-11T11:42:32.358,0.011954095214605331,0.01774652861058712,487.80487060546875,0.0,0.0,0.0
2026-08-11T11:42:32.676,0.011636707931756973,0.017715975642204285,487.80487060546875,0.0,0.0,0.0
2026-08-11T11:42:41.269,0.01086763758212328,0.016907233744859695,487.80487060546875,0.0,0.0,0.0
2026-08-11T11:42:41.576,0.011001923121511936,0.016910294070839882,487.80487060546875,0.0,0.0,0.0
2026-08-11T11:42:42.199,0.011056861840188503,0.016861464828252792,487.80487060546875,0.0,0.0,0.0
2026-08-11T11:42:42.513,0.010895098559558392,0.016757702454924583,487.80487060546875,0.0,0.0,0.0
2026-08-11T11:42:43.453,0.010986672714352608,0.016681408509612083,487.80487060546875,0.0,0.0,0.0
2026-08-11T11:43:02.358,0.011569567024707794,0.017374182119965553,1904.761962890625,0.0,0.0,0.0
2026-08-11T11:43:02.677,0.011798454448580742,0.01787775382399559,261.4378967285156,0.0,0.0,0.0
2026-08-11T11:43:02.829,0.011709950864315033,0.017764845862984657,2352.941162109375,0.0,0.0,0.0
2026-08-11T11:43:03.136,0.011716054752469063,0.01768548972904682,2352.941162109375,0.0,0.0,0.0
2026-08-11T11:43:03.609,0.011648914776742458,0.01767023280262947,5714.28564453125,0.0,0.0,0.0
2026-08-11T11:43:03.762,0.011639759875833988,0.017639704048633575,5714.28564453125,0.0,0.0,0.0
2026-08-11T11:43:04.542,0.011798454448580742,0.017633594572544098,0.0,0.0,0.0,0.0
2026-08-11T11:43:04.861,0.011752680875360966,0.01790217123925686,201.00502014160156,0.0,0.0,0.0
2026-08-11T11:43:05.328,0.011535999365150928,0.017343662679195404,201.00502014160156,0.0,0.0,0.0
2026-08-11T11:43:05.793,0.011706902645528316,0.01772821508347988,201.00502014160156,0.0,0.0,0.0
2026-08-11T11:43:06.730,0.012036497704684734,0.018051721155643463,201.00502014160156,0.0,0.0,0.0
2026-08-11T11:43:06.887,0.011618394404649734,0.01756647415459156,0.0,0.0,0.0,0.0
2026-08-11T11:43:07.203,0.012088378891348839,0.018070029094815254,242.4242401123047,0.0,0.0,0.0
2026-08-11T11:43:09.388,0.011539047583937645,0.017841139808297157,38.79728317260742,0.0,0.0,0.0
2026-08-11T11:43:09.699,0.011786247603595257,0.017929641529917717,396.03961181640625,0.0,0.0,0.0
2026-08-11T11:43:39.542,0.011883898638188839,0.0176305640488863,396.03961181640625,0.0,0.0,0.0
2026-08-11T11:43:40.014,0.011697746813297272,0.01776789501309395,396.03961181640625,0.0,0.0,0.0
2026-08-11T11:43:40.793,0.011877805925905704,0.01764579489827156,396.03961181640625,0.0,0.0,0.0
2026-08-11T11:43:41.111,0.011694693937897682,0.01765800267457962,396.03961181640625,0.0,0.0,0.0
2026-08-11T11:43:42.046,0.012027343735098839,0.018051711842417717,396.03961181640625,0.0,0.0,0.0
2026-08-11T11:43:42.827,0.011865595355629921,0.01779841259121895,396.03961181640625,0.0,0.0,0.0
2026-08-11T11:43:42.979,0.011792350560426712,0.017581703141331673,396.03961181640625,0.0,0.0,0.0
2026-08-11T11:43:43.924,0.011548207141458988,0.017654960975050926,396.03961181640625,0.0,0.0,0.0
2026-08-11T11:43:45.175,0.01186865009367466,0.017850277945399284,396.03961181640625,0.0,0.0,0.0
2026-08-11T11:43:46.107,0.011664173565804958,0.017694639042019844,396.03961181640625,0.0,0.0,0.0
2026-08-11T11:43:47.041,0.011911367066204548,0.017523713409900665,396.03961181640625,0.0,0.0,0.0
2026-08-11T11:43:48.138,0.011651966720819473,0.017331458628177643,396.03961181640625,0.0,0.0,0.0
2026-08-11T11:43:48.296,0.011694694869220257,0.01730703003704548,396.03961181640625,0.0,0.0,0.0
2026-08-11T11:44:11.426,0.011969353072345257,0.017557324841618538,396.03961181640625,0.0,0.0,0.0
2026-08-11T11:44:12.980,0.01182287186384201,0.017819764092564583,0.0,0.0,0.0,0.0
2026-08-11T11:44:13.294,0.011572620831429958,0.017584748566150665,174.6724853515625,0.0,0.0,0.0
2026-08-11T11:44:13.609,0.01153599750250578,0.017499297857284546,174.6724853515625,0.0,0.0,0.0
2026-08-11T11:44:13.928,0.011880854144692421,0.017804501578211784,174.6724853515625,0.0,0.0,0.0
2026-08-11T11:44:14.235,0.011850330978631973,0.01760612614452839,174.6724853515625,0.0,0.0,0.0
2026-08-11T11:44:15.482,0.011896111071109772,0.017664115875959396,174.6724853515625,0.0,0.0,0.0
2026-08-11T11:44:15.792,0.011731314472854137,0.017935743555426598,174.6724853515625,0.0,0.0,0.0
2026-08-11T11:44:16.108,0.011551253497600555,0.0175237488001585,174.6724853515625,0.0,0.0,0.0
2026-08-11T11:44:16.261,0.011624499224126339,0.01756647415459156,174.6724853515625,0.0,0.0,0.0
2026-08-11T11:44:16.581,0.012073113583028316,0.01774653233587742,174.6724853515625,0.0,0.0,0.0
2026-08-11T11:44:16.732,0.011535998433828354,0.01736503839492798,174.6724853515625,0.0,0.0,0.0
2026-08-11T11:44:17.201,0.011798455379903316,0.017484068870544434,174.6724853515625,0.0,0.0,0.0
2026-08-11T11:44:17.362,0.011868643574416637,0.01764276809990406,174.6724853515625,0.0,0.0,0.0
2026-08-11T11:44:20.011,0.011911369860172272,0.017935747280716896,174.6724853515625,0.0,0.0,0.0
2026-08-11T11:44:20.329,0.01191442459821701,0.017798416316509247,174.6724853515625,0.0,0.0,0.0
2026-08-11T11:44:20.481,0.011703841388225555,0.01762446202337742,174.6724853515625,0.0,0.0,0.0
2026-08-11T11:44:20.637,0.011703848838806152,0.017880816012620926,174.6724853515625,0.0,0.0,0.0
2026-08-11T11:44:20.802,0.012021240778267384,0.01768549717962742,174.6724853515625,0.0,0.0,0.0
2026-08-11T11:44:21.110,0.011658071540296078,0.017847243696451187,174.6724853515625,0.0,0.0,0.0
2026-08-11T11:44:21.261,0.011511585675179958,0.017908282577991486,174.6724853515625,0.0,0.0,0.0
2026-08-11T11:44:39.080,0.012042606249451637,0.018185988068580627,174.6724853515625,0.0,0.0,0.0
2026-08-11T11:44:39.545,0.011532943695783615,0.01742914319038391,0.0,0.0,0.0,0.0
2026-08-11T11:44:39.858,0.011746573261916637,0.017825869843363762,533.3333129882812,0.0,0.0,0.0
2026-08-11T11:44:40.331,0.011661120690405369,0.017725173383951187,0.0,0.0,0.0,0.0
2026-08-11T11:44:40.639,0.011850334703922272,0.017697686329483986,677.9661254882812,0.0,0.0,0.0
2026-08-11T11:44:41.581,0.011606190353631973,0.01748710125684738,0.0,0.0,0.0,0.0
2026-08-11T11:44:44.390,0.011865595355629921,0.01784418150782585,14.064697265625,0.0,0.0,0.0
2026-08-11T11:44:44.703,0.011691638268530369,0.018045615404844284,14.064697265625,0.0,0.0,0.0
2026-08-11T11:44:45.174,0.01194799318909645,0.017886914312839508,14.064697265625,0.0,0.0,0.0
2026-08-11T11:44:45.483,0.011496326886117458,0.01760004460811615,14.064697265625,0.0,0.0,0.0
2026-08-11T11:44:59.706,0.011966302059590816,0.017966261133551598,14.064697265625,0.0,0.0,0.0
2026-08-11T11:45:04.704,0.011645865626633167,0.01746882125735283,212.76596069335938,0.0,0.0,0.0
2026-08-11T11:45:05.013,0.011783193796873093,0.01788996532559395,212.76596069335938,0.0,0.0,0.0
2026-08-11T11:45:05.796,0.011804558336734772,0.017624441534280777,212.76596069335938,0.0,0.0,0.0
2026-08-11T11:45:06.729,0.011734365485608578,0.017780102789402008,0.0,0.0,0.0,0.0
2026-08-11T11:45:07.048,0.011575673706829548,0.01775263249874115,800.0,0.0,0.0,0.0
2026-08-11T11:45:13.301,0.011535998433828354,0.017722113057971,152.6717529296875,0.0,0.0,0.0
2026-08-11T11:45:13.762,0.011832023970782757,0.01779230125248432,152.6717529296875,0.0,0.0,0.0
2026-08-11T11:45:13.916,0.011859489604830742,0.017520688474178314,0.0,0.0,0.0,0.0
2026-08-11T11:45:14.082,0.011862537823617458,0.01745963841676712,341.8803405761719,0.0,0.0,0.0
2026-08-11T11:45:14.395,0.011816762387752533,0.01749015785753727,0.0,0.0,0.0,0.0
2026-08-11T11:45:14.701,0.012094479985535145,0.018015092238783836,174.6724853515625,0.0,0.0,0.0
2026-08-11T11:45:14.856,0.011551251634955406,0.017661072313785553,174.6724853515625,0.0,0.0,0.0
2026-08-11T11:45:15.171,0.011612293310463428,0.017490170896053314,1739.1304931640625,0.0,0.0,0.0
2026-08-11T11:45:15.323,0.011703845113515854,0.01786249876022339,1739.1304931640625,0.0,0.0,0.0
2026-08-11T11:45:15.643,0.011578724719583988,0.017444375902414322,2857.142822265625,0.0,0.0,0.0
2026-08-11T11:45:15.949,0.011685540899634361,0.01766413077712059,2857.142822265625,0.0,0.0,0.0
2026-08-11T11:45:16.105,0.01148716825991869,0.01755731739103794,2666.666748046875,0.0,0.0,0.0
2026-08-11T11:45:16.580,0.011670279316604137,0.01760002411901951,1428.5714111328125,0.0,0.0,0.0
2026-08-11T11:45:16.886,0.011770988814532757,0.01777399331331253,1428.5714111328125,0.0,0.0,0.0
2026-08-11T11:45:45.174,0.011868644505739212,0.017700737342238426,1428.5714111328125,0.0,0.0,0.0
2026-08-11T11:45:45.481,0.011575669050216675,0.017706850543618202,1428.5714111328125,0.0,0.0,0.0
2026-08-11T11:45:46.267,0.01198156364262104,0.017673274502158165,1428.5714111328125,0.0,0.0,0.0
2026-08-11T11:45:46.424,0.011432234197854996,0.017249058932065964,1428.5714111328125,0.0,0.0,0.0
2026-08-11T11:45:46.888,0.011996817775070667,0.017539002001285553,1428.5714111328125,0.0,0.0,0.0
2026-08-11T11:45:47.052,0.011569565162062645,0.017575610429048538,1428.5714111328125,0.0,0.0,0.0
2026-08-11T11:45:48.292,0.011868644505739212,0.01730095036327839,1428.5714111328125,0.0,0.0,0.0
2026-08-11T11:45:48.455,0.011859488673508167,0.017691588029265404,1428.5714111328125,0.0,0.0,0.0
2026-08-11T11:45:48.922,0.011828976683318615,0.017642751336097717,1428.5714111328125,0.0,0.0,0.0
2026-08-11T11:45:49.078,0.011767935007810593,0.017795346677303314,1428.5714111328125,0.0,0.0,0.0
2026-08-11T11:45:49.550,0.011893059127032757,0.01781977340579033,1428.5714111328125,0.0,0.0,0.0
2026-08-11T11:45:49.702,0.01174962054938078,0.0178594458848238,1428.5714111328125,0.0,0.0,0.0
2026-08-11T11:45:50.011,0.011780141852796078,0.01756034791469574,1428.5714111328125,0.0,0.0,0.0
2026-08-11T11:45:50.640,0.011838125064969063,0.017667178064584732,1428.5714111328125,0.0,0.0,0.0
2026-08-11T11:45:50.795,0.011798454448580742,0.0178289283066988,1428.5714111328125,0.0,0.0,0.0
2026-08-11T11:45:51.261,0.01186865009367466,0.01772821694612503,1428.5714111328125,0.0,0.0,0.0
2026-08-11T11:45:51.734,0.012021234259009361,0.017801465466618538,1428.5714111328125,0.0,0.0,0.0
2026-08-11T11:45:52.202,0.011819818988442421,0.01773127354681492,1428.5714111328125,0.0,0.0,0.0
2026-08-11T11:46:03.609,0.011752676218748093,0.01741388626396656,1428.5714111328125,0.0,0.0,0.0
2026-08-11T11:46:04.075,0.011722158640623093,0.01766717992722988,0.0,0.0,0.0,0.0
2026-08-11T11:46:04.229,0.011575669050216675,0.017590869218111038,975.6097412109375,0.0,0.0,0.0
2026-08-11T11:46:04.703,0.011667224578559399,0.01730705052614212,975.6097412109375,0.0,0.0,0.0
2026-08-11T11:46:04.859,0.01197851449251175,0.01798761449754238,975.6097412109375,0.0,0.0,0.0
2026-08-11T11:46:05.014,0.011825920082628727,0.017719058319926262,975.6097412109375,0.0,0.0,0.0
2026-08-11T11:46:05.331,0.011896112002432346,0.017911333590745926,975.6097412109375,0.0,0.0,0.0
2026-08-11T11:46:05.485,0.011871695518493652,0.0178899634629488,975.6097412109375,0.0,0.0,0.0
2026-08-11T11:46:05.951,0.011801505461335182,0.01780756562948227,975.6097412109375,0.0,0.0,0.0
2026-08-11T11:46:06.105,0.011615344323217869,0.01779230311512947,975.6097412109375,0.0,0.0,0.0
2026-08-11T11:46:06.426,0.011975455097854137,0.01767939329147339,975.6097412109375,0.0,0.0,0.0
2026-08-11T11:46:06.578,0.01191442646086216,0.01786249317228794,975.6097412109375,0.0,0.0,0.0
2026-08-11T11:47:45.642,0.011896112933754921,0.017831984907388687,975.6097412109375,0.0,0.0,0.0
2026-08-11T11:47:46.264,0.011777090840041637,0.017841137945652008,975.6097412109375,0.0,0.0,0.0
2026-08-11T11:47:46.421,0.01195714995265007,0.01796320639550686,350.877197265625,0.0,0.0,0.0
2026-08-11T11:47:46.579,0.011700795032083988,0.017960159108042717,350.877197265625,0.0,0.0,0.0
2026-08-11T11:47:47.048,0.01207922212779522,0.018024243414402008,2000.0,0.0,0.0,0.0
2026-08-11T11:47:47.203,0.011944938451051712,0.017951006069779396,2000.0,0.0,0.0,0.0
2026-08-11T11:47:47.360,0.011993774212896824,0.01763361506164074,2000.0,0.0,0.0,0.0
2026-08-11T11:47:47.826,0.011764881201088428,0.017590872943401337,2000.0,0.0,0.0,0.0
2026-08-11T11:47:48.609,0.011661125347018242,0.0177984107285738,1666.6666259765625,0.0,0.0,0.0
2026-08-11T11:47:48.922,0.012097532860934734,0.018231777474284172,1666.6666259765625,0.0,0.0,0.0
2026-08-11T11:47:49.390,0.011792349629104137,0.017548156902194023,1666.6666259765625,0.0,0.0,0.0
2026-08-11T11:47:57.045,0.011020238511264324,0.01686146669089794,1666.6666259765625,0.0,0.0,0.0
2026-08-11T11:47:58.612,0.011252176016569138,0.016797369346022606,2500.0,0.0,0.0,0.0
2026-08-11T11:47:59.394,0.010718097910284996,0.016785159707069397,0.0,0.0,0.0,0.0
2026-08-11T11:47:59.705,0.010718101635575294,0.016800427809357643,236.68638610839844,0.0,0.0,0.0
2026-08-11T11:48:00.326,0.010837121866643429,0.016745496541261673,236.68638610839844,0.0,0.0,0.0
2026-08-11T11:48:01.262,0.0113467862829566,0.01697743497788906,53.404541015625,0.0,0.0,0.0
2026-08-11T11:48:02.359,0.010815753601491451,0.01697743497788906,53.404541015625,0.0,0.0,0.0
2026-08-11T11:48:03.295,0.010986668057739735,0.01707814820110798,53.404541015625,0.0,0.0,0.0
2026-08-11T11:48:04.077,0.010959191247820854,0.01697743497788906,53.404541015625,0.0,0.0,0.0
2026-08-11T11:48:04.391,0.010870687663555145,0.01679432950913906,53.404541015625,0.0,0.0,0.0
2026-08-11T11:48:12.829,0.011142317205667496,0.017157496884465218,53.404541015625,0.0,0.0,0.0
2026-08-11T11:48:13.611,0.010998869314789772,0.017300931736826897,53.404541015625,0.0,0.0,0.0
2026-08-11T11:48:14.232,0.010913423262536526,0.016821788623929024,53.404541015625,0.0,0.0,0.0
2026-08-11T11:48:15.798,0.011188080534338951,0.016907241195440292,53.404541015625,0.0,0.0,0.0
2026-08-11T11:48:16.425,0.011227765120565891,0.01705983653664589,53.404541015625,0.0,0.0,0.0
2026-08-11T11:48:16.891,0.011233866214752197,0.01694691926240921,140.84507751464844,0.0,0.0,0.0
2026-08-11T11:48:17.204,0.01078828889876604,0.01692860573530197,140.84507751464844,0.0,0.0,0.0
2026-08-11T11:48:17.983,0.01097751036286354,0.017053738236427307,140.84507751464844,0.0,0.0,0.0
2026-08-11T11:48:18.450,0.011188092641532421,0.016855362802743912,259.7402648925781,0.0,0.0,0.0
2026-08-11T11:48:18.923,0.011181985028088093,0.016980482265353203,259.7402648925781,0.0,0.0,0.0
